"gene_id","WT_1","WT_2","IR1_1","IR1_2","IR2_1","IR2_2"
"ENSG00000227232.4",671,546,535,575,532,515
"ENSG00000238009.2",61,51,52,68,135,114
"ENSG00000233750.3",12,10,13,9,19,27
"ENSG00000237683.5",931,727,883,879,828,1328
"ENSG00000268903.1",13,10,15,17,26,17
"ENSG00000239906.1",14,17,16,27,17,31
"ENSG00000241860.2",287,265,317,321,261,314
"ENSG00000241599.1",35,38,32,22,23,23
"ENSG00000228463.4",184,196,228,270,657,420
"ENSG00000237094.7",85,90,92,100,113,183
"ENSG00000230021.3",5,4,4,11,13,28
"ENSG00000237973.1",190,119,74,161,145,104
"ENSG00000229344.1",13,10,11,29,19,15
"ENSG00000198744.5",54,50,27,65,74,62
"ENSG00000229376.3",5,1,5,11,11,16
"ENSG00000224956.5",45,60,61,90,60,100
"ENSG00000235373.1",70,43,52,50,38,69
"ENSG00000240618.1",24,23,16,23,24,35
"ENSG00000228327.2",224,198,230,191,229,248
"ENSG00000237491.4",68,72,110,90,82,122
"ENSG00000177757.1",29,15,19,19,26,30
"ENSG00000225880.4",113,88,80,114,71,65
"ENSG00000228794.4",184,157,252,329,359,289
"ENSG00000272438.1",3,2,19,10,9,13
"ENSG00000230699.2",12,22,60,56,36,69
"ENSG00000223764.2",62,37,93,87,39,30
"ENSG00000187634.6",73,56,73,122,80,52
"ENSG00000188976.6",3483,3185,5522,7162,5922,3358
"ENSG00000187961.9",1217,1080,1181,1537,1148,958
"ENSG00000187583.6",53,30,101,85,99,107
"ENSG00000187642.5",33,52,49,39,57,40
"ENSG00000272512.1",29,18,22,22,25,43
"ENSG00000188290.6",423,412,392,476,496,346
"ENSG00000187608.5",224,219,325,372,259,123
"ENSG00000188157.9",10779,9611,8320,11417,9405,6880
"ENSG00000217801.5",169,149,171,273,308,286
"ENSG00000273443.1",22,21,19,38,20,44
"ENSG00000237330.2",7,12,9,12,13,18
"ENSG00000131591.13",1146,1018,952,1128,1128,1062
"ENSG00000162571.9",27,20,18,36,21,21
"ENSG00000186891.9",17,7,15,7,28,7
"ENSG00000186827.6",15,20,3,29,25,17
"ENSG00000078808.12",2681,2442,2491,3368,3388,1973
"ENSG00000176022.3",500,466,883,1170,1269,934
"ENSG00000184163.3",104,68,59,60,86,87
"ENSG00000260179.1",18,13,17,23,35,33
"ENSG00000160087.16",1176,1062,1524,1648,1736,1468
"ENSG00000230415.1",32,36,15,18,15,31
"ENSG00000162572.15",125,135,62,119,97,144
"ENSG00000131584.14",2016,1808,2056,2398,2306,2352
"ENSG00000169972.7",446,395,617,852,667,415
"ENSG00000127054.14",3032,2823,3321,4021,3516,2807
"ENSG00000240731.1",65,67,76,81,89,92
"ENSG00000224051.2",469,413,562,722,703,494
"ENSG00000169962.4",239,182,220,223,232,262
"ENSG00000107404.13",3405,3057,3591,4771,3758,3064
"ENSG00000162576.12",997,924,1039,1338,1077,1003
"ENSG00000175756.9",2035,1896,2103,2514,2330,1099
"ENSG00000221978.7",5340,4989,4610,5267,4841,5140
"ENSG00000224870.3",375,327,430,622,538,402
"ENSG00000242485.1",782,751,927,1027,933,572
"ENSG00000272455.1",99,125,120,144,134,102
"ENSG00000235098.4",6,10,8,13,3,10
"ENSG00000225285.1",30,33,41,54,40,46
"ENSG00000179403.10",366,324,307,411,245,183
"ENSG00000215915.5",8,8,21,34,16,12
"ENSG00000160072.15",1689,1476,1808,2237,2054,1797
"ENSG00000197785.9",1601,1382,1952,2538,2324,1606
"ENSG00000205090.4",23,13,18,15,21,16
"ENSG00000160075.10",1931,1733,1783,2468,2286,1285
"ENSG00000215014.3",42,35,30,41,29,17
"ENSG00000228594.1",323,344,334,458,420,300
"ENSG00000272106.1",153,138,187,248,195,132
"ENSG00000197530.8",1952,1740,1796,2074,2032,2095
"ENSG00000189409.8",23,15,22,12,14,29
"ENSG00000248333.3",588,491,559,704,636,651
"ENSG00000189339.7",3697,3433,3934,4683,3929,3450
"ENSG00000269737.1",261,228,265,276,298,368
"ENSG00000269227.1",63,78,57,79,58,82
"ENSG00000215914.3",2,6,14,12,6,8
"ENSG00000008128.18",148,157,159,186,187,188
"ENSG00000268575.1",298,260,252,301,225,285
"ENSG00000227775.3",331,312,359,336,350,281
"ENSG00000215790.2",507,449,490,570,454,360
"ENSG00000008130.11",2475,2331,2268,2848,2431,1674
"ENSG00000078369.13",3285,3492,4764,5945,5641,2873
"ENSG00000231050.1",18,11,5,11,20,12
"ENSG00000169885.5",15,14,3,12,12,4
"ENSG00000178821.8",156,171,99,155,104,54
"ENSG00000142609.13",20,43,24,85,58,30
"ENSG00000187730.6",6,4,5,18,16,6
"ENSG00000067606.11",72,43,106,161,90,85
"ENSG00000182873.4",51,49,91,133,130,100
"ENSG00000162585.12",798,736,1010,1350,1106,722
"ENSG00000203301.2",8,11,8,8,9,11
"ENSG00000157933.9",2080,1800,2486,3135,2671,2359
"ENSG00000116151.9",118,123,159,171,187,151
"ENSG00000269896.1",10,11,14,8,13,9
"ENSG00000271847.1",4,2,3,2,13,12
"ENSG00000157916.14",1471,1314,1581,2097,1928,1299
"ENSG00000157911.5",280,215,244,351,317,245
"ENSG00000149527.13",23,27,30,73,61,52
"ENSG00000157881.9",1430,1282,1391,1962,1456,991
"ENSG00000272449.1",28,27,26,40,40,36
"ENSG00000238164.2",26,19,28,42,13,13
"ENSG00000157873.13",130,100,211,281,113,99
"ENSG00000228037.1",11,9,11,10,10,6
"ENSG00000157870.10",235,207,321,432,261,182
"ENSG00000142606.11",23,11,20,36,16,17
"ENSG00000215912.7",53,33,71,110,99,117
"ENSG00000142611.12",20,20,17,47,49,25
"ENSG00000130762.10",25,26,38,84,316,319
"ENSG00000162591.11",82,52,169,256,608,714
"ENSG00000238260.1",1,13,12,9,13,17
"ENSG00000158109.10",346,282,332,481,416,156
"ENSG00000116213.11",825,768,887,1069,777,477
"ENSG00000078900.10",445,288,246,352,485,364
"ENSG00000227589.1",20,15,6,9,10,17
"ENSG00000235131.1",20,25,4,7,13,21
"ENSG00000227372.6",1769,1507,1509,1874,1514,1343
"ENSG00000162592.4",68,65,39,66,64,43
"ENSG00000235169.3",788,792,707,821,736,527
"ENSG00000130764.5",1226,951,1451,1778,1470,968
"ENSG00000266075.1",8,4,16,15,17,21
"ENSG00000272153.1",34,23,37,35,39,39
"ENSG00000116198.8",956,820,1305,1666,1417,1104
"ENSG00000169598.11",254,188,247,331,239,224
"ENSG00000198912.6",956,825,696,933,757,516
"ENSG00000236423.1",21,29,32,23,63,35
"ENSG00000196581.6",8,19,5,5,18,17
"ENSG00000131697.13",1246,1044,1161,1482,1258,1078
"ENSG00000069424.10",342,294,465,635,494,347
"ENSG00000116254.13",44,34,54,81,76,47
"ENSG00000116251.5",5385,5303,5655,6633,5366,2128
"ENSG00000226944.1",21,23,45,44,35,16
"ENSG00000158286.8",491,392,914,915,765,846
"ENSG00000116237.11",942,895,1067,1520,1303,790
"ENSG00000225077.2",4,3,11,12,18,14
"ENSG00000158292.6",103,105,68,105,147,119
"ENSG00000097021.15",798,704,662,811,687,265
"ENSG00000069812.7",15,8,7,11,10,8
"ENSG00000187017.10",362,291,76,89,95,85
"ENSG00000215788.5",25,11,15,38,37,9
"ENSG00000171680.16",32,33,39,55,62,38
"ENSG00000162408.10",1740,1498,2125,2636,2171,1708
"ENSG00000229519.2",45,31,39,40,23,27
"ENSG00000173662.15",55,43,33,65,48,34
"ENSG00000204859.7",630,591,1039,1155,1074,942
"ENSG00000162413.12",2924,2613,2662,3402,2994,2199
"ENSG00000116273.5",969,761,956,1187,1053,759
"ENSG00000041988.11",482,382,423,505,357,280
"ENSG00000007923.11",858,741,1121,1416,1375,944
"ENSG00000237436.1",30,13,21,22,26,19
"ENSG00000171735.14",208,220,319,416,349,239
"ENSG00000227950.1",8,4,8,18,10,8
"ENSG00000049245.8",589,503,594,669,638,327
"ENSG00000269925.1",13,15,13,3,10,3
"ENSG00000049246.10",494,469,643,757,636,476
"ENSG00000236266.1",6,13,17,3,17,14
"ENSG00000049249.4",4,4,6,18,24,9
"ENSG00000116288.8",2661,2465,2937,3756,3094,1016
"ENSG00000116285.8",51,82,20,26,72,42
"ENSG00000162426.10",4,14,10,14,20,6
"ENSG00000142599.13",1766,1482,2257,2698,2654,2611
"ENSG00000232912.1",19,11,18,35,14,27
"ENSG00000270282.1",7,6,12,5,15,14
"ENSG00000234619.1",28,29,58,37,37,49
"ENSG00000224315.2",57,50,78,59,78,127
"ENSG00000226545.1",32,20,57,60,44,54
"ENSG00000228423.2",43,26,59,48,43,59
"ENSG00000074800.9",60492,54570,53742,71145,60193,21284
"ENSG00000236269.1",173,160,116,163,134,126
"ENSG00000131686.10",3,2,7,11,7,10
"ENSG00000197241.3",15,6,6,33,20,7
"ENSG00000142583.13",10,7,10,18,20,11
"ENSG00000180758.10",9,16,8,44,26,12
"ENSG00000049239.8",695,624,513,711,676,430
"ENSG00000171621.9",6,8,1,12,29,9
"ENSG00000171612.6",454,404,550,644,556,309
"ENSG00000231181.1",19,15,18,17,9,19
"ENSG00000188807.8",592,510,696,854,811,775
"ENSG00000171608.11",1499,1272,659,855,563,425
"ENSG00000231789.2",161,140,75,96,71,33
"ENSG00000171603.12",1103,919,902,1251,1106,536
"ENSG00000178585.10",648,620,367,486,368,232
"ENSG00000162441.7",417,380,483,520,459,353
"ENSG00000228150.1",15,13,21,13,20,16
"ENSG00000173614.9",103,126,191,246,234,149
"ENSG00000202415.1",7,6,12,5,8,18
"ENSG00000130939.14",2276,2014,2381,3121,2765,2049
"ENSG00000224340.1",4,13,15,6,6,15
"ENSG00000233623.2",47,31,39,43,38,50
"ENSG00000054523.12",2266,2010,2243,2991,2030,1411
"ENSG00000142657.16",6093,5557,4956,6517,5469,2333
"ENSG00000175279.17",40,36,44,92,53,39
"ENSG00000241563.2",13,4,7,16,11,18
"ENSG00000160049.7",1359,1268,2328,2857,2089,1383
"ENSG00000142655.8",612,606,695,888,810,470
"ENSG00000243267.2",4,10,8,16,5,9
"ENSG00000130940.10",23,30,38,88,50,47
"ENSG00000175262.10",12,9,3,23,25,9
"ENSG00000120948.11",2766,2452,2799,3450,3174,2010
"ENSG00000009724.12",36,42,50,54,63,70
"ENSG00000271895.1",16,13,17,30,26,32
"ENSG00000116649.5",1062,897,1342,1814,1551,696
"ENSG00000171824.9",1964,1606,2236,2791,2267,1655
"ENSG00000226849.1",16,16,22,24,16,10
"ENSG00000198793.8",3481,3013,3428,4641,4160,2720
"ENSG00000225602.1",12,4,10,21,7,11
"ENSG00000171819.4",61,40,50,51,39,35
"ENSG00000120942.9",398,358,434,614,535,263
"ENSG00000204624.6",23,17,19,40,45,14
"ENSG00000235643.1",4,5,6,9,20,15
"ENSG00000116661.9",72,59,89,164,36,42
"ENSG00000132879.9",436,412,413,581,297,264
"ENSG00000116663.6",621,586,563,684,399,189
"ENSG00000116670.10",1697,1663,1637,2215,1986,702
"ENSG00000162490.6",11,12,3,10,11,5
"ENSG00000177674.11",738,621,638,814,665,273
"ENSG00000215910.3",123,138,72,103,92,71
"ENSG00000177000.6",3210,2798,5829,7206,6525,4543
"ENSG00000011021.17",1448,1173,1069,1473,1231,1129
"ENSG00000242349.1",27,26,15,5,20,37
"ENSG00000175206.6",17,16,7,9,23,18
"ENSG00000199347.1",20,22,28,24,34,7
"ENSG00000116685.11",2175,1913,1745,2286,2005,1109
"ENSG00000083444.12",5712,5024,3715,5660,6248,2860
"ENSG00000116688.12",3020,2557,3069,3784,3507,1972
"ENSG00000116691.6",2246,2006,1570,1863,1075,726
"ENSG00000202461.1",28,19,16,21,6,11
"ENSG00000120949.10",252,213,185,284,159,116
"ENSG00000028137.12",1125,965,2211,3384,2890,1544
"ENSG00000048707.9",5849,5311,10417,12266,10713,9264
"ENSG00000239149.1",26,26,24,23,23,5
"ENSG00000162496.4",1816,1660,1073,1415,1018,618
"ENSG00000221340.1",10,7,10,5,2,1
"ENSG00000272482.1",88,62,47,54,43,31
"ENSG00000204518.2",17,10,13,8,15,8
"ENSG00000188984.7",14,3,3,10,5,3
"ENSG00000157330.5",12,8,1,14,6,4
"ENSG00000116726.4",15,6,8,12,12,8
"ENSG00000116721.9",11,18,4,15,34,12
"ENSG00000204513.5",6,9,9,26,24,11
"ENSG00000179172.7",16,7,12,17,13,14
"ENSG00000120952.4",9,13,8,21,39,11
"ENSG00000243073.3",13,18,5,30,19,12
"ENSG00000232423.3",4,5,4,16,12,2
"ENSG00000229571.2",11,5,9,28,24,6
"ENSG00000162493.12",2,12,5,8,13,4
"ENSG00000116731.18",869,715,858,1192,985,883
"ENSG00000234593.1",18,12,5,8,36,26
"ENSG00000189337.11",246,215,846,1024,677,604
"ENSG00000175147.7",0,1,1,5,16,11
"ENSG00000171729.9",8,6,49,90,132,89
"ENSG00000142621.15",31,30,188,264,314,327
"ENSG00000228140.1",1,7,10,13,5,4
"ENSG00000142634.8",667,632,1325,1756,1469,1113
"ENSG00000162438.7",11,13,3,9,26,15
"ENSG00000142615.7",4,5,4,11,16,13
"ENSG00000215704.5",21,10,21,33,52,32
"ENSG00000132906.13",652,589,616,794,737,467
"ENSG00000116138.8",698,638,666,804,741,492
"ENSG00000116771.5",14,18,24,33,20,27
"ENSG00000235084.2",8,7,6,18,11,4
"ENSG00000197312.7",1438,1179,1976,2476,2443,1867
"ENSG00000116786.7",2953,2715,2841,3470,3096,2383
"ENSG00000237938.1",41,23,32,26,35,31
"ENSG00000162461.7",12,10,10,31,39,20
"ENSG00000162460.6",11,10,4,15,5,4
"ENSG00000162458.8",14,13,9,10,32,14
"ENSG00000233954.4",411,362,601,583,546,252
"ENSG00000178715.7",6,6,12,2,6,10
"ENSG00000179743.2",285,298,418,506,504,260
"ENSG00000065526.6",6699,5702,8933,10751,8902,8553
"ENSG00000116809.7",916,802,1082,1467,1332,1207
"ENSG00000234607.2",8,8,13,20,20,15
"ENSG00000173641.13",25,42,34,54,75,61
"ENSG00000186510.7",21,31,41,60,90,71
"ENSG00000184908.13",54,31,59,84,111,78
"ENSG00000185519.8",9,13,21,21,42,18
"ENSG00000142627.9",31,31,25,84,35,20
"ENSG00000142632.12",561,519,1400,1712,2123,1570
"ENSG00000237276.4",62,62,101,124,162,109
"ENSG00000204377.3",37,41,111,158,118,98
"ENSG00000132881.7",247,234,571,724,638,288
"ENSG00000037637.6",1198,1230,1655,2074,1909,1224
"ENSG00000055070.12",1465,1328,1828,2299,1924,1221
"ENSG00000226457.1",23,21,18,14,22,29
"ENSG00000187144.7",42,32,50,78,53,42
"ENSG00000157191.15",1393,1241,1384,1755,1347,701
"ENSG00000226029.1",55,46,67,92,66,85
"ENSG00000080947.10",281,270,363,350,246,388
"ENSG00000206652.1",54,74,94,130,75,36
"ENSG00000261135.1",15,11,22,25,20,16
"ENSG00000233421.3",5,4,41,51,29,26
"ENSG00000219481.6",998,882,1364,1681,1193,949
"ENSG00000271732.1",12,16,18,9,21,19
"ENSG00000215908.5",3001,2583,2835,2989,2472,2903
"ENSG00000186301.7",118,96,105,181,129,103
"ENSG00000236698.1",5,10,9,14,9,6
"ENSG00000268869.1",26,23,79,115,70,96
"ENSG00000058453.12",317,253,469,622,419,532
"ENSG00000186715.6",80,49,60,112,122,47
"ENSG00000228549.2",7,6,69,68,66,34
"ENSG00000207005.1",44,39,44,66,42,18
"ENSG00000159363.13",1244,1067,1272,1923,1376,805
"ENSG00000117118.5",1299,1204,1552,2064,1746,488
"ENSG00000117115.8",17,10,8,31,17,6
"ENSG00000142623.8",10,14,6,27,19,10
"ENSG00000142619.4",10,18,12,22,33,11
"ENSG00000159339.9",16,17,10,30,22,8
"ENSG00000256049.2",10,11,5,31,14,8
"ENSG00000179051.9",4883,4663,6239,7999,6917,3904
"ENSG00000074964.12",30,40,17,50,59,32
"ENSG00000117148.6",9,5,87,119,159,77
"ENSG00000179023.7",9,10,14,17,31,13
"ENSG00000009709.7",5,2,13,45,8,7
"ENSG00000179002.5",4,3,1,10,21,1
"ENSG00000159423.12",146,161,217,291,220,119
"ENSG00000169991.6",14,27,32,36,41,33
"ENSG00000272084.1",39,28,62,51,60,47
"ENSG00000127481.10",21309,18657,33681,42569,35721,25569
"ENSG00000266098.1",13,18,24,28,15,17
"ENSG00000230424.1",53,42,35,60,62,57
"ENSG00000127463.9",2049,1816,2190,2846,2631,1554
"ENSG00000053372.4",1043,786,1240,1425,1495,873
"ENSG00000211454.9",25,19,30,41,42,52
"ENSG00000162482.4",29,26,51,59,77,65
"ENSG00000270728.1",42,36,38,51,44,41
"ENSG00000053371.8",1164,1176,1111,1515,1252,517
"ENSG00000040487.8",436,428,470,638,772,574
"ENSG00000077549.13",2732,2438,2958,3885,3467,1518
"ENSG00000173436.9",230,200,297,335,335,144
"ENSG00000226396.1",54,55,41,67,53,116
"ENSG00000158747.9",23,20,3,29,25,9
"ENSG00000162542.9",20,18,91,121,188,117
"ENSG00000169914.5",924,779,1303,1319,1035,977
"ENSG00000187980.6",8,7,10,8,25,15
"ENSG00000225986.1",16,24,38,65,52,26
"ENSG00000162543.5",163,115,458,630,599,346
"ENSG00000158816.11",42,20,23,65,32,19
"ENSG00000162545.5",12,14,81,88,169,183
"ENSG00000090432.5",377,358,470,587,583,298
"ENSG00000183114.6",18,8,16,35,89,65
"ENSG00000158828.5",139,137,238,296,303,185
"ENSG00000117242.7",29,40,28,42,55,37
"ENSG00000244038.5",3116,2672,2643,4213,3445,972
"ENSG00000117245.8",30,23,31,53,35,23
"ENSG00000189410.7",17,15,16,39,29,30
"ENSG00000127483.13",6132,5434,8190,8907,7306,6697
"ENSG00000075151.15",1130,995,2138,2330,1981,2023
"ENSG00000233072.1",1,3,11,4,14,5
"ENSG00000235112.1",16,10,37,26,34,21
"ENSG00000266867.1",2,4,9,11,14,10
"ENSG00000117298.10",740,688,2066,2725,3091,2057
"ENSG00000236936.1",3,4,10,11,18,10
"ENSG00000231105.1",5,3,21,16,17,20
"ENSG00000227001.2",8,17,15,11,31,9
"ENSG00000142794.14",170,123,187,221,202,175
"ENSG00000162551.9",22,10,9,30,41,14
"ENSG00000076864.15",2826,2520,1728,2199,1718,1308
"ENSG00000090686.11",4420,3807,5738,6739,5395,4346
"ENSG00000231978.2",17,13,18,13,10,21
"ENSG00000187942.7",31,19,29,42,22,26
"ENSG00000142798.12",19451,16721,19449,26996,14604,11257
"ENSG00000232037.2",13,1,21,18,10,14
"ENSG00000219073.3",7,5,11,8,16,6
"ENSG00000142789.15",9,6,6,11,15,4
"ENSG00000218510.3",118,147,126,186,190,65
"ENSG00000070831.11",2818,2577,3007,3758,3403,1363
"ENSG00000230068.2",22,33,22,30,34,29
"ENSG00000271428.1",10,13,18,14,4,13
"ENSG00000271840.1",12,20,25,23,38,22
"ENSG00000162552.10",30,23,25,56,60,46
"ENSG00000184677.12",1659,1394,2622,3068,2748,2179
"ENSG00000237200.1",13,11,23,25,21,30
"ENSG00000070886.6",22,22,15,33,34,15
"ENSG00000133216.12",26,18,14,66,55,18
"ENSG00000215906.4",6,4,6,14,26,14
"ENSG00000004487.11",5986,5177,8153,10270,6355,4272
"ENSG00000240553.1",45,62,58,54,32,28
"ENSG00000266802.1",11,15,4,3,4,3
"ENSG00000169641.9",1084,931,1406,1596,1612,1089
"ENSG00000229010.1",13,20,14,31,28,18
"ENSG00000252578.1",1,5,4,2,14,11
"ENSG00000179546.3",13,2,3,14,28,9
"ENSG00000261326.2",273,232,367,335,268,317
"ENSG00000125944.14",4822,4222,4860,5932,4754,3059
"ENSG00000125945.10",262,249,404,532,361,226
"ENSG00000249087.3",328,261,290,367,280,235
"ENSG00000204219.5",27,17,28,29,39,28
"ENSG00000088280.14",1105,910,730,913,903,752
"ENSG00000007968.6",859,732,615,892,844,654
"ENSG00000117318.8",1165,1163,233,289,609,312
"ENSG00000142676.8",18760,16643,18108,21946,17647,7241
"ENSG00000203589.2",16,17,24,13,21,25
"ENSG00000244609.2",5,9,9,28,15,9
"ENSG00000011007.8",1084,925,1212,1472,1500,1096
"ENSG00000236810.1",70,58,106,112,97,75
"ENSG00000057757.5",1268,1031,1265,1621,1315,699
"ENSG00000011009.6",984,791,1093,1462,1353,627
"ENSG00000117308.10",707,602,951,1224,1110,613
"ENSG00000117305.10",655,594,750,940,910,397
"ENSG00000179163.11",241,236,251,357,331,115
"ENSG00000189266.7",908,752,1068,1340,1082,711
"ENSG00000188529.10",933,809,902,1100,1014,755
"ENSG00000142661.14",24,19,19,42,46,21
"ENSG00000142677.3",8,13,3,18,22,8
"ENSG00000185436.7",7,5,10,22,24,7
"ENSG00000158055.11",11,7,9,19,28,15
"ENSG00000001460.13",162,108,151,205,195,145
"ENSG00000001461.12",764,670,1142,1459,1268,858
"ENSG00000117602.7",25,13,31,56,49,36
"ENSG00000133226.12",4809,4115,4342,5435,4036,3884
"ENSG00000169504.10",943,847,1205,1490,1423,826
"ENSG00000020633.14",20,8,6,18,9,9
"ENSG00000117614.5",948,756,879,1137,992,539
"ENSG00000117616.13",3053,2670,2587,3183,3192,3024
"ENSG00000272432.1",12,7,11,27,11,26
"ENSG00000261349.1",184,163,140,182,176,176
"ENSG00000187010.14",849,775,329,463,1350,614
"ENSG00000224183.1",4,7,2,17,5,21
"ENSG00000259984.1",14,9,17,11,10,4
"ENSG00000183726.6",1324,1238,959,1375,1165,479
"ENSG00000188672.12",472,421,175,267,710,237
"ENSG00000204178.5",984,774,643,836,1015,697
"ENSG00000157978.7",639,596,696,814,840,641
"ENSG00000117643.10",15,36,12,22,24,21
"ENSG00000162430.12",457,376,384,580,506,452
"ENSG00000117640.13",729,693,933,1052,986,576
"ENSG00000223474.2",22,24,14,17,22,16
"ENSG00000127423.6",441,398,550,674,509,428
"ENSG00000236528.1",6,12,5,11,13,9
"ENSG00000182749.5",265,186,259,263,265,147
"ENSG00000117632.16",4579,3894,4750,5420,4319,3455
"ENSG00000158006.9",208,202,212,317,288,196
"ENSG00000158008.5",145,151,95,124,148,127
"ENSG00000158014.10",16,28,7,36,22,5
"ENSG00000158022.6",19,11,34,56,61,59
"ENSG00000175087.5",754,611,696,910,599,352
"ENSG00000197245.4",24,42,25,27,53,25
"ENSG00000142684.7",11,12,15,11,23,23
"ENSG00000236782.1",4,4,6,11,10,5
"ENSG00000142675.13",26,31,26,60,54,40
"ENSG00000188782.3",11,9,3,22,12,11
"ENSG00000130695.9",3322,2849,3600,4406,3466,2371
"ENSG00000270733.1",12,18,30,18,10,10
"ENSG00000142669.9",513,469,586,1031,1476,741
"ENSG00000158062.16",479,345,403,381,445,403
"ENSG00000169442.4",210,203,520,479,432,251
"ENSG00000176092.9",53,56,74,135,136,81
"ENSG00000176083.13",22,12,12,21,25,11
"ENSG00000131914.6",9,4,587,734,1399,828
"ENSG00000117682.12",562,429,738,869,812,591
"ENSG00000223583.1",5,10,4,14,28,13
"ENSG00000225891.1",20,10,37,29,37,31
"ENSG00000198830.6",3600,2808,2768,3997,4131,2897
"ENSG00000117676.9",1063,955,1456,1962,1618,1016
"ENSG00000260063.1",35,25,26,39,34,26
"ENSG00000117713.13",6783,6077,7068,8821,7390,7043
"ENSG00000266138.1",8,10,6,5,8,12
"ENSG00000060642.6",390,290,269,426,420,171
"ENSG00000204160.7",749,642,734,908,934,664
"ENSG00000175793.10",19,19,20,18,21,10
"ENSG00000142751.10",501,479,763,921,792,594
"ENSG00000198746.8",274,208,309,392,318,222
"ENSG00000090273.9",2291,1925,2479,3290,2518,1360
"ENSG00000175707.7",45,38,21,65,29,38
"ENSG00000253368.3",22,18,13,23,29,19
"ENSG00000158246.7",50,46,35,49,37,28
"ENSG00000090020.6",354,289,465,544,699,540
"ENSG00000225159.1",9,10,8,21,12,8
"ENSG00000142784.11",1320,1272,1819,2390,2073,1455
"ENSG00000186501.10",509,424,492,647,549,332
"ENSG00000241547.1",33,25,33,43,23,52
"ENSG00000142765.13",332,262,642,821,732,739
"ENSG00000142733.10",477,413,473,626,580,475
"ENSG00000142748.8",7,9,7,15,16,9
"ENSG00000174950.6",32,17,35,46,18,22
"ENSG00000181773.6",90,77,124,172,179,132
"ENSG00000158195.6",6357,5737,7046,9381,7409,4621
"ENSG00000241169.1",17,22,28,19,15,40
"ENSG00000237429.1",25,34,32,23,42,31
"ENSG00000126705.9",1049,925,1223,1603,1305,1288
"ENSG00000000938.8",9,15,14,11,17,9
"ENSG00000126709.10",39,40,69,96,66,64
"ENSG00000009780.11",224,203,211,239,208,109
"ENSG00000117758.9",427,345,527,624,443,333
"ENSG00000269971.1",6,3,7,22,11,6
"ENSG00000117751.13",697,584,767,1033,841,481
"ENSG00000252947.1",13,6,18,9,6,2
"ENSG00000130775.11",419,316,390,525,340,210
"ENSG00000117748.5",1301,1235,1531,1968,1589,595
"ENSG00000130768.10",18,23,42,54,29,25
"ENSG00000158156.7",102,112,123,180,135,74
"ENSG00000158161.11",1336,1299,2320,2905,2124,1294
"ENSG00000240750.2",10,11,10,11,11,12
"ENSG00000169403.7",27,23,10,19,10,16
"ENSG00000126698.6",1821,1411,1870,2129,1933,1201
"ENSG00000130770.13",1952,1848,2196,2931,2244,1339
"ENSG00000270605.1",42,38,58,57,26,34
"ENSG00000130766.4",1147,921,1587,2006,2053,1180
"ENSG00000130772.9",286,222,377,390,354,181
"ENSG00000204138.8",681,609,839,1179,938,757
"ENSG00000180198.11",1890,1648,2503,3185,2573,1402
"ENSG00000242125.2",5695,6141,8430,7475,7831,7825
"ENSG00000200087.1",1440,1755,2296,1577,1685,2791
"ENSG00000231468.2",28,6,19,14,12,28
"ENSG00000180098.5",576,488,683,838,769,560
"ENSG00000197989.9",757,654,942,1065,1094,908
"ENSG00000221539.1",7,4,11,15,23,10
"ENSG00000120656.7",450,352,498,590,464,283
"ENSG00000188060.6",9,17,8,12,9,6
"ENSG00000229388.1",12,10,10,8,17,6
"ENSG00000270103.2",32,30,42,57,49,18
"ENSG00000162419.8",292,222,417,493,437,336
"ENSG00000198492.10",1762,1479,1907,2175,1900,1301
"ENSG00000116329.6",11,2,7,19,11,1
"ENSG00000159023.14",10785,9409,8952,10281,10074,7973
"ENSG00000225616.2",13,20,13,10,18,8
"ENSG00000253304.1",25,38,33,41,35,48
"ENSG00000225750.1",10,3,10,5,6,8
"ENSG00000116350.11",4809,4096,3904,5088,4186,3177
"ENSG00000227637.1",45,25,23,25,18,24
"ENSG00000116353.11",545,478,618,697,583,414
"ENSG00000237934.1",32,18,27,31,19,36
"ENSG00000060656.15",103,109,1122,1481,276,165
"ENSG00000162510.5",41,46,54,70,78,70
"ENSG00000186056.5",276,215,283,350,357,310
"ENSG00000162511.7",1578,1363,1994,3197,3040,1400
"ENSG00000162512.11",1666,1536,1669,2522,2522,1813
"ENSG00000134644.11",3511,3122,3357,4423,3454,2381
"ENSG00000202107.1",11,16,16,23,25,8
"ENSG00000200181.1",7,7,14,7,11,3
"ENSG00000237329.2",19,22,23,17,17,19
"ENSG00000232768.1",13,17,17,12,8,8
"ENSG00000084628.5",9,10,3,23,16,1
"ENSG00000060688.8",1807,1687,1986,2370,1918,731
"ENSG00000229447.2",40,20,27,29,19,22
"ENSG00000121766.10",437,410,638,792,610,448
"ENSG00000229044.1",10,6,12,4,1,5
"ENSG00000121769.3",37,42,43,34,47,80
"ENSG00000168528.7",135,111,36,49,84,50
"ENSG00000142910.11",35,29,370,474,448,367
"ENSG00000121764.7",13,14,9,17,20,9
"ENSG00000162517.8",583,555,638,898,649,271
"ENSG00000235790.3",11,9,6,13,15,5
"ENSG00000084636.13",77,58,46,100,82,44
"ENSG00000121753.8",45,52,80,143,239,219
"ENSG00000134668.8",58,35,35,62,82,74
"ENSG00000269967.1",23,34,26,30,28,24
"ENSG00000184007.13",4295,4012,4498,5974,4615,2976
"ENSG00000212673.1",82,62,53,71,39,49
"ENSG00000228634.1",108,77,102,94,58,127
"ENSG00000121774.13",4980,4424,4275,5311,4360,2727
"ENSG00000203325.3",40,17,39,27,34,11
"ENSG00000121775.13",506,444,449,593,443,290
"ENSG00000025800.9",2965,2658,3765,4691,3311,2032
"ENSG00000084652.11",2066,1898,3173,3708,3211,2658
"ENSG00000160050.10",429,343,437,597,500,334
"ENSG00000224066.1",19,18,17,33,36,28
"ENSG00000160051.7",139,130,167,179,212,155
"ENSG00000222046.2",32,24,36,71,63,64
"ENSG00000160055.15",140,107,237,294,264,224
"ENSG00000084623.7",3123,2961,3571,5015,4182,1445
"ENSG00000220785.3",20,12,42,47,59,57
"ENSG00000182866.12",19,11,18,28,15,2
"ENSG00000116478.7",3644,3318,3974,5266,4255,2020
"ENSG00000175130.6",1355,1226,1515,1912,1603,1199
"ENSG00000162526.6",43,28,35,39,31,68
"ENSG00000225828.1",212,185,219,311,306,381
"ENSG00000160058.14",2874,2538,3233,3567,2989,2463
"ENSG00000176261.11",296,287,406,419,365,250
"ENSG00000162521.14",4392,3913,4800,5888,4804,2359
"ENSG00000162520.10",28,18,13,22,29,15
"ENSG00000162522.6",3107,2865,3727,4715,3277,3189
"ENSG00000134684.6",4086,3534,5325,6941,5663,3376
"ENSG00000116497.13",1076,910,1083,1276,1003,775
"ENSG00000160097.11",68,37,53,56,49,64
"ENSG00000121905.5",4,3,10,19,19,12
"ENSG00000121900.14",198,150,197,242,291,114
"ENSG00000116514.12",424,349,400,566,467,230
"ENSG00000236065.2",20,23,33,27,23,32
"ENSG00000004455.12",3691,3223,4965,6358,5448,2950
"ENSG00000142920.12",9,20,39,60,52,25
"ENSG00000116525.9",21,32,69,71,87,59
"ENSG00000160094.10",14,8,30,86,33,52
"ENSG00000134686.12",775,766,1196,1583,1392,835
"ENSG00000233246.1",19,17,36,26,26,36
"ENSG00000121903.10",65,63,235,322,322,227
"ENSG00000121904.13",61,50,38,145,108,49
"ENSG00000142698.10",12,8,6,24,11,11
"ENSG00000163866.8",441,395,572,715,747,358
"ENSG00000189280.3",7,3,8,13,47,31
"ENSG00000189433.5",1,9,8,3,11,17
"ENSG00000188910.7",16,5,10,17,72,60
"ENSG00000187513.8",11,9,17,21,74,110
"ENSG00000230163.1",32,23,46,32,53,37
"ENSG00000241014.1",49,41,37,64,47,62
"ENSG00000243749.1",8,9,18,24,13,4
"ENSG00000163867.12",245,229,400,429,338,233
"ENSG00000197056.5",491,420,734,816,559,333
"ENSG00000116560.6",8687,7628,8718,10086,8963,7654
"ENSG00000146463.7",1790,1636,2911,3531,3283,2100
"ENSG00000240374.2",12,6,12,18,10,26
"ENSG00000229994.1",31,24,28,32,39,47
"ENSG00000142687.13",1610,1470,1726,2374,2084,1427
"ENSG00000236274.1",8,5,12,18,13,19
"ENSG00000020129.11",644,540,1022,1273,1150,876
"ENSG00000239636.1",10,7,15,13,17,14
"ENSG00000116819.6",35,27,39,53,30,44
"ENSG00000126067.7",1884,1682,2035,2997,2374,879
"ENSG00000142686.7",361,336,355,443,421,295
"ENSG00000092853.9",1093,933,1017,1178,1072,941
"ENSG00000134698.10",767,747,812,1032,772,680
"ENSG00000092847.6",2836,2432,4593,5874,5083,3855
"ENSG00000271164.1",16,16,20,23,27,16
"ENSG00000126070.14",1476,1210,1917,2200,1952,1745
"ENSG00000271554.1",16,21,26,11,10,29
"ENSG00000092850.7",12,7,7,18,25,11
"ENSG00000116863.10",471,395,559,701,539,274
"ENSG00000171812.6",19,17,37,61,32,24
"ENSG00000054116.7",758,695,708,888,818,309
"ENSG00000116871.11",1522,1361,2234,2944,2435,1889
"ENSG00000054118.9",5556,4850,5295,6732,5372,3316
"ENSG00000231849.1",16,7,9,12,8,3
"ENSG00000214193.5",605,555,785,1061,1039,947
"ENSG00000142694.6",229,197,246,352,224,208
"ENSG00000116883.8",121,82,91,152,161,139
"ENSG00000196182.6",2045,1989,2766,3575,3857,2423
"ENSG00000181817.5",434,379,439,516,481,192
"ENSG00000116885.14",21,11,9,23,18,23
"ENSG00000116898.7",955,930,876,1044,870,409
"ENSG00000119535.13",58,72,91,107,87,52
"ENSG00000163873.5",33,7,17,30,49,18
"ENSG00000233621.1",7,4,17,24,14,11
"ENSG00000163874.8",262,219,280,320,388,343
"ENSG00000163875.11",1133,953,1305,1617,1273,620
"ENSG00000263675.1",18,17,5,22,7,2
"ENSG00000163877.9",489,394,609,653,626,525
"ENSG00000232273.1",29,26,29,42,29,49
"ENSG00000163879.9",36,30,203,276,213,177
"ENSG00000134697.8",2028,1843,2548,3168,2475,1365
"ENSG00000169218.9",5,6,4,15,13,4
"ENSG00000116922.10",388,314,679,714,581,367
"ENSG00000134690.6",1705,1557,1904,2224,1616,914
"ENSG00000183317.12",37,50,34,57,47,21
"ENSG00000185090.10",30,29,26,29,45,33
"ENSG00000196449.3",217,242,303,374,331,104
"ENSG00000197982.12",380,348,402,536,432,282
"ENSG00000188786.9",291,271,418,472,424,331
"ENSG00000204084.8",1078,931,1421,1824,1240,823
"ENSG00000183431.7",2232,1995,3038,3764,3334,2004
"ENSG00000212541.1",10,3,12,19,16,6
"ENSG00000183386.5",840,717,1303,1474,1403,1105
"ENSG00000183520.7",955,819,981,1218,1076,698
"ENSG00000185668.5",6,10,7,10,15,7
"ENSG00000215895.4",12,8,14,28,22,9
"ENSG00000116954.7",324,293,339,349,360,189
"ENSG00000228436.2",13,10,33,12,27,18
"ENSG00000214114.4",132,179,216,360,240,124
"ENSG00000158315.6",7,8,6,26,20,16
"ENSG00000174574.11",1497,1350,1526,1775,1705,1184
"ENSG00000168653.6",2195,2008,2476,3029,2511,1270
"ENSG00000127603.19",14716,12746,19700,23736,16739,14144
"ENSG00000255103.1",387,333,523,521,398,370
"ENSG00000183682.7",7,8,11,18,18,10
"ENSG00000182109.3",8,15,21,20,23,36
"ENSG00000243970.1",3,4,5,7,12,10
"ENSG00000090621.9",3614,3329,4528,5923,5266,3553
"ENSG00000228060.1",23,22,30,24,33,17
"ENSG00000201457.1",21,11,22,28,36,32
"ENSG00000163909.6",34,9,64,81,139,121
"ENSG00000116981.3",8,5,9,10,20,5
"ENSG00000116983.8",5,12,15,16,24,8
"ENSG00000084072.12",950,919,1132,1496,1129,431
"ENSG00000116985.6",53,43,84,89,105,105
"ENSG00000198754.5",18,13,27,23,36,38
"ENSG00000261798.1",46,37,43,40,34,24
"ENSG00000043514.11",1268,1181,1630,1856,1585,937
"ENSG00000202222.1",32,17,35,14,26,39
"ENSG00000116990.9",459,331,903,1198,1185,669
"ENSG00000236546.1",2,12,12,26,9,8
"ENSG00000168389.13",12,10,15,34,54,28
"ENSG00000228477.1",10,5,2,6,12,4
"ENSG00000131236.12",5071,4528,7758,10115,10281,4187
"ENSG00000131238.12",1827,1674,1588,2393,1753,631
"ENSG00000117000.8",1844,1741,2713,3072,2662,1703
"ENSG00000207508.1",10,6,4,2,15,7
"ENSG00000259943.1",176,187,224,253,198,166
"ENSG00000084073.4",337,276,370,530,403,202
"ENSG00000049089.9",30,48,170,151,159,142
"ENSG00000084070.7",3881,3364,2680,3625,2160,1215
"ENSG00000187801.10",86,91,216,258,264,224
"ENSG00000260920.1",34,33,83,100,106,79
"ENSG00000187815.5",76,79,145,147,177,97
"ENSG00000238287.1",2,1,10,22,17,6
"ENSG00000164002.7",46,25,44,70,72,36
"ENSG00000117010.11",57,64,67,105,83,56
"ENSG00000117016.5",196,168,312,348,265,173
"ENSG00000237899.1",8,5,11,17,7,11
"ENSG00000272145.1",109,113,123,110,116,70
"ENSG00000066136.15",895,705,798,1094,1068,631
"ENSG00000117013.10",529,460,235,314,243,279
"ENSG00000179862.5",66,55,47,81,57,41
"ENSG00000171793.9",1135,996,1195,1482,1426,687
"ENSG00000171790.11",109,108,128,139,197,219
"ENSG00000010803.12",921,908,1024,1308,1281,1078
"ENSG00000235358.1",14,9,21,7,28,17
"ENSG00000204060.4",35,12,81,100,161,140
"ENSG00000127124.9",9,11,22,32,42,52
"ENSG00000198815.4",1117,938,1238,1507,1370,1076
"ENSG00000177181.10",12,8,5,7,13,3
"ENSG00000066185.8",6,7,1,15,11,7
"ENSG00000127125.7",74,61,194,257,180,97
"ENSG00000186409.10",21,17,42,59,68,51
"ENSG00000171960.6",1014,906,1154,1464,1155,449
"ENSG00000234917.1",15,14,22,26,14,10
"ENSG00000065978.13",15214,12900,15799,19194,17197,15660
"ENSG00000164007.6",16,7,9,12,13,7
"ENSG00000117385.11",1611,1448,1257,1806,1584,1143
"ENSG00000164008.9",268,242,213,273,219,175
"ENSG00000228452.1",50,52,39,46,38,21
"ENSG00000177868.7",361,362,238,299,299,174
"ENSG00000164010.9",1464,1323,770,1057,1274,817
"ENSG00000228192.3",114,108,53,63,56,74
"ENSG00000164011.13",151,125,232,289,234,148
"ENSG00000117394.15",6599,5499,2887,4326,6040,2906
"ENSG00000227533.1",353,359,212,150,217,261
"ENSG00000186973.6",4,3,4,16,18,11
"ENSG00000117395.6",721,699,819,1055,1052,470
"ENSG00000243710.3",26,20,14,47,34,20
"ENSG00000179178.6",6,3,11,13,24,24
"ENSG00000066056.9",35,28,22,72,107,65
"ENSG00000117400.10",12,12,17,27,27,17
"ENSG00000234694.1",15,20,15,29,13,9
"ENSG00000117399.9",2522,2540,2860,4033,2545,772
"ENSG00000066322.8",678,640,587,1000,826,297
"ENSG00000159479.12",701,640,875,1109,936,438
"ENSG00000229431.1",20,22,33,17,29,29
"ENSG00000198198.9",1970,1664,2702,3046,3179,3299
"ENSG00000178922.12",62,54,74,110,106,101
"ENSG00000229348.1",10,6,11,9,23,13
"ENSG00000142949.12",3241,2812,302,413,1661,1244
"ENSG00000066135.8",899,766,1323,1603,1431,1024
"ENSG00000236200.1",76,66,70,65,65,72
"ENSG00000126091.15",445,344,444,492,511,440
"ENSG00000229444.1",12,13,11,14,11,14
"ENSG00000233674.2",14,11,13,10,15,5
"ENSG00000224751.2",28,25,29,42,40,35
"ENSG00000117407.12",12,14,21,15,26,25
"ENSG00000237950.1",25,31,58,69,64,62
"ENSG00000117408.6",572,461,674,981,885,531
"ENSG00000132768.9",463,450,549,674,699,345
"ENSG00000117410.9",1286,1257,1222,1770,1558,481
"ENSG00000117411.12",1038,939,968,1430,1130,634
"ENSG00000159214.8",117,99,96,130,102,99
"ENSG00000196517.7",448,390,232,369,707,429
"ENSG00000230615.2",30,16,13,17,28,15
"ENSG00000178028.9",559,501,552,757,639,528
"ENSG00000117419.10",900,810,1141,1427,1140,629
"ENSG00000233602.1",43,20,35,53,48,52
"ENSG00000187147.13",923,828,938,1141,1021,685
"ENSG00000126106.9",83,52,72,103,62,49
"ENSG00000198520.6",4,5,11,26,19,9
"ENSG00000199377.1",20,16,55,44,36,15
"ENSG00000200169.1",22,13,38,31,21,8
"ENSG00000142945.8",4897,4175,5379,6566,4506,2164
"ENSG00000225721.1",45,33,41,23,39,10
"ENSG00000142937.7",26735,25262,28159,33278,25172,9798
"ENSG00000200913.1",65,65,66,90,87,9
"ENSG00000234093.2",15,12,17,17,16,5
"ENSG00000142959.4",11,15,12,33,14,9
"ENSG00000173846.8",259,256,386,519,401,348
"ENSG00000188396.2",51,33,32,29,54,47
"ENSG00000222009.4",100,98,182,165,255,293
"ENSG00000117425.9",120,98,97,135,103,97
"ENSG00000070785.12",1014,866,1203,1639,1232,443
"ENSG00000268949.1",10,9,8,26,17,11
"ENSG00000126107.10",1474,1280,1549,2012,1767,1083
"ENSG00000126088.8",3781,3437,5659,6960,6764,2861
"ENSG00000162415.6",52,45,88,120,109,48
"ENSG00000186603.4",11,12,22,25,21,22
"ENSG00000132781.13",327,344,397,425,410,337
"ENSG00000132773.7",221,201,266,342,351,171
"ENSG00000070759.12",356,305,348,419,281,180
"ENSG00000236624.4",121,100,155,247,143,86
"ENSG00000132763.10",178,165,274,344,246,164
"ENSG00000117450.9",4388,3985,4667,6062,5029,1673
"ENSG00000117448.9",1607,1564,1783,2173,1693,789
"ENSG00000132780.12",5421,4617,5443,6102,4927,3777
"ENSG00000159588.10",96,79,91,142,150,113
"ENSG00000159592.6",2437,2215,2949,3638,2996,2029
"ENSG00000225447.1",25,19,27,30,24,26
"ENSG00000234329.1",31,47,60,60,91,126
"ENSG00000159596.6",774,737,1076,1143,1039,519
"ENSG00000197429.6",229,181,305,326,264,188
"ENSG00000230896.1",27,17,30,33,15,31
"ENSG00000086015.16",1739,1516,1786,2239,1678,1531
"ENSG00000117461.10",212,193,203,247,186,163
"ENSG00000117472.5",12,15,7,14,7,12
"ENSG00000085998.9",829,666,772,1134,843,481
"ENSG00000171357.5",18,11,24,14,26,13
"ENSG00000085999.7",983,913,1096,1416,1172,830
"ENSG00000132128.12",1893,1566,2368,2986,2583,1609
"ENSG00000173660.7",5438,5099,6665,8586,6797,1656
"ENSG00000117481.6",1003,889,1243,1684,1256,724
"ENSG00000117480.11",43,21,55,67,63,63
"ENSG00000232022.2",26,26,29,28,18,21
"ENSG00000224863.1",6,10,9,10,4,6
"ENSG00000225667.1",12,6,9,15,9,4
"ENSG00000197587.6",493,401,397,506,119,88
"ENSG00000269956.1",15,21,20,28,16,17
"ENSG00000079277.15",570,468,697,913,659,456
"ENSG00000142961.10",107,99,224,265,258,190
"ENSG00000123472.8",321,313,486,639,550,339
"ENSG00000159658.6",1346,1145,1321,1656,1483,1158
"ENSG00000186118.7",4,5,19,13,19,19
"ENSG00000228237.1",16,11,9,13,18,18
"ENSG00000142973.8",14,13,5,23,16,4
"ENSG00000187048.8",19,15,5,38,36,18
"ENSG00000186377.6",21,7,7,9,24,11
"ENSG00000186160.4",15,8,11,21,17,11
"ENSG00000225506.2",13,9,11,7,12,7
"ENSG00000162365.7",42,27,27,44,48,31
"ENSG00000224805.2",16,9,11,15,9,6
"ENSG00000162366.3",13,8,3,9,11,3
"ENSG00000162367.7",3170,2842,1799,2391,2695,1660
"ENSG00000226252.1",303,208,123,148,201,154
"ENSG00000123473.11",2062,1796,1857,2170,2019,1549
"ENSG00000162368.9",1826,1823,2303,2643,2370,1264
"ENSG00000225762.1",8,2,20,20,10,8
"ENSG00000237424.1",572,558,397,590,556,325
"ENSG00000186564.5",411,394,278,436,363,280
"ENSG00000269113.3",11,8,9,23,11,7
"ENSG00000117834.8",9,12,12,28,23,15
"ENSG00000132122.7",14,7,12,15,25,11
"ENSG00000186094.12",16,6,2,25,7,9
"ENSG00000162374.12",3,12,16,18,17,12
"ENSG00000142700.7",11,10,7,33,20,4
"ENSG00000185104.15",2851,2529,3480,4178,3649,2248
"ENSG00000225767.1",34,21,34,32,27,47
"ENSG00000230585.2",82,80,56,61,72,61
"ENSG00000237130.1",16,12,20,14,19,18
"ENSG00000123080.6",967,794,715,982,1099,613
"ENSG00000123091.4",376,385,445,606,491,360
"ENSG00000233406.4",48,38,38,49,41,39
"ENSG00000236434.2",16,8,17,7,22,16
"ENSG00000085831.11",36,25,73,99,69,53
"ENSG00000085832.12",2656,2416,3562,4722,3726,2424
"ENSG00000232027.2",25,15,41,37,38,40
"ENSG00000238140.1",7,12,15,14,27,17
"ENSG00000227070.1",75,55,241,218,206,263
"ENSG00000227742.1",23,33,116,84,92,91
"ENSG00000117859.14",3251,2773,3927,4798,3751,2232
"ENSG00000236973.2",20,30,24,21,16,18
"ENSG00000232846.1",13,10,23,17,20,5
"ENSG00000078618.15",5503,4870,6714,8350,6816,4049
"ENSG00000266993.1",31,35,46,66,36,48
"ENSG00000230604.2",17,22,27,30,32,21
"ENSG00000169213.6",16,20,35,47,69,31
"ENSG00000117862.7",637,609,718,1102,796,295
"ENSG00000198841.3",216,175,201,281,285,174
"ENSG00000228369.2",14,9,16,15,12,9
"ENSG00000134717.13",570,570,759,876,811,383
"ENSG00000157077.10",574,489,614,819,586,409
"ENSG00000241745.2",11,7,7,11,3,8
"ENSG00000223429.1",20,6,9,6,10,7
"ENSG00000224255.2",10,14,11,6,15,11
"ENSG00000154222.10",981,853,1061,1222,1139,1088
"ENSG00000272100.1",9,15,10,17,9,5
"ENSG00000224680.4",5,9,8,8,12,14
"ENSG00000085840.8",2823,2418,2973,3488,2341,1282
"ENSG00000134748.12",1513,1316,1854,2371,1880,1465
"ENSG00000134744.9",1538,1362,2429,2695,2033,1983
"ENSG00000162377.4",384,367,627,754,630,340
"ENSG00000162378.8",789,764,1156,1392,1114,661
"ENSG00000228929.1",10,9,4,13,12,3
"ENSG00000203995.5",831,654,1046,1228,886,754
"ENSG00000242391.2",13,12,24,13,14,19
"ENSG00000121310.12",308,265,496,499,433,437
"ENSG00000116171.12",985,802,861,1095,774,390
"ENSG00000174348.9",10,8,6,15,11,11
"ENSG00000162383.7",20,14,9,13,13,14
"ENSG00000157184.5",273,275,366,453,417,176
"ENSG00000162384.9",434,378,556,718,617,307
"ENSG00000259818.1",16,6,11,9,11,8
"ENSG00000162385.6",429,366,446,641,603,232
"ENSG00000226754.1",11,9,10,7,13,6
"ENSG00000270172.1",38,42,50,46,38,48
"ENSG00000157193.10",1024,938,793,994,878,751
"ENSG00000228838.1",34,8,8,16,11,10
"ENSG00000225030.1",13,7,10,9,4,11
"ENSG00000232762.1",43,37,34,32,31,47
"ENSG00000143006.7",12,8,20,29,42,18
"ENSG00000174332.3",15,11,12,27,17,9
"ENSG00000058804.10",1545,1436,1395,1870,1374,573
"ENSG00000058799.9",243,235,222,337,269,101
"ENSG00000211452.6",23,12,27,50,33,48
"ENSG00000081870.7",674,614,641,771,700,385
"ENSG00000116212.10",744,665,733,936,882,318
"ENSG00000203985.6",10,4,2,23,6,8
"ENSG00000272091.1",10,18,7,26,8,7
"ENSG00000116209.7",1246,1217,1309,1892,1539,374
"ENSG00000203276.2",15,20,22,33,14,13
"ENSG00000116205.6",231,159,252,346,266,176
"ENSG00000237611.1",3,10,18,12,6,12
"ENSG00000212670.1",7,22,28,36,28,27
"ENSG00000157211.10",3,9,10,6,15,2
"ENSG00000248835.2",115,95,120,169,140,103
"ENSG00000215883.5",189,184,223,256,202,148
"ENSG00000116221.11",2441,2284,2047,2741,2317,952
"ENSG00000157216.11",697,550,910,1081,944,950
"ENSG00000198711.4",43,32,46,53,49,31
"ENSG00000225632.1",12,14,14,19,10,15
"ENSG00000162390.13",28,22,50,101,194,126
"ENSG00000162391.7",11,4,11,22,16,11
"ENSG00000243725.2",85,56,66,103,82,34
"ENSG00000162396.5",136,101,199,245,210,71
"ENSG00000006555.6",15,12,9,9,15,4
"ENSG00000162398.7",13,9,10,21,18,9
"ENSG00000116133.7",5573,4800,3922,5802,5503,2470
"ENSG00000162399.6",10,4,4,15,6,3
"ENSG00000169174.9",8708,7710,4538,6601,4067,2523
"ENSG00000162402.8",7015,6413,7536,9296,7282,5119
"ENSG00000199831.1",14,23,11,25,44,11
"ENSG00000162407.8",22,8,4,21,7,1
"ENSG00000187889.8",9,5,5,17,20,5
"ENSG00000157131.10",16,4,4,10,10,4
"ENSG00000021852.8",13,7,4,15,16,4
"ENSG00000173406.11",12,12,6,21,13,4
"ENSG00000162600.7",171,149,219,205,160,84
"ENSG00000185839.2",8,13,15,30,25,14
"ENSG00000162601.5",1310,1229,1336,1433,1360,1245
"ENSG00000177606.5",1929,1875,2281,2625,2634,2467
"ENSG00000172456.12",140,132,180,273,242,155
"ENSG00000134709.6",9,13,9,19,12,4
"ENSG00000134716.5",11,10,3,13,14,5
"ENSG00000162598.9",6,6,4,24,15,8
"ENSG00000226476.2",141,120,211,220,216,263
"ENSG00000162599.11",928,773,814,1091,719,627
"ENSG00000270742.1",45,46,47,56,39,34
"ENSG00000237853.2",40,18,14,28,23,18
"ENSG00000162604.8",412,368,308,354,312,211
"ENSG00000132849.14",35,21,21,46,41,24
"ENSG00000132854.14",12,6,13,52,21,4
"ENSG00000162607.8",1428,1307,1298,1569,1489,787
"ENSG00000116641.11",612,511,562,645,570,364
"ENSG00000132855.4",23,8,14,6,17,13
"ENSG00000235545.1",24,15,17,11,13,9
"ENSG00000125703.10",195,184,236,306,202,99
"ENSG00000230798.1",13,9,6,13,18,8
"ENSG00000187140.4",10,5,18,21,26,5
"ENSG00000088035.11",161,152,131,158,175,110
"ENSG00000142856.12",577,503,545,693,461,325
"ENSG00000203965.8",114,66,62,79,83,53
"ENSG00000079739.11",16,12,13,41,43,4
"ENSG00000185483.7",23,13,9,24,28,7
"ENSG00000177414.9",7,14,3,12,16,3
"ENSG00000158966.9",23,12,10,27,21,8
"ENSG00000162437.10",606,470,1019,1314,1436,1006
"ENSG00000162434.7",2292,1954,2784,3689,4489,2653
"ENSG00000226891.2",23,10,31,40,52,81
"ENSG00000185031.6",10,6,9,12,18,11
"ENSG00000272506.1",1,3,12,9,9,17
"ENSG00000212257.1",4,5,6,10,4,12
"ENSG00000231485.1",5,17,15,35,10,29
"ENSG00000162433.10",1597,1336,1126,1380,1368,754
"ENSG00000116675.11",4403,4010,2458,3141,3310,2056
"ENSG00000229294.1",111,72,67,48,78,109
"ENSG00000234144.1",36,30,13,12,20,14
"ENSG00000116678.14",4614,4308,362,461,347,168
"ENSG00000213625.4",2167,2137,721,898,1028,632
"ENSG00000224570.1",157,116,16,27,11,17
"ENSG00000184588.13",20,13,15,32,24,13
"ENSG00000118473.17",19,19,13,29,29,30
"ENSG00000152760.5",5,4,2,13,10,7
"ENSG00000152763.12",59,70,59,87,59,42
"ENSG00000198160.10",749,737,841,944,723,520
"ENSG00000116704.6",442,332,349,414,277,157
"ENSG00000203963.7",9,5,4,23,15,9
"ENSG00000162594.10",226,246,343,366,167,98
"ENSG00000228523.1",6,4,15,18,3,10
"ENSG00000081985.6",44,40,178,168,97,100
"ENSG00000142864.10",10937,9756,9846,12627,9479,6122
"ENSG00000223263.1",11,7,14,13,8,7
"ENSG00000116717.7",2513,2007,1616,2160,2467,1794
"ENSG00000172380.5",12,7,150,215,94,43
"ENSG00000162595.4",8,7,154,193,26,8
"ENSG00000116729.9",29,6,6,15,23,4
"ENSG00000116745.6",6,9,4,20,13,2
"ENSG00000024526.12",627,604,487,595,452,242
"ENSG00000233589.1",24,29,14,22,9,4
"ENSG00000234264.1",16,9,16,20,10,1
"ENSG00000033122.14",70,58,51,74,89,55
"ENSG00000066557.5",600,533,470,519,403,190
"ENSG00000116754.9",3699,3488,3440,3817,3218,2784
"ENSG00000118454.8",771,675,615,810,557,477
"ENSG00000197568.9",49,43,61,88,93,32
"ENSG00000116761.7",480,410,871,1052,827,508
"ENSG00000271992.1",28,16,27,51,22,21
"ENSG00000050628.16",695,575,610,790,690,401
"ENSG00000235079.1",6,11,5,16,10,9
"ENSG00000132485.8",2234,1917,2378,2844,2348,2095
"ENSG00000207721.1",10,5,10,9,9,3
"ENSG00000229956.5",5,3,16,15,16,11
"ENSG00000172260.9",11,8,5,18,26,5
"ENSG00000162620.11",24,16,20,27,23,10
"ENSG00000254685.2",117,137,143,154,98,46
"ENSG00000178965.9",18,20,14,41,35,9
"ENSG00000116791.9",602,547,611,714,468,194
"ENSG00000162623.11",472,453,421,514,391,229
"ENSG00000162624.10",11,8,5,4,19,5
"ENSG00000137968.12",486,385,404,445,670,572
"ENSG00000224493.1",13,6,17,11,23,23
"ENSG00000213579.3",11,10,13,14,10,4
"ENSG00000230863.2",55,50,30,26,49,71
"ENSG00000117054.9",1236,1105,1071,1256,1088,590
"ENSG00000181227.2",91,58,74,86,106,77
"ENSG00000137955.11",1770,1637,1527,1813,1493,934
"ENSG00000057468.6",25,15,18,46,45,25
"ENSG00000184005.9",13,12,11,25,29,13
"ENSG00000226415.1",45,49,37,44,50,14
"ENSG00000117069.10",6,12,4,13,17,4
"ENSG00000142892.10",287,297,197,261,203,102
"ENSG00000226084.4",27,31,37,50,35,10
"ENSG00000154027.14",12,11,13,42,25,13
"ENSG00000036549.8",1052,985,1233,1370,1176,869
"ENSG00000243437.2",9,17,6,12,14,7
"ENSG00000077254.10",1653,1470,2080,2262,1879,1193
"ENSG00000180488.10",224,190,210,247,222,153
"ENSG00000235613.2",32,21,21,19,16,16
"ENSG00000162614.14",30,41,61,47,64,47
"ENSG00000162613.12",4651,3995,4001,4291,3693,3138
"ENSG00000162616.8",541,503,489,605,534,357
"ENSG00000273338.1",4,6,10,5,10,5
"ENSG00000137959.11",8,11,9,23,6,6
"ENSG00000137965.6",7,3,2,16,12,2
"ENSG00000117114.15",22,13,18,38,48,12
"ENSG00000227288.3",3,12,7,16,16,6
"ENSG00000137941.12",33,25,56,102,176,150
"ENSG00000271576.1",164,163,101,186,124,59
"ENSG00000142875.15",76,74,108,137,230,132
"ENSG00000213540.3",8,3,12,12,26,25
"ENSG00000203943.4",2,7,23,40,20,10
"ENSG00000117133.6",511,482,574,647,519,312
"ENSG00000174021.6",608,518,543,884,826,463
"ENSG00000122432.12",27,23,34,43,37,22
"ENSG00000117151.8",214,167,214,277,245,138
"ENSG00000117155.12",1786,1702,1663,1938,1672,1128
"ENSG00000171517.5",3,7,4,21,10,4
"ENSG00000153898.8",13,5,6,22,21,6
"ENSG00000162643.8",12,14,12,34,18,9
"ENSG00000055732.8",6,13,8,8,12,11
"ENSG00000097096.8",1055,849,701,852,630,377
"ENSG00000162642.9",547,422,338,381,341,276
"ENSG00000142867.8",246,223,239,275,254,155
"ENSG00000153904.14",20,16,18,27,26,17
"ENSG00000142871.11",125,100,81,127,152,141
"ENSG00000117174.6",290,309,443,523,414,285
"ENSG00000171502.10",32,21,28,88,86,28
"ENSG00000122417.11",89,64,131,122,132,93
"ENSG00000137975.7",7,8,9,36,13,13
"ENSG00000016490.11",5,11,10,25,33,7
"ENSG00000016602.8",16,8,6,11,17,5
"ENSG00000261737.1",4,11,2,10,7,2
"ENSG00000097033.10",815,713,1123,1399,989,708
"ENSG00000183291.11",1364,1393,1193,1550,1218,358
"ENSG00000153936.12",1110,1009,1247,1512,1119,617
"ENSG00000267734.1",72,51,89,80,58,78
"ENSG00000224198.1",33,36,37,22,33,41
"ENSG00000235251.2",15,10,16,18,7,15
"ENSG00000225568.1",19,16,22,17,16,37
"ENSG00000143013.8",283,290,278,363,309,175
"ENSG00000237505.2",12,12,2,14,11,3
"ENSG00000065243.14",1139,891,910,1074,992,812
"ENSG00000207234.1",14,10,3,12,12,6
"ENSG00000241975.1",32,27,22,21,30,10
"ENSG00000137947.7",359,345,448,527,445,176
"ENSG00000235308.1",3,3,7,11,1,10
"ENSG00000137944.12",601,485,683,749,646,224
"ENSG00000213516.5",303,280,431,594,481,313
"ENSG00000117226.7",16,7,11,29,22,17
"ENSG00000117228.9",5,8,8,14,24,8
"ENSG00000234518.1",10,7,10,24,7,12
"ENSG00000162645.8",7,12,76,124,165,108
"ENSG00000213512.1",10,3,14,16,11,5
"ENSG00000162654.8",18,9,71,105,201,141
"ENSG00000154451.10",9,11,236,277,406,329
"ENSG00000183347.13",9,6,13,16,21,16
"ENSG00000225492.2",5,5,12,24,31,20
"ENSG00000197147.8",1119,1002,1114,1391,1397,909
"ENSG00000231999.2",44,40,61,53,60,53
"ENSG00000230735.1",3,15,9,10,6,15
"ENSG00000171488.10",672,578,558,746,525,321
"ENSG00000226394.2",11,7,12,3,7,4
"ENSG00000272931.1",140,156,180,184,243,147
"ENSG00000171492.10",1535,1325,1477,1702,1735,1264
"ENSG00000228175.2",42,52,66,88,112,78
"ENSG00000162664.12",927,842,1053,1152,1228,998
"ENSG00000143032.7",7,3,4,12,11,9
"ENSG00000233593.2",248,213,219,304,200,149
"ENSG00000272094.1",5,6,15,14,6,4
"ENSG00000232882.1",14,3,9,12,13,14
"ENSG00000122482.16",953,903,1079,1267,1244,854
"ENSG00000162669.11",37,21,47,73,84,69
"ENSG00000097046.8",807,832,779,879,675,462
"ENSG00000069702.6",1867,1618,269,426,347,186
"ENSG00000239794.2",12,10,1,4,0,1
"ENSG00000137948.14",7,2,3,18,28,4
"ENSG00000172031.6",4,1,1,11,12,5
"ENSG00000230667.4",5,8,7,19,8,11
"ENSG00000189195.5",46,32,27,35,18,22
"ENSG00000069712.9",42,43,58,89,85,46
"ENSG00000174842.12",237,183,148,175,143,101
"ENSG00000122484.8",309,265,245,315,221,259
"ENSG00000162676.7",26,16,18,21,33,17
"ENSG00000067208.10",709,579,358,493,406,350
"ENSG00000229992.1",25,30,21,27,10,14
"ENSG00000225505.1",52,34,17,13,15,17
"ENSG00000223896.2",36,15,15,16,22,7
"ENSG00000122406.8",13795,13440,9599,11513,9089,3472
"ENSG00000251795.1",20,23,9,9,8,4
"ENSG00000207523.1",12,7,8,7,10,2
"ENSG00000154511.7",24,23,18,15,24,16
"ENSG00000143033.13",2117,1964,1146,1196,1008,688
"ENSG00000117500.8",653,563,512,595,407,262
"ENSG00000122483.13",684,656,540,525,456,485
"ENSG00000223745.3",887,831,717,740,655,616
"ENSG00000229567.1",7,15,14,9,10,8
"ENSG00000117505.8",1523,1546,1053,1310,1133,660
"ENSG00000137942.12",454,338,283,417,343,265
"ENSG00000137936.12",25,52,69,114,88,41
"ENSG00000067334.9",964,883,661,739,671,397
"ENSG00000023909.5",2032,1951,690,858,701,383
"ENSG00000198691.7",31,42,25,45,82,27
"ENSG00000137962.8",20,30,14,56,31,13
"ENSG00000117528.7",424,407,253,345,294,147
"ENSG00000117525.9",14,11,5,28,14,15
"ENSG00000143036.12",24,9,8,26,18,12
"ENSG00000117519.11",7,2,4,27,22,16
"ENSG00000172339.9",46,28,22,46,35,5
"ENSG00000152078.5",1394,1281,559,684,584,327
"ENSG00000231992.1",35,36,18,18,18,13
"ENSG00000206679.1",22,13,6,13,5,18
"ENSG00000226026.1",55,46,43,12,35,19
"ENSG00000122481.12",119,111,67,58,84,56
"ENSG00000228852.2",13,10,6,12,9,9
"ENSG00000228502.1",108,92,56,87,85,27
"ENSG00000137970.7",88,64,70,82,77,34
"ENSG00000117569.14",498,511,352,415,368,278
"ENSG00000188641.8",17,22,10,45,44,11
"ENSG00000228057.1",11,9,2,10,4,5
"ENSG00000117598.7",9,15,1,12,4,3
"ENSG00000117600.8",16,14,6,22,30,3
"ENSG00000099260.6",288,247,106,128,74,72
"ENSG00000156869.8",1268,1175,714,871,747,352
"ENSG00000162688.11",1244,1243,927,997,791,480
"ENSG00000228084.1",18,13,7,11,9,8
"ENSG00000117620.8",459,450,226,336,257,91
"ENSG00000261254.1",24,18,11,18,22,18
"ENSG00000156875.9",1251,1238,573,710,624,373
"ENSG00000156876.8",893,784,545,596,492,422
"ENSG00000226952.1",42,24,13,20,16,6
"ENSG00000122435.5",229,209,168,220,197,172
"ENSG00000122477.8",19,10,13,24,15,15
"ENSG00000137992.10",546,490,328,403,304,192
"ENSG00000225169.1",7,6,11,9,13,5
"ENSG00000230287.2",11,10,5,5,2,1
"ENSG00000224616.1",31,39,23,18,34,24
"ENSG00000137996.8",934,882,465,755,511,233
"ENSG00000079335.13",868,820,533,715,507,399
"ENSG00000234332.1",46,43,29,21,26,28
"ENSG00000228086.1",17,22,5,8,9,7
"ENSG00000181656.6",2,11,6,11,12,4
"ENSG00000162692.6",14,12,5,23,15,3
"ENSG00000162694.9",304,330,200,233,223,116
"ENSG00000162695.7",323,314,265,312,253,153
"ENSG00000230946.3",21,14,15,15,14,17
"ENSG00000117543.15",452,398,299,337,241,179
"ENSG00000269175.1",5,10,2,11,4,8
"ENSG00000233184.2",42,37,27,42,36,21
"ENSG00000170989.8",31,12,30,78,21,10
"ENSG00000183298.4",27,32,20,29,24,6
"ENSG00000118733.12",7,12,6,20,14,10
"ENSG00000060718.14",37,33,18,49,53,21
"ENSG00000185946.11",426,395,294,360,279,216
"ENSG00000240038.2",15,17,27,37,46,16
"ENSG00000243480.3",8,4,10,15,10,11
"ENSG00000198890.6",317,265,192,262,249,151
"ENSG00000162631.14",7,6,8,19,18,9
"ENSG00000134215.11",21,19,10,45,47,9
"ENSG00000085491.11",718,601,452,504,421,214
"ENSG00000196427.9",31,18,23,20,69,32
"ENSG00000241361.4",74,57,72,76,56,66
"ENSG00000186086.12",21,27,31,32,63,43
"ENSG00000243967.3",22,15,14,14,18,25
"ENSG00000238118.1",17,15,16,11,9,13
"ENSG00000162636.11",2220,2138,1442,1569,957,645
"ENSG00000134186.7",1881,1541,1377,1588,1238,965
"ENSG00000143107.4",12,19,10,25,34,13
"ENSG00000116266.6",698,687,504,669,446,243
"ENSG00000228076.2",26,8,7,9,14,11
"ENSG00000162641.14",16,13,13,21,37,14
"ENSG00000121957.8",838,786,620,730,473,332
"ENSG00000121940.11",1028,999,639,805,690,412
"ENSG00000085433.11",379,311,228,271,205,151
"ENSG00000244716.2",15,24,27,22,25,3
"ENSG00000197780.5",191,139,149,169,190,66
"ENSG00000215717.5",630,562,446,581,424,200
"ENSG00000270066.2",42186,37113,18508,28528,24111,12775
"ENSG00000251484.3",21,12,9,19,13,8
"ENSG00000116299.12",17,12,14,52,28,27
"ENSG00000031698.8",5463,4828,4210,5336,4337,2043
"ENSG00000143126.7",5363,4819,2521,3330,2236,1726
"ENSG00000134222.12",1365,1022,701,880,564,344
"ENSG00000221986.2",24,12,22,44,28,37
"ENSG00000134243.7",6960,6376,2410,3132,1759,1109
"ENSG00000143106.8",2338,2108,1580,2017,1602,422
"ENSG00000162650.11",273,257,248,330,238,206
"ENSG00000174151.10",257,206,150,199,134,110
"ENSG00000181754.6",33,35,30,52,46,20
"ENSG00000156097.8",43,18,9,24,23,14
"ENSG00000065135.7",2213,1980,1353,1750,1492,532
"ENSG00000225113.1",22,21,14,14,26,16
"ENSG00000134183.7",18,18,21,27,37,26
"ENSG00000116337.11",1268,1194,1058,1436,1117,637
"ENSG00000168765.11",482,390,320,521,389,215
"ENSG00000213366.8",231,218,207,245,214,166
"ENSG00000134201.6",11,9,5,19,15,4
"ENSG00000134202.6",91,83,49,74,154,44
"ENSG00000198758.6",14,26,17,29,36,27
"ENSG00000261055.1",12,15,30,37,48,58
"ENSG00000184371.9",554,466,194,278,265,206
"ENSG00000168710.13",3196,3020,2629,3384,2604,1472
"ENSG00000143093.10",1422,1320,895,1069,1008,751
"ENSG00000258634.2",144,141,107,104,158,110
"ENSG00000197106.6",25,16,9,29,23,18
"ENSG00000116396.9",195,188,57,95,109,80
"ENSG00000227963.1",11,16,19,12,11,8
"ENSG00000162775.10",5341,4535,2811,3469,2947,2561
"ENSG00000168679.13",292,204,116,160,155,176
"ENSG00000273373.1",376,316,169,137,178,193
"ENSG00000224699.4",60,37,35,30,29,24
"ENSG00000134248.9",1124,1129,609,795,625,127
"ENSG00000143105.5",6,7,6,10,13,3
"ENSG00000177301.9",8,10,5,20,13,3
"ENSG00000177272.7",12,11,8,14,11,6
"ENSG00000143119.8",2132,1996,1036,1396,970,408
"ENSG00000261654.1",18,22,39,18,21,25
"ENSG00000232811.1",62,29,39,38,31,43
"ENSG00000121931.11",818,729,766,858,716,576
"ENSG00000273010.1",92,97,64,80,76,50
"ENSG00000156171.10",834,799,481,588,396,157
"ENSG00000134255.9",692,603,404,504,408,242
"ENSG00000162777.12",39,36,27,33,56,29
"ENSG00000064886.9",5,10,4,15,10,3
"ENSG00000134216.14",4,6,1,10,17,10
"ENSG00000085465.11",25,28,44,76,65,41
"ENSG00000260948.1",12,13,16,17,14,23
"ENSG00000233337.1",13,7,13,15,6,13
"ENSG00000243960.1",11,3,9,9,11,14
"ENSG00000116455.9",528,440,520,646,637,270
"ENSG00000116459.6",3877,3589,2881,3495,3025,1171
"ENSG00000143110.7",37,32,34,48,44,27
"ENSG00000121933.13",19,6,12,25,25,11
"ENSG00000116473.10",748,678,708,787,705,468
"ENSG00000231346.1",18,12,11,20,37,31
"ENSG00000215867.4",45,56,34,48,44,39
"ENSG00000197852.8",54,34,104,94,147,125
"ENSG00000064703.7",581,453,443,616,447,206
"ENSG00000171385.5",13,15,15,22,17,11
"ENSG00000143079.10",95,71,148,195,178,114
"ENSG00000134245.13",44,42,43,56,61,49
"ENSG00000007341.14",435,352,310,330,335,228
"ENSG00000116489.8",4560,4191,3582,4115,3349,1936
"ENSG00000235299.2",28,24,20,23,22,10
"ENSG00000238975.1",17,26,10,17,25,13
"ENSG00000155363.14",3518,3206,2153,2666,2223,1596
"ENSG00000225075.1",14,12,4,11,5,6
"ENSG00000155366.12",1909,1659,978,1183,1187,594
"ENSG00000155367.11",173,155,198,250,212,158
"ENSG00000215866.3",14,7,35,54,89,59
"ENSG00000155380.7",4928,4315,5237,7667,6719,3312
"ENSG00000229020.4",107,112,117,99,108,72
"ENSG00000226419.2",207,150,191,235,203,230
"ENSG00000236066.1",2,3,12,1,12,15
"ENSG00000238198.1",22,42,34,41,52,52
"ENSG00000198799.7",1921,1555,1486,1698,1445,1083
"ENSG00000081026.14",1240,1108,1963,2392,1566,1339
"ENSG00000232499.2",27,17,36,41,24,35
"ENSG00000116793.11",633,551,428,522,548,380
"ENSG00000232450.1",14,19,10,26,18,20
"ENSG00000081019.9",1511,1389,970,1138,948,614
"ENSG00000134242.11",10,14,16,42,41,22
"ENSG00000226167.1",12,19,10,15,8,8
"ENSG00000188761.7",7,12,6,11,4,3
"ENSG00000134262.8",370,347,294,281,237,191
"ENSG00000118655.4",706,656,383,504,416,241
"ENSG00000235527.2",29,38,16,15,17,23
"ENSG00000163349.17",3957,3748,2647,3340,2414,1734
"ENSG00000116774.7",11,9,4,9,33,6
"ENSG00000134207.10",10,9,40,55,55,59
"ENSG00000197323.6",3360,2914,2023,2415,1627,1453
"ENSG00000226984.1",24,17,19,4,5,7
"ENSG00000225650.2",17,15,7,6,17,7
"ENSG00000116752.5",452,443,323,502,365,174
"ENSG00000175984.10",17,10,20,45,44,25
"ENSG00000116748.15",17,8,5,23,22,8
"ENSG00000213281.4",1681,1617,1067,1324,1234,524
"ENSG00000009307.11",10616,9607,6187,7956,6083,3025
"ENSG00000052723.7",1121,1079,850,893,792,472
"ENSG00000198765.7",13,10,11,24,30,6
"ENSG00000134198.5",10,6,1,2,10,4
"ENSG00000173218.10",597,522,241,340,179,93
"ENSG00000163393.8",14,6,12,36,26,11
"ENSG00000173212.4",8,10,5,17,13,6
"ENSG00000163399.11",14550,13677,6075,9321,8221,2631
"ENSG00000203865.5",53,34,33,38,31,21
"ENSG00000224950.1",50,37,28,38,37,55
"ENSG00000116815.11",379,379,265,263,341,177
"ENSG00000177173.5",189,191,119,100,164,230
"ENSG00000143061.13",538,493,1095,1635,1053,547
"ENSG00000116824.4",6,8,5,11,16,6
"ENSG00000134247.9",1598,1532,822,1125,941,494
"ENSG00000134256.8",18,14,17,53,38,15
"ENSG00000116830.7",2722,2312,1701,1957,1498,1182
"ENSG00000134253.5",244,195,136,201,148,115
"ENSG00000134258.12",4,11,4,15,20,4
"ENSG00000198162.8",1751,1587,1332,1616,1418,939
"ENSG00000183508.4",1278,1217,206,245,432,225
"ENSG00000196505.6",585,554,380,442,311,213
"ENSG00000065183.11",1215,990,946,1203,995,399
"ENSG00000155761.9",37,36,27,69,47,23
"ENSG00000092607.9",16,6,9,22,19,9
"ENSG00000116874.7",298,255,180,216,143,61
"ENSG00000231365.1",253,221,216,282,238,199
"ENSG00000116882.10",8,10,2,16,9,4
"ENSG00000203857.5",10,5,2,11,8,7
"ENSG00000143067.4",196,161,307,374,556,369
"ENSG00000092621.7",822,694,1710,2190,3046,1419
"ENSG00000134193.10",10,4,2,12,10,7
"ENSG00000215864.3",10,5,9,16,17,15
"ENSG00000134249.6",8,14,4,28,20,4
"ENSG00000134250.13",273,193,1642,2495,1857,913
"ENSG00000273131.1",48,67,66,70,57,67
"ENSG00000236933.1",162,142,85,86,68,20
"ENSG00000188610.8",316,282,220,247,183,106
"ENSG00000213244.3",9,11,1,11,7,4
"ENSG00000223345.3",16,13,2,10,8,9
"ENSG00000233029.3",12,17,5,18,15,9
"ENSG00000198019.8",8,9,2,15,18,6
"ENSG00000230806.1",22,12,9,8,14,14
"ENSG00000171943.7",268,234,181,223,182,138
"ENSG00000269996.1",126,111,81,91,104,78
"ENSG00000231752.1",9,6,24,47,36,26
"ENSG00000230880.2",319,239,257,283,276,202
"ENSG00000203849.6",189,104,163,144,159,155
"ENSG00000266657.1",11,9,10,15,11,9
"ENSG00000225015.1",113,66,84,90,72,83
"ENSG00000233218.1",60,21,37,46,48,38
"ENSG00000230446.1",32,27,30,38,45,42
"ENSG00000236055.1",84,78,105,111,94,140
"ENSG00000230255.1",147,80,167,150,138,221
"ENSG00000229683.1",72,53,94,62,58,80
"ENSG00000234978.1",456,414,687,775,563,510
"ENSG00000232745.2",342,275,615,528,480,568
"ENSG00000232274.2",709,571,392,342,339,342
"ENSG00000230850.3",337,260,156,170,187,203
"ENSG00000237291.2",142,76,53,76,50,97
"ENSG00000265661.1",47,30,26,25,31,21
"ENSG00000232336.1",28,12,10,10,13,17
"ENSG00000225278.3",118,135,88,122,86,102
"ENSG00000231289.1",26,14,17,11,18,30
"ENSG00000229420.1",17,3,4,4,2,14
"ENSG00000232571.1",15,6,10,5,10,15
"ENSG00000242569.3",51,38,60,66,66,62
"ENSG00000185044.10",860,680,625,747,673,400
"ENSG00000238261.5",369,231,329,293,292,355
"ENSG00000266811.1",17,15,22,15,15,11
"ENSG00000272302.1",16,17,6,6,10,11
"ENSG00000223804.1",52,29,29,28,31,25
"ENSG00000236334.1",6,4,7,33,18,7
"ENSG00000215784.4",186,171,160,225,129,90
"ENSG00000196369.6",444,353,296,423,338,275
"ENSG00000235398.4",13,6,2,14,8,4
"ENSG00000231360.2",33,28,25,30,20,21
"ENSG00000236943.2",34,38,24,38,29,24
"ENSG00000201699.1",29,17,37,20,18,20
"ENSG00000225241.3",548,418,520,605,402,311
"ENSG00000203843.3",10,9,18,5,5,2
"ENSG00000215861.4",106,110,28,46,4,5
"ENSG00000168614.13",85,92,122,168,87,78
"ENSG00000254539.1",31,12,7,4,1,2
"ENSG00000178104.15",13175,11495,4028,4609,1302,934
"ENSG00000255148.2",35,35,9,11,1,1
"ENSG00000254913.1",21,13,2,3,1,0
"ENSG00000222788.1",11,14,0,14,0,0
"ENSG00000268172.1",356,271,118,105,44,59
"ENSG00000223380.3",1392,1238,1241,1453,1143,696
"ENSG00000177144.5",37,36,27,37,19,12
"ENSG00000213240.7",311,248,248,363,226,207
"ENSG00000163386.16",229,175,255,344,259,209
"ENSG00000233396.3",27,25,29,39,33,33
"ENSG00000201558.1",29,28,56,66,46,14
"ENSG00000168509.13",261,208,10,24,12,6
"ENSG00000117289.7",10508,9351,8727,10901,9792,5629
"ENSG00000121851.8",525,454,306,425,406,196
"ENSG00000181039.7",58,61,62,76,73,56
"ENSG00000234222.2",22,22,31,32,25,20
"ENSG00000152022.7",877,788,568,880,569,286
"ENSG00000131795.8",879,834,894,1150,930,432
"ENSG00000211451.7",44,48,29,42,29,24
"ENSG00000131779.6",311,296,254,377,293,110
"ENSG00000143127.8",21,16,16,44,31,20
"ENSG00000198483.8",25,19,14,28,32,16
"ENSG00000131788.11",533,446,526,633,520,339
"ENSG00000186364.7",134,133,103,115,110,105
"ENSG00000186141.4",413,340,391,501,530,313
"ENSG00000121848.9",774,624,860,946,840,571
"ENSG00000117281.11",18,18,30,30,30,22
"ENSG00000174827.9",27,29,27,38,19,31
"ENSG00000117262.14",192,172,164,183,215,149
"ENSG00000152042.13",15,7,26,22,17,17
"ENSG00000232637.3",65,89,95,141,92,83
"ENSG00000186275.7",252,173,293,397,267,290
"ENSG00000244371.2",14,13,9,30,22,13
"ENSG00000227242.2",39,43,11,12,19,7
"ENSG00000131791.6",571,509,634,745,682,426
"ENSG00000237188.3",7,4,15,6,15,11
"ENSG00000131781.8",38,46,39,36,44,33
"ENSG00000180867.9",15,28,22,26,24,13
"ENSG00000226015.2",17,4,5,16,8,14
"ENSG00000131778.13",2097,1923,1628,1852,1675,1147
"ENSG00000213226.4",0,3,22,11,31,30
"ENSG00000226653.2",2,3,8,16,19,28
"ENSG00000272443.1",1,2,14,12,31,35
"ENSG00000272480.1",1,1,12,2,14,13
"ENSG00000234610.1",13,6,187,195,317,264
"ENSG00000116128.5",278,276,214,338,253,188
"ENSG00000162836.7",28,22,88,125,126,102
"ENSG00000143140.6",12,4,3,27,89,49
"ENSG00000188092.10",70,71,62,75,107,64
"ENSG00000203836.7",40,25,37,32,30,48
"ENSG00000228626.1",3,1,16,10,13,7
"ENSG00000231196.3",0,2,6,6,16,10
"ENSG00000202408.1",22,29,32,29,24,3
"ENSG00000212456.1",34,40,39,37,59,17
"ENSG00000122497.13",149,123,145,186,126,89
"ENSG00000223612.2",15,13,10,22,12,1
"ENSG00000207501.1",75,62,101,100,117,59
"ENSG00000203832.6",94,82,132,154,102,90
"ENSG00000234367.1",18,17,31,20,20,14
"ENSG00000243452.3",309,242,344,337,208,214
"ENSG00000207205.1",84,54,79,85,95,33
"ENSG00000203827.7",18,9,38,44,52,29
"ENSG00000231448.1",13,3,5,18,9,4
"ENSG00000175658.3",14,11,10,26,12,10
"ENSG00000232527.3",43,32,34,56,35,41
"ENSG00000203825.4",2,9,2,16,17,7
"ENSG00000206737.1",78,74,86,98,103,19
"ENSG00000235999.1",56,53,0,6,10,12
"ENSG00000234571.1",10,4,4,10,5,3
"ENSG00000203817.5",17,33,12,17,13,4
"ENSG00000212544.1",58,52,66,81,57,18
"ENSG00000269501.1",11,13,0,6,6,3
"ENSG00000202496.1",24,16,18,23,25,5
"ENSG00000203814.5",2518,2393,1807,2234,1577,1063
"ENSG00000233030.2",13,13,10,14,17,3
"ENSG00000183598.3",3180,3087,2327,2876,2120,913
"ENSG00000203811.1",8,13,8,16,15,8
"ENSG00000183558.5",18,26,9,25,18,5
"ENSG00000220323.3",30,21,11,20,20,5
"ENSG00000261716.1",363,344,191,218,265,327
"ENSG00000203819.6",21,37,18,17,14,13
"ENSG00000203812.2",34,33,37,35,27,16
"ENSG00000203852.3",10,12,8,11,9,3
"ENSG00000184678.8",7988,7567,4903,6054,4768,3182
"ENSG00000184260.4",5367,5127,4201,5249,4103,2079
"ENSG00000184270.3",882,764,694,889,963,401
"ENSG00000178096.8",36,19,19,36,19,21
"ENSG00000159164.5",21,16,9,43,42,17
"ENSG00000143368.9",646,563,466,694,589,252
"ENSG00000014914.15",47,48,49,82,69,65
"ENSG00000163113.10",848,759,715,918,819,648
"ENSG00000136631.8",507,392,390,404,404,262
"ENSG00000023902.9",302,296,68,73,90,82
"ENSG00000143401.10",1738,1578,1595,2082,1617,995
"ENSG00000118298.6",60,44,48,30,51,37
"ENSG00000117362.8",1175,1057,980,1398,1142,413
"ENSG00000118292.4",18,17,15,15,12,7
"ENSG00000187145.10",1090,1059,941,1233,1088,517
"ENSG00000117360.8",1353,1144,1079,1235,1052,918
"ENSG00000163125.11",1200,971,1133,1508,1171,900
"ENSG00000143374.10",1165,1101,1125,1466,1161,550
"ENSG00000143369.10",293,224,434,734,672,413
"ENSG00000228126.1",24,28,17,13,9,13
"ENSG00000237781.2",87,72,45,49,34,68
"ENSG00000143382.9",8913,8011,4370,5404,4641,4078
"ENSG00000264553.1",31,25,11,12,8,15
"ENSG00000203804.3",19,17,21,9,20,19
"ENSG00000143384.8",4883,4511,4170,5452,4550,3065
"ENSG00000143420.13",2933,2768,3124,3798,3057,1900
"ENSG00000143457.6",692,589,756,851,647,386
"ENSG00000163131.6",154,142,276,350,282,177
"ENSG00000143387.8",38,35,49,75,81,61
"ENSG00000143437.16",2187,1988,1867,2546,1876,1075
"ENSG00000143379.8",1603,1528,1360,1629,1368,902
"ENSG00000143418.15",2639,2328,1574,2416,2060,881
"ENSG00000231073.1",54,44,15,36,36,22
"ENSG00000143412.5",127,157,132,164,102,106
"ENSG00000143409.11",286,246,304,383,375,255
"ENSG00000143363.11",606,474,624,745,613,315
"ENSG00000163141.14",33,36,53,56,55,63
"ENSG00000143443.9",92,59,54,95,84,45
"ENSG00000197622.8",2009,1825,2329,2883,2213,1558
"ENSG00000213190.2",342,349,630,850,737,486
"ENSG00000143458.7",409,310,275,412,437,413
"ENSG00000143434.11",267,244,151,193,157,118
"ENSG00000163154.5",12,6,13,12,12,10
"ENSG00000163156.7",418,332,279,392,292,137
"ENSG00000163155.7",167,150,128,188,144,86
"ENSG00000163159.7",889,808,803,1040,919,451
"ENSG00000143398.15",571,516,773,933,654,391
"ENSG00000159352.11",2719,2375,2249,2780,2816,1172
"ENSG00000232671.2",22,8,14,9,12,14
"ENSG00000143373.13",1352,1238,1047,1461,1222,847
"ENSG00000143393.12",1630,1442,1737,2131,2024,1200
"ENSG00000143390.13",440,434,507,620,476,311
"ENSG00000237976.1",12,1,10,12,3,2
"ENSG00000143416.16",745,678,968,1246,1033,613
"ENSG00000159377.6",2822,2649,2494,3364,2690,857
"ENSG00000143442.17",1986,1703,2095,2778,2058,1581
"ENSG00000143375.10",37,13,20,43,53,23
"ENSG00000143367.11",138,117,211,201,236,186
"ENSG00000232536.1",17,12,19,9,5,21
"ENSG00000250734.2",12,8,10,20,18,10
"ENSG00000143376.8",1007,849,1009,1195,1118,883
"ENSG00000159409.10",13,17,6,21,17,10
"ENSG00000143436.6",760,750,572,690,548,224
"ENSG00000143450.10",17,13,8,28,11,14
"ENSG00000249602.1",20,17,10,28,24,11
"ENSG00000182134.11",395,320,383,496,350,187
"ENSG00000203288.3",19,11,6,7,6,5
"ENSG00000143365.12",15,7,10,23,18,6
"ENSG00000159445.8",285,269,320,400,393,244
"ENSG00000197747.4",14,7,13,24,19,13
"ENSG00000163191.5",610,548,778,1008,694,425
"ENSG00000182898.3",8,11,11,28,17,16
"ENSG00000159450.8",58,47,39,133,90,27
"ENSG00000215853.3",9,19,5,32,24,12
"ENSG00000197915.5",42,30,32,93,72,33
"ENSG00000143631.10",100,68,70,157,149,66
"ENSG00000143520.6",30,35,31,77,54,29
"ENSG00000143536.7",17,3,2,21,12,7
"ENSG00000203786.5",11,7,6,15,13,2
"ENSG00000240386.2",4,6,1,10,11,1
"ENSG00000172155.7",1,3,3,11,10,5
"ENSG00000163207.5",13,6,10,41,19,9
"ENSG00000163216.6",2,3,0,11,11,3
"ENSG00000203785.4",4,4,4,20,15,4
"ENSG00000203782.5",7,4,3,17,16,6
"ENSG00000163220.10",6,11,7,11,7,7
"ENSG00000238279.1",2,4,5,12,7,12
"ENSG00000197956.5",459,458,845,1021,1245,542
"ENSG00000196420.3",5,3,4,13,10,24
"ENSG00000196154.7",285,265,604,734,850,497
"ENSG00000188015.5",4,5,6,11,12,14
"ENSG00000196754.6",8,8,8,15,8,22
"ENSG00000188643.6",49,68,84,116,74,44
"ENSG00000189171.9",340,340,384,467,415,144
"ENSG00000160678.7",102,54,64,90,46,39
"ENSG00000272030.1",6,9,15,13,13,4
"ENSG00000160679.8",1445,1192,1282,1543,1394,904
"ENSG00000143553.6",258,254,264,310,222,108
"ENSG00000143621.12",4544,4227,3645,4522,3108,1151
"ENSG00000169418.9",17,23,19,46,47,16
"ENSG00000143624.9",1912,1590,1802,2186,1743,1598
"ENSG00000238511.1",6,14,10,10,15,10
"ENSG00000143554.9",158,185,76,123,96,76
"ENSG00000231827.2",15,12,23,23,25,22
"ENSG00000143614.7",1470,1275,1275,1634,1287,1074
"ENSG00000223599.1",74,50,64,46,63,109
"ENSG00000236327.2",11,12,9,21,11,16
"ENSG00000198837.5",4219,3780,3409,4295,3405,3069
"ENSG00000160741.12",651,627,478,642,612,445
"ENSG00000143570.13",1448,1319,1260,2061,1595,674
"ENSG00000143578.11",372,298,293,365,254,180
"ENSG00000143543.10",1611,1570,1809,2290,1993,799
"ENSG00000272654.1",51,43,48,42,62,34
"ENSG00000143545.4",970,809,962,1242,1380,856
"ENSG00000177954.7",6948,8649,7476,9580,8028,925
"ENSG00000143552.5",59,49,51,84,82,54
"ENSG00000143549.15",6114,5365,5875,8012,6887,4117
"ENSG00000264384.1",14,12,14,12,24,15
"ENSG00000143612.14",2921,2649,2108,2855,2431,789
"ENSG00000143569.14",4103,3513,3595,4463,3697,3113
"ENSG00000252817.1",27,25,18,27,34,7
"ENSG00000143575.10",1370,1270,1513,2032,1416,580
"ENSG00000143595.8",291,247,270,350,190,129
"ENSG00000143515.12",2017,1838,1811,2495,1736,1339
"ENSG00000160712.8",26,15,21,35,17,13
"ENSG00000169291.5",25,22,13,42,31,22
"ENSG00000163239.8",14,8,11,13,15,3
"ENSG00000160714.5",493,446,481,456,548,426
"ENSG00000229780.1",18,7,9,8,15,12
"ENSG00000160716.4",36,16,30,52,46,27
"ENSG00000160710.11",5289,4782,5404,6860,5953,3652
"ENSG00000143603.14",15,12,21,33,37,12
"ENSG00000163344.5",105,100,142,180,145,38
"ENSG00000163346.12",681,536,559,729,613,479
"ENSG00000163348.3",833,730,821,1221,1010,708
"ENSG00000271380.1",17,10,7,10,7,7
"ENSG00000160691.14",1201,1124,1700,2235,2093,1142
"ENSG00000173207.8",1881,1674,1319,1719,1344,304
"ENSG00000160688.14",548,537,516,636,513,325
"ENSG00000163352.5",10,8,4,11,7,7
"ENSG00000160685.9",1256,1126,1125,1474,1526,1011
"ENSG00000163354.10",66,54,26,75,66,41
"ENSG00000163357.6",53,41,20,53,30,34
"ENSG00000232093.1",11,13,14,23,20,10
"ENSG00000143537.9",1187,1138,926,1240,1216,681
"ENSG00000243364.3",157,132,84,115,87,46
"ENSG00000143590.9",151,143,71,100,66,45
"ENSG00000169242.7",182,148,125,115,86,46
"ENSG00000169241.13",750,702,594,888,732,290
"ENSG00000179085.7",373,365,237,358,377,96
"ENSG00000163463.7",122,114,58,103,90,71
"ENSG00000163462.13",45,38,39,58,44,31
"ENSG00000185499.12",621,474,205,280,230,161
"ENSG00000169231.9",317,237,250,306,247,236
"ENSG00000231064.1",37,29,15,24,23,24
"ENSG00000173171.10",400,357,342,418,360,198
"ENSG00000160766.10",81,49,62,75,84,77
"ENSG00000236675.1",16,12,10,36,28,16
"ENSG00000177628.11",189,153,154,205,219,106
"ENSG00000160767.16",966,929,855,1163,804,640
"ENSG00000116521.6",814,709,679,974,775,359
"ENSG00000176444.14",986,875,994,1215,1086,976
"ENSG00000143630.5",1120,1069,523,639,688,556
"ENSG00000143627.13",7191,6392,2109,3014,2827,1416
"ENSG00000160752.10",3339,3013,2043,2342,2026,1199
"ENSG00000225855.2",450,405,258,219,239,361
"ENSG00000160753.11",784,674,699,933,801,431
"ENSG00000116539.6",3288,2950,3108,3352,3045,3311
"ENSG00000227773.1",12,7,11,14,13,16
"ENSG00000237872.3",28,21,33,38,41,43
"ENSG00000235919.3",211,189,140,167,142,99
"ENSG00000271267.1",29,14,25,10,20,21
"ENSG00000223503.1",3,7,8,3,15,10
"ENSG00000125459.10",246,175,240,274,247,175
"ENSG00000203761.4",56,43,81,69,57,64
"ENSG00000246203.2",13,12,21,13,23,15
"ENSG00000163374.15",1762,1574,1474,1837,1384,1144
"ENSG00000132676.11",3380,3139,2878,3609,3055,1407
"ENSG00000116580.14",2491,2035,2160,2485,2006,1801
"ENSG00000234937.1",20,18,19,24,14,28
"ENSG00000132718.7",7,22,33,46,69,36
"ENSG00000143622.6",706,747,627,733,651,412
"ENSG00000132680.6",2576,2392,2382,2839,2257,2287
"ENSG00000207475.1",1,13,21,11,11,2
"ENSG00000252808.1",5,14,11,4,5,6
"ENSG00000173080.4",28,16,20,17,34,32
"ENSG00000116584.13",3710,3394,3546,4427,4761,3381
"ENSG00000273002.1",49,40,53,51,60,61
"ENSG00000163479.9",2011,1702,1656,2416,1844,779
"ENSG00000160803.7",1719,1615,1382,1754,1428,986
"ENSG00000116586.7",383,363,285,385,303,104
"ENSG00000254726.2",511,492,517,691,507,373
"ENSG00000160789.15",8043,7086,7052,8438,8158,5459
"ENSG00000196189.8",72,46,51,69,70,46
"ENSG00000160785.9",401,339,265,403,299,274
"ENSG00000160783.15",346,339,311,348,281,148
"ENSG00000242252.1",22,16,16,17,12,9
"ENSG00000160781.11",96,72,81,120,108,119
"ENSG00000198952.7",2773,2602,2881,3623,2833,2077
"ENSG00000163472.14",152,115,115,182,135,80
"ENSG00000198715.7",274,221,219,301,276,87
"ENSG00000163468.10",6578,6251,5901,7422,6156,2260
"ENSG00000163467.7",21,17,22,23,14,14
"ENSG00000132677.8",12,5,4,10,17,4
"ENSG00000125462.12",33,50,86,127,156,139
"ENSG00000116604.13",643,531,678,844,717,616
"ENSG00000183856.6",2293,1879,1739,1941,1758,1725
"ENSG00000187862.7",7,12,5,30,12,9
"ENSG00000163382.7",1007,1019,900,1308,1013,247
"ENSG00000160818.12",337,272,363,518,460,334
"ENSG00000132702.8",109,73,84,120,157,91
"ENSG00000272068.1",335,291,277,318,407,358
"ENSG00000132692.14",453,329,404,480,462,589
"ENSG00000272405.1",1374,1255,1309,1604,1747,1609
"ENSG00000229953.1",365,358,393,428,467,538
"ENSG00000132688.10",1234,1060,614,690,656,578
"ENSG00000237588.2",14,12,8,15,11,11
"ENSG00000143320.4",24,27,65,82,58,21
"ENSG00000143319.12",777,659,879,1142,978,671
"ENSG00000143303.7",915,800,796,1033,865,536
"ENSG00000143314.8",408,356,395,523,357,183
"ENSG00000143321.14",8035,7178,7025,8563,6739,4422
"ENSG00000143294.10",1265,1115,1153,1700,1395,919
"ENSG00000027869.7",273,238,421,603,632,453
"ENSG00000198400.7",1046,996,1864,2429,1124,858
"ENSG00000027644.4",33,29,63,80,75,83
"ENSG00000187800.9",280,256,371,476,574,403
"ENSG00000160838.9",57,43,127,176,163,164
"ENSG00000132694.14",1408,1247,1163,1448,1104,991
"ENSG00000224520.2",16,8,22,37,27,23
"ENSG00000253831.1",5,11,4,15,4,8
"ENSG00000117036.7",599,536,631,854,642,387
"ENSG00000271736.1",66,43,34,59,188,183
"ENSG00000143297.14",19,13,9,31,22,19
"ENSG00000163518.6",11,12,3,8,13,5
"ENSG00000160856.16",22,16,11,30,33,13
"ENSG00000132704.11",9,12,10,22,22,4
"ENSG00000163534.10",7,4,3,17,13,2
"ENSG00000073754.5",7,10,1,26,13,11
"ENSG00000183853.13",81,61,21,56,141,102
"ENSG00000158473.6",16,7,3,10,25,17
"ENSG00000158477.6",8,5,5,16,15,6
"ENSG00000158485.6",6,12,3,13,12,3
"ENSG00000198967.3",11,7,3,10,4,4
"ENSG00000163554.7",8103,6955,4175,4570,3351,3551
"ENSG00000163564.10",9,1,3,10,16,11
"ENSG00000163565.14",15,19,5,24,25,18
"ENSG00000158716.4",54,69,87,95,107,23
"ENSG00000181036.9",9,4,3,19,14,5
"ENSG00000158714.6",10,10,7,22,22,9
"ENSG00000243284.1",4,9,7,16,18,3
"ENSG00000213085.5",24,23,36,62,48,55
"ENSG00000158710.10",7705,7098,7771,10562,8304,3700
"ENSG00000085552.12",51,43,32,86,69,47
"ENSG00000260766.1",33,24,40,33,29,34
"ENSG00000143315.5",222,185,180,261,240,180
"ENSG00000177807.6",16,16,10,6,8,8
"ENSG00000162728.4",11,1,8,19,9,15
"ENSG00000162729.9",427,329,229,311,211,107
"ENSG00000018625.10",44,14,15,36,35,24
"ENSG00000132681.12",13,22,17,33,30,8
"ENSG00000227741.1",18,23,10,25,37,27
"ENSG00000162734.8",432,371,430,447,539,420
"ENSG00000132716.14",1774,1426,1381,1613,1287,1042
"ENSG00000228606.1",33,31,18,36,28,24
"ENSG00000162735.14",592,541,559,599,584,256
"ENSG00000122218.10",8511,7831,8467,10606,9189,4372
"ENSG00000235082.2",7,10,10,4,13,9
"ENSG00000202078.1",12,7,13,8,3,25
"ENSG00000162736.11",1527,1353,925,1460,1181,573
"ENSG00000171786.5",6,9,9,13,13,14
"ENSG00000162738.5",1343,1275,686,1024,1080,732
"ENSG00000162739.9",13,10,13,27,13,7
"ENSG00000066294.10",86,76,123,151,254,190
"ENSG00000117090.10",14,14,5,20,24,28
"ENSG00000117091.5",1,0,2,10,10,1
"ENSG00000026751.12",3,8,7,17,17,10
"ENSG00000122224.13",16,16,10,18,12,6
"ENSG00000179914.4",3,6,5,12,16,4
"ENSG00000213080.3",11,13,9,20,21,5
"ENSG00000158764.6",2,2,5,25,12,3
"ENSG00000158769.13",907,887,699,931,731,478
"ENSG00000270149.1",7,14,12,11,11,6
"ENSG00000158773.10",636,524,542,739,527,324
"ENSG00000186517.9",43,47,31,50,100,62
"ENSG00000143217.7",7,15,8,19,20,8
"ENSG00000162755.9",13,11,5,12,10,3
"ENSG00000143256.4",994,863,889,1228,946,596
"ENSG00000158793.9",325,292,275,299,302,224
"ENSG00000158796.12",332,267,245,345,289,176
"ENSG00000143222.7",1203,1094,859,1089,984,443
"ENSG00000143258.11",872,786,663,871,650,409
"ENSG00000143224.13",1763,1657,638,787,764,435
"ENSG00000158850.10",1323,1236,762,1113,926,315
"ENSG00000158859.9",20,18,11,36,25,20
"ENSG00000158864.8",2297,2078,1728,2398,1804,638
"ENSG00000158882.8",211,165,326,421,420,209
"ENSG00000143257.7",23,14,29,38,52,40
"ENSG00000248485.1",9,2,5,14,10,6
"ENSG00000158887.11",71,75,76,104,101,61
"ENSG00000143252.10",793,784,765,989,731,354
"ENSG00000188931.3",264,196,241,252,213,185
"ENSG00000235477.2",75,89,118,132,104,93
"ENSG00000215840.3",7,14,14,15,19,10
"ENSG00000143226.9",2443,2180,1525,2013,1096,554
"ENSG00000173110.6",203,131,104,115,61,69
"ENSG00000203747.5",16,24,5,8,12,7
"ENSG00000072694.14",138,107,22,37,20,11
"ENSG00000244682.3",294,180,37,42,38,36
"ENSG00000225217.1",221,221,45,49,34,33
"ENSG00000162747.5",42,30,6,7,10,5
"ENSG00000132185.12",20,7,11,16,21,7
"ENSG00000162746.10",96,84,42,47,47,22
"ENSG00000081721.7",393,394,288,403,318,138
"ENSG00000118217.5",1531,1467,1442,1838,1579,945
"ENSG00000229808.1",69,44,36,42,44,70
"ENSG00000162745.6",40,45,17,21,82,60
"ENSG00000198929.8",43,55,193,287,352,356
"ENSG00000239887.3",39,19,186,216,298,213
"ENSG00000171722.7",6,4,10,35,26,32
"ENSG00000198574.4",6,1,59,73,83,52
"ENSG00000152332.11",2424,2387,4319,5191,4548,2984
"ENSG00000117143.9",2255,1906,4307,5085,5007,2491
"ENSG00000272574.1",56,20,60,58,94,100
"ENSG00000162733.12",31,39,95,171,203,130
"ENSG00000132196.9",474,419,341,470,367,190
"ENSG00000185860.9",6,7,5,11,8,12
"ENSG00000232995.3",49,60,69,54,23,55
"ENSG00000143228.8",1137,960,890,951,760,500
"ENSG00000185630.14",35,44,13,49,66,34
"ENSG00000143171.8",7,9,7,28,29,7
"ENSG00000143198.8",790,748,761,892,924,281
"ENSG00000143149.8",817,819,663,845,639,178
"ENSG00000143183.12",743,707,686,873,725,334
"ENSG00000224358.1",13,13,25,21,26,22
"ENSG00000143179.8",1685,1572,1656,2143,1389,695
"ENSG00000236364.2",30,23,22,27,14,16
"ENSG00000188859.5",3,13,6,17,24,8
"ENSG00000143157.7",1247,1050,1358,1880,1259,706
"ENSG00000152382.5",620,543,390,502,383,184
"ENSG00000225171.2",17,15,14,4,7,6
"ENSG00000143195.8",12,10,6,20,21,9
"ENSG00000143194.8",4,5,455,740,132,55
"ENSG00000198842.5",17,10,8,31,35,10
"ENSG00000272205.1",33,26,23,36,19,23
"ENSG00000143190.17",2438,2076,1932,2335,1855,1514
"ENSG00000272033.1",38,50,32,42,42,41
"ENSG00000198821.6",7,12,6,12,4,12
"ENSG00000143162.7",4901,4497,2413,3209,2620,1222
"ENSG00000241666.2",211,155,119,145,102,84
"ENSG00000198771.6",2297,2043,1641,2080,1247,825
"ENSG00000197965.7",2019,1908,1520,1903,1307,701
"ENSG00000143199.13",50,46,552,649,228,258
"ENSG00000232194.1",8,4,5,23,20,11
"ENSG00000143158.6",980,1018,688,747,992,264
"ENSG00000143164.11",2394,2018,2848,3232,2366,1735
"ENSG00000224837.1",5,9,11,18,7,4
"ENSG00000143147.10",52,53,82,102,137,96
"ENSG00000143155.8",672,618,620,810,628,245
"ENSG00000213064.5",1908,1785,1595,1859,1886,1123
"ENSG00000143178.8",38,43,72,86,81,82
"ENSG00000143153.8",73,63,21,42,42,29
"ENSG00000143156.9",269,184,242,261,198,112
"ENSG00000117475.9",466,427,379,430,295,287
"ENSG00000117477.8",17,10,22,18,23,11
"ENSG00000117479.8",800,670,609,756,663,299
"ENSG00000234604.2",14,12,8,15,5,3
"ENSG00000213062.3",33,23,27,42,36,35
"ENSG00000198734.6",32,23,29,72,56,39
"ENSG00000174175.12",20,7,15,14,28,4
"ENSG00000000460.12",514,519,458,587,483,318
"ENSG00000188404.4",10,3,3,15,15,16
"ENSG00000007908.11",5,12,4,17,17,8
"ENSG00000171806.7",90,103,61,118,66,57
"ENSG00000000457.9",247,213,227,293,247,186
"ENSG00000075945.8",216,187,435,566,482,204
"ENSG00000120370.8",93,82,111,110,105,121
"ENSG00000116132.7",2,6,2,16,13,6
"ENSG00000117501.10",11,9,7,27,27,9
"ENSG00000010932.11",6,6,4,12,14,7
"ENSG00000076258.5",18,11,32,32,28,26
"ENSG00000117523.11",13337,11596,13187,14993,12262,10435
"ENSG00000239373.2",67,61,35,22,39,43
"ENSG00000230364.1",0,7,10,10,6,3
"ENSG00000117533.10",353,346,253,351,237,122
"ENSG00000010165.15",1187,1095,865,1133,944,412
"ENSG00000197959.9",43,22,49,86,95,57
"ENSG00000135845.5",451,377,519,651,495,260
"ENSG00000094975.9",1106,1032,1292,1586,1347,884
"ENSG00000117586.6",5,5,9,10,29,8
"ENSG00000231615.2",3,2,7,5,10,16
"ENSG00000203739.3",85,79,77,97,90,88
"ENSG00000117592.8",7172,6626,5757,6666,5553,2466
"ENSG00000162753.10",12,7,7,16,26,20
"ENSG00000183831.6",7,5,6,18,21,12
"ENSG00000076321.6",517,513,551,622,597,454
"ENSG00000120334.11",499,481,488,497,522,342
"ENSG00000117593.8",1476,1442,1291,1710,1396,530
"ENSG00000270084.1",71,52,69,47,38,76
"ENSG00000234741.3",6850,6642,5718,6531,4585,2084
"ENSG00000208317.1",33,19,14,24,21,5
"ENSG00000185278.10",1303,1183,1167,1182,1220,1003
"ENSG00000117601.9",8,10,9,19,17,4
"ENSG00000135870.7",1750,1606,1593,1809,1558,1441
"ENSG00000236535.1",27,17,29,31,39,46
"ENSG00000224977.1",21,18,15,23,39,12
"ENSG00000227373.1",30,20,10,18,21,14
"ENSG00000152061.17",1800,1568,2175,2631,2330,1762
"ENSG00000203737.2",53,43,39,47,51,34
"ENSG00000237249.1",13,17,17,22,23,18
"ENSG00000223525.1",19,11,34,19,14,20
"ENSG00000235869.1",11,7,11,9,6,12
"ENSG00000229531.1",7,5,19,10,19,13
"ENSG00000116161.13",2527,2219,2078,2583,2042,1065
"ENSG00000120333.4",492,472,501,610,523,256
"ENSG00000120332.11",39,31,25,84,77,32
"ENSG00000235750.5",75,65,631,775,586,324
"ENSG00000116147.12",33,19,10,43,47,19
"ENSG00000143207.15",1478,1290,1596,1792,1544,1173
"ENSG00000252906.1",12,6,8,16,12,6
"ENSG00000228686.2",46,31,48,33,27,48
"ENSG00000236021.1",5,5,10,11,10,4
"ENSG00000116183.6",41,18,12,52,50,26
"ENSG00000152092.11",50,47,25,80,127,71
"ENSG00000198797.6",10,10,10,13,21,6
"ENSG00000075391.12",32,27,30,56,77,44
"ENSG00000240021.5",7,9,2,15,10,5
"ENSG00000213057.4",0,0,11,11,8,4
"ENSG00000273062.1",75,78,57,69,42,46
"ENSG00000116191.13",526,501,759,861,584,370
"ENSG00000228196.1",19,10,15,12,18,9
"ENSG00000116194.8",39,42,48,41,49,30
"ENSG00000116199.7",2425,2387,2372,3399,2942,1614
"ENSG00000232750.2",22,15,10,19,14,13
"ENSG00000186283.9",873,674,1154,1592,1130,606
"ENSG00000143322.15",1400,1268,1546,1938,1434,1233
"ENSG00000234041.1",7,5,5,13,13,6
"ENSG00000231905.2",37,25,32,14,19,24
"ENSG00000201619.1",10,11,11,17,7,9
"ENSG00000231564.1",14,15,8,17,6,9
"ENSG00000225711.1",48,63,43,49,34,21
"ENSG00000057252.8",505,495,405,560,530,257
"ENSG00000162779.16",27,13,15,23,33,16
"ENSG00000236539.3",10,8,7,6,8,13
"ENSG00000162782.11",23,25,53,110,84,60
"ENSG00000169905.8",2855,2479,2879,3683,3136,2377
"ENSG00000272906.1",14,28,17,38,17,14
"ENSG00000143337.14",937,864,837,1134,841,492
"ENSG00000135837.11",5148,4455,4739,5470,4686,4091
"ENSG00000235145.2",63,43,39,42,68,67
"ENSG00000223450.1",11,13,21,4,7,4
"ENSG00000116260.12",875,774,1134,1935,1696,715
"ENSG00000121454.4",100,84,101,118,125,116
"ENSG00000230124.2",102,89,96,98,134,113
"ENSG00000135847.5",1421,1266,1064,1404,1110,851
"ENSG00000235060.1",19,16,15,27,13,10
"ENSG00000143324.9",2897,2881,1701,2458,1965,1093
"ENSG00000272292.1",13,10,2,4,3,16
"ENSG00000135835.6",63,62,77,76,94,121
"ENSG00000243155.1",15,8,18,11,23,20
"ENSG00000232586.1",10,6,9,5,10,7
"ENSG00000251520.1",27,23,31,29,32,28
"ENSG00000270711.1",14,9,18,17,9,18
"ENSG00000234237.2",4,16,8,10,7,7
"ENSG00000135823.9",808,679,695,779,618,431
"ENSG00000153029.10",194,175,174,293,353,165
"ENSG00000162783.8",1633,1536,1491,1993,2045,1641
"ENSG00000272198.1",24,19,25,29,28,18
"ENSG00000198216.6",38,37,20,74,50,23
"ENSG00000179930.5",15,10,11,40,51,24
"ENSG00000228918.3",5,5,10,23,25,22
"ENSG00000135821.12",47222,41168,13831,17798,16475,8739
"ENSG00000121446.13",12,22,15,27,26,6
"ENSG00000135828.7",239,215,361,450,352,229
"ENSG00000143333.6",4,9,63,87,20,9
"ENSG00000135838.9",311,316,506,607,635,502
"ENSG00000135829.12",4280,3929,4186,5094,4351,2495
"ENSG00000157060.10",12,8,5,22,19,7
"ENSG00000135862.5",23,25,21,63,45,18
"ENSG00000058085.10",28,28,30,54,47,76
"ENSG00000157064.6",9,17,4,16,6,3
"ENSG00000232860.3",8,9,10,15,13,15
"ENSG00000116698.16",3123,2814,3009,3717,3204,2422
"ENSG00000116701.10",13,12,21,30,47,14
"ENSG00000162704.11",1679,1380,1343,1832,1533,822
"ENSG00000143344.11",14,22,17,35,27,18
"ENSG00000173627.6",8,4,11,12,11,7
"ENSG00000198756.6",374,271,613,837,332,229
"ENSG00000198860.7",768,649,738,929,506,212
"ENSG00000116667.8",4,9,5,14,7,12
"ENSG00000116406.14",1043,981,1190,1664,1284,646
"ENSG00000135842.12",643,592,1607,1982,1978,1493
"ENSG00000121481.6",926,781,930,1159,829,551
"ENSG00000232792.2",8,16,11,11,8,6
"ENSG00000121486.7",902,799,994,1224,954,516
"ENSG00000116668.8",206,130,179,206,166,136
"ENSG00000116679.11",2711,2419,2731,3615,2685,1506
"ENSG00000273004.1",41,29,16,31,32,21
"ENSG00000261024.2",29,20,13,16,34,16
"ENSG00000143341.7",97,61,62,188,135,78
"ENSG00000116690.7",22,24,18,59,27,19
"ENSG00000047410.9",11253,9971,8416,9701,7910,6407
"ENSG00000157181.10",651,595,569,651,528,438
"ENSG00000262180.1",61,53,30,39,35,29
"ENSG00000116703.12",1,3,4,8,11,10
"ENSG00000073756.7",3,6,8,19,16,5
"ENSG00000116711.8",40,40,38,74,56,22
"ENSG00000236030.1",34,42,77,93,129,81
"ENSG00000231599.1",5,10,26,38,40,15
"ENSG00000222240.1",2,3,12,9,12,20
"ENSG00000261182.1",12,13,18,21,25,30
"ENSG00000224278.1",2,3,13,6,23,18
"ENSG00000162670.8",13,5,119,127,65,39
"ENSG00000228215.2",16,28,1,0,2,1
"ENSG00000231767.2",11,17,14,13,20,5
"ENSG00000116741.6",59,55,97,151,105,61
"ENSG00000234473.1",59,50,83,66,90,125
"ENSG00000116750.9",1413,1251,1475,1761,1573,1185
"ENSG00000238754.1",12,10,17,20,4,12
"ENSG00000116747.8",2405,2164,2887,3301,2728,1601
"ENSG00000272579.1",34,35,43,60,39,31
"ENSG00000023572.4",121,111,117,185,144,50
"ENSG00000134371.9",1492,1210,1203,1478,1166,963
"ENSG00000162630.5",143,83,95,76,55,68
"ENSG00000231714.1",11,12,7,17,5,13
"ENSG00000228167.1",7,2,15,5,13,20
"ENSG00000162687.12",30,24,37,40,68,30
"ENSG00000000971.11",1569,1308,952,1234,526,331
"ENSG00000116785.9",8,3,8,21,22,11
"ENSG00000134365.8",38,37,38,37,35,26
"ENSG00000143278.3",2,3,10,10,15,1
"ENSG00000066279.12",4176,3650,4427,4880,3787,2791
"ENSG00000235748.1",56,45,18,42,26,49
"ENSG00000177888.7",428,378,328,388,338,205
"ENSG00000134376.10",23,13,7,34,44,17
"ENSG00000213047.7",411,310,384,465,420,289
"ENSG00000213046.4",6,14,18,15,13,11
"ENSG00000233040.2",11,9,10,27,18,17
"ENSG00000203724.6",13,17,27,27,21,4
"ENSG00000143355.11",10,13,14,28,18,11
"ENSG00000151414.10",756,648,835,1032,760,533
"ENSG00000232824.1",24,10,12,11,7,11
"ENSG00000081237.14",395,343,389,562,364,217
"ENSG00000116833.9",31,33,94,106,166,84
"ENSG00000162702.7",759,669,828,978,872,623
"ENSG00000118193.7",2870,2481,2545,2699,2128,1671
"ENSG00000118197.9",466,356,375,435,370,286
"ENSG00000260088.1",16,20,16,14,19,15
"ENSG00000118200.10",204,181,362,441,302,231
"ENSG00000163362.6",15,12,14,33,33,9
"ENSG00000116852.10",1600,1417,999,1225,590,454
"ENSG00000229191.1",13,3,18,14,7,12
"ENSG00000081248.6",34,49,19,62,51,22
"ENSG00000116857.12",1860,1718,1533,2319,1345,556
"ENSG00000163395.12",66,44,29,104,87,38
"ENSG00000081277.7",21,14,17,24,35,25
"ENSG00000118194.14",16,12,12,9,28,7
"ENSG00000159166.9",7,6,3,18,10,7
"ENSG00000159173.14",2,13,1,10,9,6
"ENSG00000159176.9",116,89,486,624,531,287
"ENSG00000223396.2",1,7,31,37,36,29
"ENSG00000269690.1",10,4,30,54,82,56
"ENSG00000134369.11",2349,2007,4117,4919,4173,3561
"ENSG00000236390.1",15,15,19,34,39,41
"ENSG00000231871.1",17,19,22,23,40,15
"ENSG00000235121.1",20,9,33,20,28,27
"ENSG00000198700.5",2751,2465,2986,3695,3310,2383
"ENSG00000198892.6",25,27,11,35,22,12
"ENSG00000163431.11",32,23,45,58,61,26
"ENSG00000134375.6",1327,1149,1192,1466,1252,511
"ENSG00000176393.6",2364,1991,1754,2240,1696,978
"ENSG00000273478.1",51,42,33,28,22,27
"ENSG00000234678.1",22,26,25,12,22,12
"ENSG00000163435.11",87,73,59,56,62,48
"ENSG00000170075.8",43,36,32,39,40,26
"ENSG00000143862.3",493,479,406,567,456,243
"ENSG00000143851.11",969,895,2096,2401,2490,1729
"ENSG00000243323.1",691,562,1068,1139,978,1178
"ENSG00000133067.13",28,22,49,81,76,48
"ENSG00000077152.5",838,871,641,861,757,209
"ENSG00000077157.16",1729,1441,1697,1903,1843,1785
"ENSG00000229120.2",11,10,13,10,7,3
"ENSG00000232626.3",75,72,66,56,58,71
"ENSG00000236439.3",12,9,6,10,13,3
"ENSG00000253042.1",14,7,8,14,10,16
"ENSG00000143858.7",22,20,28,36,39,50
"ENSG00000117139.12",4678,4209,5061,6619,6373,3673
"ENSG00000235449.2",24,33,21,26,46,27
"ENSG00000226148.1",60,59,62,74,79,66
"ENSG00000228288.2",48,45,60,82,97,107
"ENSG00000214796.4",16,14,21,23,21,25
"ENSG00000183155.4",161,145,140,173,195,76
"ENSG00000117153.11",1286,1256,1022,1358,972,468
"ENSG00000230280.2",20,10,11,22,14,11
"ENSG00000159346.8",3027,2722,1795,2374,2293,1131
"ENSG00000159348.8",610,490,392,501,536,206
"ENSG00000163444.7",1545,1575,1062,1451,1226,610
"ENSG00000143847.11",3174,2775,1396,1477,1974,2085
"ENSG00000163485.11",10,17,7,22,17,12
"ENSG00000133055.4",9,8,4,12,11,3
"ENSG00000133048.8",3,12,8,12,9,13
"ENSG00000133063.11",8,9,8,32,18,13
"ENSG00000233791.1",6,3,7,21,18,13
"ENSG00000159388.5",750,618,570,804,1126,701
"ENSG00000122176.10",5,8,3,12,15,4
"ENSG00000188783.5",10,14,3,6,3,2
"ENSG00000188770.5",3,6,5,11,13,4
"ENSG00000058668.10",2884,2410,3100,4266,2818,1689
"ENSG00000221643.1",7,5,14,7,2,10
"ENSG00000058673.11",4640,4421,4920,5720,5093,4243
"ENSG00000257315.1",1313,1181,990,1093,1044,880
"ENSG00000227417.3",80,81,59,53,75,26
"ENSG00000223505.2",16,17,12,11,11,6
"ENSG00000182004.8",1141,1144,1032,1310,1125,245
"ENSG00000236430.1",7,15,8,16,11,2
"ENSG00000143842.10",12,16,2,19,25,23
"ENSG00000143845.10",8,11,7,13,35,5
"ENSG00000143839.12",3,5,10,24,39,18
"ENSG00000143850.8",30,13,14,39,57,40
"ENSG00000158615.8",2436,2217,2545,3223,3188,2005
"ENSG00000133056.9",86,80,131,189,407,319
"ENSG00000198625.8",2932,2380,2716,2918,2819,2764
"ENSG00000236779.1",56,57,53,55,65,35
"ENSG00000170382.7",15,19,5,32,54,37
"ENSG00000163531.11",47,37,24,74,44,43
"ENSG00000184144.5",43,54,41,79,80,40
"ENSG00000174529.6",76,78,91,97,81,39
"ENSG00000117222.9",1347,1226,1213,1536,1074,790
"ENSG00000271580.1",35,39,28,28,13,25
"ENSG00000133059.12",1115,962,1115,1400,993,728
"ENSG00000213041.4",9,9,10,15,5,9
"ENSG00000133069.10",272,244,310,434,191,159
"ENSG00000163545.7",35,24,17,21,58,21
"ENSG00000162873.10",19,10,4,11,37,22
"ENSG00000235363.1",54,34,49,42,36,7
"ENSG00000186007.5",13,13,7,11,10,9
"ENSG00000117266.11",16,9,10,29,30,20
"ENSG00000174514.8",54,42,46,74,74,77
"ENSG00000158711.9",1146,1066,1401,1686,1371,1211
"ENSG00000236942.1",23,21,15,23,24,28
"ENSG00000158715.5",413,371,213,277,466,304
"ENSG00000069275.12",6553,5820,5414,6459,5006,4044
"ENSG00000201944.1",13,11,8,5,9,5
"ENSG00000117280.8",570,566,447,595,392,201
"ENSG00000133065.6",1180,993,1149,1547,1042,686
"ENSG00000162877.8",29,25,18,31,36,22
"ENSG00000174502.14",22,21,13,46,35,12
"ENSG00000229874.2",144,139,120,181,133,107
"ENSG00000196550.6",281,238,229,288,161,129
"ENSG00000198049.5",3,4,5,16,16,4
"ENSG00000196188.6",9,6,8,7,19,11
"ENSG00000163486.8",1329,1098,1412,1751,1446,1128
"ENSG00000233501.1",10,6,6,18,8,4
"ENSG00000143466.9",95,64,165,199,163,120
"ENSG00000162888.4",5,7,11,18,7,7
"ENSG00000136653.15",1035,914,1097,1486,1147,820
"ENSG00000143486.11",1775,1655,1420,1688,1417,890
"ENSG00000143479.11",1148,976,1062,1171,1347,922
"ENSG00000162889.6",2456,2124,1865,2145,2659,1931
"ENSG00000224114.1",28,23,20,44,36,22
"ENSG00000142224.11",10,11,2,8,12,5
"ENSG00000162892.11",4,7,4,13,10,2
"ENSG00000162896.5",17,13,13,21,25,8
"ENSG00000162897.10",11,13,6,23,21,7
"ENSG00000182795.12",161,155,186,276,609,392
"ENSG00000180667.6",3570,3175,3307,3827,3459,2444
"ENSG00000123836.10",1821,1631,2136,2646,3312,2089
"ENSG00000123838.6",10,11,6,15,7,1
"ENSG00000196352.9",1870,1699,2708,3902,3220,1641
"ENSG00000117322.12",48,49,35,51,76,31
"ENSG00000203710.6",46,30,14,83,88,23
"ENSG00000197721.12",997,838,910,1118,2075,1902
"ENSG00000244703.3",35,50,19,25,50,42
"ENSG00000226289.1",66,57,44,40,64,95
"ENSG00000117335.14",6954,5700,4800,5739,5047,3840
"ENSG00000234219.1",128,116,81,87,89,136
"ENSG00000203709.5",303,198,229,229,234,254
"ENSG00000174059.12",7,6,6,17,13,9
"ENSG00000076356.6",733,690,89,160,349,213
"ENSG00000008118.5",12,4,2,11,9,7
"ENSG00000196878.8",60,45,123,192,315,158
"ENSG00000227591.1",2,5,8,16,26,5
"ENSG00000123689.5",7,4,26,33,133,86
"ENSG00000009790.10",58,69,62,89,84,39
"ENSG00000162757.3",100,88,119,150,148,71
"ENSG00000117595.6",30,29,139,161,102,60
"ENSG00000117597.13",501,419,542,677,610,321
"ENSG00000143469.12",7,9,6,30,35,12
"ENSG00000082497.7",7,5,3,10,17,2
"ENSG00000054392.8",5,9,4,19,19,6
"ENSG00000143473.7",15,9,8,24,18,16
"ENSG00000117625.9",1213,1003,810,980,753,681
"ENSG00000082512.10",238,250,163,203,108,112
"ENSG00000153363.8",100,89,96,91,112,53
"ENSG00000170385.9",890,794,364,541,374,233
"ENSG00000261314.1",9,10,6,2,11,4
"ENSG00000117650.8",1692,1607,1119,1359,904,454
"ENSG00000123684.8",932,886,859,980,1014,592
"ENSG00000143493.8",917,760,885,1114,1033,532
"ENSG00000143476.13",2619,2306,1684,2231,1907,1203
"ENSG00000220749.3",40,38,19,28,37,7
"ENSG00000229983.1",11,8,14,17,7,15
"ENSG00000226251.1",5,8,12,17,13,22
"ENSG00000066027.7",2576,2202,1590,1922,1322,899
"ENSG00000230063.1",16,18,11,11,11,8
"ENSG00000225338.1",26,24,29,24,20,18
"ENSG00000201544.1",16,5,9,9,13,12
"ENSG00000229832.1",19,8,14,8,8,8
"ENSG00000065600.8",332,248,282,362,243,185
"ENSG00000117691.5",808,771,448,626,680,286
"ENSG00000260805.1",34,44,15,33,29,51
"ENSG00000162772.12",292,238,350,481,537,247
"ENSG00000123685.4",10,10,10,10,16,14
"ENSG00000117697.10",1074,889,772,980,811,385
"ENSG00000203705.6",562,522,463,567,517,269
"ENSG00000198468.3",102,68,64,83,82,67
"ENSG00000162769.8",1205,996,922,1137,1015,858
"ENSG00000143494.11",19,13,12,17,27,16
"ENSG00000174606.8",818,745,575,673,512,342
"ENSG00000136643.7",1588,1498,1013,1153,1032,903
"ENSG00000117707.11",11,3,7,12,23,10
"ENSG00000143499.9",713,668,503,556,455,350
"ENSG00000152104.7",17,32,20,31,47,35
"ENSG00000117724.8",8281,7252,7607,8562,7105,6280
"ENSG00000250536.1",109,116,57,55,80,58
"ENSG00000185221.6",13,11,13,5,12,22
"ENSG00000082482.9",9,14,14,18,15,19
"ENSG00000136636.8",1620,1485,1069,1470,1413,844
"ENSG00000042781.8",105,104,91,157,159,53
"ENSG00000196482.12",9,21,2,22,11,8
"ENSG00000092978.6",85,81,100,115,64,63
"ENSG00000162814.6",9,9,15,21,23,5
"ENSG00000067533.5",413,418,429,523,385,281
"ENSG00000092969.7",12,8,5,15,14,11
"ENSG00000143353.7",411,332,281,436,345,182
"ENSG00000225920.2",72,52,48,67,41,60
"ENSG00000223842.1",33,30,19,27,28,27
"ENSG00000215817.3",11,7,8,5,10,4
"ENSG00000196660.6",1071,914,171,213,416,352
"ENSG00000136628.13",10551,9679,10875,13021,10894,4893
"ENSG00000162813.13",775,589,820,1025,604,400
"ENSG00000067704.8",4589,4367,3311,4350,3056,1276
"ENSG00000118873.11",2424,2175,2377,2814,2520,1427
"ENSG00000270585.1",48,42,33,48,39,38
"ENSG00000270708.1",15,9,5,12,18,17
"ENSG00000218283.2",224,183,244,284,232,183
"ENSG00000213033.4",11,9,4,13,7,24
"ENSG00000116141.11",13,15,11,22,23,6
"ENSG00000117791.11",9,2,4,24,12,7
"ENSG00000186205.8",6,6,7,19,19,2
"ENSG00000136630.11",53,43,61,113,66,66
"ENSG00000143507.13",116,102,242,389,287,174
"ENSG00000143512.8",12,11,4,18,15,17
"ENSG00000143498.13",258,228,238,307,184,121
"ENSG00000225265.1",9,16,9,17,8,4
"ENSG00000154305.12",1849,1653,1452,1955,1682,1157
"ENSG00000229399.1",18,16,11,9,1,7
"ENSG00000272750.1",21,13,11,9,7,19
"ENSG00000186063.8",568,586,390,528,473,301
"ENSG00000162819.7",925,796,892,1011,909,499
"ENSG00000228106.1",6,6,18,21,21,16
"ENSG00000154309.7",26,22,17,30,47,15
"ENSG00000187554.7",33,35,61,103,44,33
"ENSG00000143502.10",19,20,34,41,29,12
"ENSG00000178395.5",14,7,5,18,24,8
"ENSG00000203697.7",16,22,7,12,18,8
"ENSG00000162909.13",4673,4420,4159,5296,5430,3487
"ENSG00000143514.12",2785,2427,2701,3394,3114,2386
"ENSG00000227621.1",2,6,7,4,13,22
"ENSG00000188460.4",8,13,5,10,35,58
"ENSG00000272645.1",178,143,93,119,139,137
"ENSG00000232372.1",62,38,67,74,59,37
"ENSG00000243000.1",6,14,9,7,12,7
"ENSG00000185495.6",24,23,26,35,33,19
"ENSG00000143756.7",576,591,645,763,704,509
"ENSG00000143753.8",510,522,483,567,667,283
"ENSG00000143748.13",1039,875,1002,1189,895,675
"ENSG00000143771.7",442,414,398,538,516,187
"ENSG00000162923.10",2950,2563,2880,3350,3180,2510
"ENSG00000143786.3",64,62,61,86,90,88
"ENSG00000185842.10",1033,895,1325,1545,1316,1088
"ENSG00000143815.10",5147,4577,2631,3829,3035,1262
"ENSG00000203691.2",198,114,54,72,50,49
"ENSG00000154380.12",17,19,17,47,58,28
"ENSG00000143742.8",2487,2257,2115,2141,1926,894
"ENSG00000143819.8",483,474,241,321,205,209
"ENSG00000242861.1",49,24,46,31,30,35
"ENSG00000196187.7",3392,2728,2714,3149,2592,2511
"ENSG00000143811.12",1959,1616,1570,1719,1420,1128
"ENSG00000143768.7",5,13,6,23,15,4
"ENSG00000143751.9",1990,1691,1690,2098,1725,1146
"ENSG00000272562.1",24,26,13,12,12,15
"ENSG00000163041.5",2123,1794,1509,1811,1713,863
"ENSG00000225518.2",23,17,5,11,7,6
"ENSG00000182827.8",1736,1562,1733,2032,1738,1016
"ENSG00000234478.1",14,10,19,12,23,16
"ENSG00000185155.7",10,15,14,9,18,15
"ENSG00000183814.11",602,572,516,572,452,308
"ENSG00000143799.8",8875,7874,8771,11166,8837,5219
"ENSG00000203685.5",10,13,2,9,1,6
"ENSG00000143772.5",11,8,5,49,28,14
"ENSG00000143801.12",174,184,194,231,324,206
"ENSG00000163050.12",2252,1998,2153,2801,2047,1362
"ENSG00000143776.14",7701,7105,7380,8708,7656,6521
"ENSG00000228625.1",43,50,24,81,39,66
"ENSG00000228729.1",57,42,61,57,61,54
"ENSG00000236636.2",40,20,27,52,23,42
"ENSG00000181450.13",272,236,460,595,508,432
"ENSG00000225934.2",6,5,8,12,12,10
"ENSG00000143740.10",877,686,756,955,752,451
"ENSG00000081692.8",265,230,270,327,309,151
"ENSG00000230005.2",25,17,23,14,13,8
"ENSG00000185888.5",2,12,32,44,34,51
"ENSG00000143816.7",13,18,46,72,111,123
"ENSG00000154342.4",15,10,9,22,19,7
"ENSG00000143761.9",12968,11356,9351,12482,10459,5083
"ENSG00000143793.8",645,521,355,507,432,279
"ENSG00000162910.14",526,547,413,556,499,265
"ENSG00000224566.2",8,11,10,15,6,11
"ENSG00000143774.12",5442,4937,1916,2446,2323,1360
"ENSG00000198835.3",29,23,14,28,20,23
"ENSG00000203684.5",15,20,11,12,9,11
"ENSG00000181873.8",519,451,445,469,489,342
"ENSG00000162913.9",15,14,24,31,27,47
"ENSG00000154358.15",4312,3669,5376,6239,5340,6140
"ENSG00000269890.1",36,29,44,80,42,90
"ENSG00000269934.1",47,31,20,17,22,40
"ENSG00000270110.1",5,4,13,13,36,32
"ENSG00000154370.9",2045,1727,1284,1591,1648,1279
"ENSG00000231563.1",31,28,23,23,45,24
"ENSG00000162931.7",202,172,184,211,259,286
"ENSG00000168148.3",28,23,28,31,38,37
"ENSG00000181218.4",2419,2264,1845,2318,2306,732
"ENSG00000196890.3",449,455,299,432,399,218
"ENSG00000168159.9",3178,2935,2983,4203,3789,2388
"ENSG00000215811.3",20,31,9,15,41,24
"ENSG00000177788.5",30,24,76,78,102,53
"ENSG00000168118.7",330,314,491,565,393,260
"ENSG00000237481.1",16,13,17,27,14,21
"ENSG00000154429.6",2717,2276,2464,3115,1908,1535
"ENSG00000143632.10",8,10,12,7,8,6
"ENSG00000226920.1",19,17,16,19,25,18
"ENSG00000069248.9",2703,2476,2211,2688,2020,899
"ENSG00000223635.1",12,10,8,4,3,2
"ENSG00000135776.4",3108,2910,1113,1206,1398,850
"ENSG00000135801.5",538,511,467,610,539,309
"ENSG00000135763.5",679,563,633,762,770,456
"ENSG00000143641.8",4818,4211,1814,2734,2596,1302
"ENSG00000227006.1",43,57,23,31,39,16
"ENSG00000177614.5",10,9,4,24,38,16
"ENSG00000135775.9",684,599,627,701,632,395
"ENSG00000135744.7",6,8,2,21,17,5
"ENSG00000135773.8",16,11,12,18,22,7
"ENSG00000119280.12",510,499,747,958,897,548
"ENSG00000143643.8",562,482,714,876,810,723
"ENSG00000173409.9",567,513,951,1218,1118,570
"ENSG00000182118.5",549,456,1825,2472,2006,1047
"ENSG00000227934.1",11,10,51,47,45,44
"ENSG00000119283.11",34,44,178,280,996,728
"ENSG00000235710.3",0,1,3,1,32,31
"ENSG00000143633.8",362,322,340,398,330,165
"ENSG00000116906.7",1190,1084,1027,1309,1077,590
"ENSG00000116903.6",361,315,340,451,344,292
"ENSG00000010072.11",462,346,320,458,336,195
"ENSG00000135766.8",2756,2508,2354,2774,2774,1824
"ENSG00000233461.1",56,34,65,97,83,23
"ENSG00000116918.9",584,519,720,803,523,371
"ENSG00000162946.16",17,12,23,32,25,15
"ENSG00000116991.6",29,24,24,42,38,17
"ENSG00000212916.3",20,23,19,44,46,35
"ENSG00000135778.7",546,507,540,651,445,276
"ENSG00000135749.14",37,46,29,68,107,61
"ENSG00000143674.6",75,48,87,118,350,282
"ENSG00000135750.10",615,560,300,380,560,352
"ENSG00000183780.8",54,41,23,51,367,289
"ENSG00000234453.1",2,4,0,1,26,33
"ENSG00000236101.1",0,0,4,0,27,28
"ENSG00000233332.1",4,3,0,5,30,22
"ENSG00000236244.1",4,0,0,4,17,21
"ENSG00000231663.1",59,38,58,53,65,56
"ENSG00000168275.10",530,451,433,491,444,245
"ENSG00000059588.5",1620,1531,1159,1297,605,584
"ENSG00000168264.6",2861,2465,3010,3949,2426,2600
"ENSG00000230628.1",0,3,13,18,8,10
"ENSG00000227630.2",22,25,8,14,8,1
"ENSG00000173726.6",6695,6393,5144,6692,5135,1917
"ENSG00000207181.1",63,50,57,49,56,51
"ENSG00000188739.10",64,52,36,60,65,28
"ENSG00000054267.16",2076,1713,1749,1931,1945,1733
"ENSG00000232686.1",11,4,5,9,10,4
"ENSG00000236863.2",40,23,35,22,26,15
"ENSG00000234086.2",45,21,19,23,23,32
"ENSG00000152904.7",807,733,968,1104,1010,606
"ENSG00000227962.1",14,2,7,9,3,16
"ENSG00000116957.8",983,835,823,907,779,558
"ENSG00000243533.2",15,16,8,7,7,10
"ENSG00000229795.2",10,9,4,7,17,0
"ENSG00000162885.8",651,615,467,623,502,433
"ENSG00000168243.6",8,6,9,10,10,10
"ENSG00000143669.9",136,137,232,386,591,477
"ENSG00000116962.10",25,13,15,34,70,22
"ENSG00000077585.9",35,36,27,48,18,20
"ENSG00000086619.9",172,131,580,680,146,100
"ENSG00000186197.8",49,42,184,254,39,20
"ENSG00000116977.14",1110,966,1542,2088,1605,944
"ENSG00000223776.4",21,16,12,26,11,9
"ENSG00000273058.1",17,10,22,26,13,16
"ENSG00000230325.1",5,5,5,10,21,6
"ENSG00000119285.6",3157,2857,3259,3866,2940,1616
"ENSG00000077522.8",26,22,17,37,60,30
"ENSG00000116984.8",4359,3850,3736,4460,3927,2526
"ENSG00000226498.2",28,17,20,27,22,30
"ENSG00000237991.2",11,5,8,16,9,4
"ENSG00000198626.11",57,64,41,154,104,61
"ENSG00000116996.5",11,10,8,30,35,11
"ENSG00000133019.7",15,10,11,15,33,11
"ENSG00000155816.15",30,25,19,38,28,15
"ENSG00000228818.1",7,4,6,17,13,2
"ENSG00000182901.11",7,13,7,20,21,8
"ENSG00000225554.1",0,1,8,8,10,15
"ENSG00000091483.6",3058,2797,2371,3230,2727,935
"ENSG00000117009.7",14,13,5,19,21,14
"ENSG00000054277.8",1114,1098,534,659,554,341
"ENSG00000203668.1",5131,4747,2487,2746,2252,1874
"ENSG00000162843.13",22,19,27,49,37,34
"ENSG00000174371.12",2020,1829,1539,1879,1599,1034
"ENSG00000196289.5",10,5,4,12,11,5
"ENSG00000180287.12",12,9,5,10,19,6
"ENSG00000253326.2",27,17,16,23,19,37
"ENSG00000214837.4",117,99,124,114,147,165
"ENSG00000143702.11",3161,2888,2816,3338,2448,1994
"ENSG00000054282.11",700,592,564,736,561,448
"ENSG00000224727.1",19,21,25,24,16,21
"ENSG00000117020.12",22,24,47,63,88,59
"ENSG00000179456.9",152,144,124,137,111,83
"ENSG00000173728.6",14,13,17,27,9,8
"ENSG00000225401.2",8,8,8,6,10,10
"ENSG00000035687.9",1095,949,994,1215,920,405
"ENSG00000179397.13",32,12,9,32,22,11
"ENSG00000121644.14",855,844,1002,1170,915,598
"ENSG00000232059.2",13,8,14,7,12,13
"ENSG00000203667.5",139,122,74,111,111,140
"ENSG00000188206.5",444,422,355,383,357,320
"ENSG00000153187.12",12440,11723,11289,12615,11403,9561
"ENSG00000273175.1",18,15,8,12,5,7
"ENSG00000272195.1",59,43,21,40,41,17
"ENSG00000203666.8",147,158,192,224,164,126
"ENSG00000162849.11",119,72,160,199,143,110
"ENSG00000185420.14",1833,1537,1898,2349,1257,782
"ENSG00000235096.1",67,50,50,46,38,17
"ENSG00000226876.2",122,106,82,119,60,55
"ENSG00000225222.2",59,52,43,39,36,22
"ENSG00000230184.1",47,26,44,49,32,25
"ENSG00000162851.6",547,469,561,719,608,279
"ENSG00000162852.9",1807,1560,1568,1893,1642,1094
"ENSG00000225300.1",73,58,47,59,49,67
"ENSG00000228955.2",20,21,18,19,18,26
"ENSG00000143653.9",996,850,763,921,722,295
"ENSG00000223519.3",29,21,28,35,25,21
"ENSG00000260855.1",45,17,31,55,22,28
"ENSG00000227953.2",8,3,12,14,24,14
"ENSG00000153207.10",4271,3822,3684,4096,3263,2403
"ENSG00000135747.7",147,144,271,311,287,174
"ENSG00000197472.10",214,211,247,248,242,135
"ENSG00000215796.3",9,5,16,20,10,2
"ENSG00000188295.10",146,146,176,231,196,125
"ENSG00000221953.2",37,28,28,38,46,42
"ENSG00000196418.8",719,703,795,955,924,644
"ENSG00000215795.2",9,16,5,13,4,22
"ENSG00000259865.1",59,40,39,60,59,59
"ENSG00000227671.3",587,490,547,603,589,486
"ENSG00000252516.1",13,23,11,6,21,8
"ENSG00000162714.8",3647,3256,3060,4045,2845,2247
"ENSG00000162711.12",21,12,9,43,43,13
"ENSG00000177535.6",4,4,4,10,13,8
"ENSG00000169224.8",4,2,16,13,16,14
"ENSG00000162722.8",998,958,794,1006,748,464
"ENSG00000238243.2",109,70,113,150,73,41
"ENSG00000197067.4",15,10,4,12,12,3
"ENSG00000162727.3",12,3,2,11,6,3
"ENSG00000228198.1",3,7,6,12,12,3
"ENSG00000177212.2",10,17,1,18,17,8
"ENSG00000177201.1",18,11,5,10,15,7
"ENSG00000177186.2",8,17,5,11,11,7
"ENSG00000196944.3",14,13,6,13,12,6
"ENSG00000196240.2",19,7,7,13,14,5
"ENSG00000229703.2",0,0,14,6,16,9
"ENSG00000232694.2",1,0,8,13,14,9
"ENSG00000175137.9",983,812,838,1074,891,654
"ENSG00000171161.8",1480,1282,2102,2753,3160,2067
"ENSG00000171163.11",2278,2030,2473,2965,2482,2577
"ENSG00000185220.7",215,197,310,357,408,287
"ENSG00000233084.2",14,5,17,20,41,18
"ENSG00000184731.5",5,8,3,18,9,12
"ENSG00000035115.17",221,164,251,223,374,314
"ENSG00000143727.11",1768,1686,1572,2094,1663,731
"ENSG00000189292.11",10,13,9,33,14,15
"ENSG00000151353.10",429,407,257,346,325,164
"ENSG00000172554.7",17,11,8,10,14,18
"ENSG00000115705.16",37,26,20,61,47,28
"ENSG00000130508.6",22,23,18,26,25,23
"ENSG00000186487.13",21,20,22,36,35,29
"ENSG00000032389.8",804,684,624,784,649,366
"ENSG00000224885.1",26,21,17,27,25,21
"ENSG00000171853.11",1715,1421,1411,1759,1533,1341
"ENSG00000225234.1",18,11,24,24,31,29
"ENSG00000182551.9",383,356,444,610,506,230
"ENSG00000235078.1",17,13,15,20,11,4
"ENSG00000242282.2",90,64,66,100,87,46
"ENSG00000171865.5",426,434,401,476,449,253
"ENSG00000234171.1",42,46,35,76,65,23
"ENSG00000171863.8",9811,9812,9501,10823,8439,3425
"ENSG00000118004.13",58,52,67,72,87,58
"ENSG00000151360.5",4,3,10,12,13,2
"ENSG00000176887.5",5,12,9,21,15,5
"ENSG00000134326.7",191,189,120,148,88,38
"ENSG00000134321.7",26,30,10,26,15,13
"ENSG00000228203.2",20,20,10,6,2,2
"ENSG00000151692.10",846,765,429,521,206,130
"ENSG00000236008.1",57,54,25,42,34,21
"ENSG00000235092.1",30,25,9,3,11,19
"ENSG00000115738.5",1318,1218,220,320,454,338
"ENSG00000134313.10",3192,2767,2365,3212,2731,1894
"ENSG00000143797.7",1029,845,1112,1429,1455,986
"ENSG00000238888.1",8,8,11,2,6,13
"ENSG00000151693.5",773,717,1043,1252,847,756
"ENSG00000119185.8",584,412,455,655,515,300
"ENSG00000119203.9",1176,1083,1179,1468,1190,561
"ENSG00000134330.14",47,51,40,56,60,77
"ENSG00000151694.8",1139,945,977,1401,1132,750
"ENSG00000239300.1",21,37,23,30,23,18
"ENSG00000271855.1",17,17,22,41,23,15
"ENSG00000134308.9",3887,3608,2994,3627,2935,1213
"ENSG00000115750.12",304,275,290,343,315,118
"ENSG00000269973.1",29,27,32,48,45,23
"ENSG00000134317.13",262,227,97,137,154,130
"ENSG00000260077.1",59,47,47,64,55,33
"ENSG00000172059.6",704,549,394,596,377,277
"ENSG00000205795.4",7,11,10,16,12,13
"ENSG00000272524.1",25,14,23,29,33,18
"ENSG00000171848.9",2622,2287,2041,2619,2595,1270
"ENSG00000163009.4",144,105,86,89,120,116
"ENSG00000115756.8",1893,1548,1564,1974,1961,1319
"ENSG00000115758.8",2605,2521,2621,3614,3371,1280
"ENSG00000206633.1",27,20,45,31,46,26
"ENSG00000257135.1",36,31,16,41,34,20
"ENSG00000115761.11",735,605,603,730,698,419
"ENSG00000143882.5",71,85,61,66,51,45
"ENSG00000143870.8",4301,3798,2844,4429,3547,1330
"ENSG00000162976.8",179,168,101,155,116,47
"ENSG00000134318.9",2172,1872,2507,2823,2111,1738
"ENSG00000230154.1",9,18,11,9,4,8
"ENSG00000169016.12",434,348,401,491,451,261
"ENSG00000196208.9",44,41,37,115,91,22
"ENSG00000239899.2",49,72,89,69,115,10
"ENSG00000169006.6",7,3,2,17,10,10
"ENSG00000134324.7",2426,2131,2775,3300,2866,2076
"ENSG00000228496.1",1,1,35,24,16,4
"ENSG00000224184.1",34,20,104,146,55,69
"ENSG00000071575.7",1766,1700,2326,2923,1171,849
"ENSG00000162981.12",37,51,9,25,7,7
"ENSG00000151779.8",8685,7767,5445,6953,7231,4162
"ENSG00000079785.10",3364,3061,3120,3725,3304,1423
"ENSG00000231031.2",0,5,13,24,63,48
"ENSG00000197872.7",46,50,172,178,240,134
"ENSG00000214842.5",10,5,10,35,13,7
"ENSG00000163032.7",11,10,9,8,20,12
"ENSG00000163029.11",2272,2033,1941,2108,1745,1259
"ENSG00000178295.10",431,310,455,506,495,454
"ENSG00000170745.7",9,10,8,29,14,5
"ENSG00000240857.1",221,171,219,248,163,102
"ENSG00000236204.1",21,34,95,91,61,63
"ENSG00000228784.3",48,23,18,26,43,35
"ENSG00000183891.5",411,405,312,415,291,187
"ENSG00000271991.1",5,8,7,12,15,0
"ENSG00000118965.10",281,212,297,410,311,187
"ENSG00000132031.8",6,5,7,12,22,1
"ENSG00000068697.6",720,655,668,1050,974,285
"ENSG00000115884.6",59,65,16,34,90,67
"ENSG00000055917.11",2830,2591,2176,2576,2289,1409
"ENSG00000143878.8",84,69,443,697,501,362
"ENSG00000118960.8",416,382,411,548,425,290
"ENSG00000231948.2",1,1,14,17,14,3
"ENSG00000143869.5",13,8,2,19,19,5
"ENSG00000118961.10",667,658,659,741,586,349
"ENSG00000084674.9",37,50,30,101,68,47
"ENSG00000119771.10",27,31,33,48,73,56
"ENSG00000119778.10",1556,1377,1143,1345,1209,1044
"ENSG00000224464.2",21,12,10,14,10,22
"ENSG00000173960.8",692,650,526,671,599,517
"ENSG00000234946.1",41,16,12,11,22,12
"ENSG00000205639.5",908,835,368,438,628,523
"ENSG00000163026.7",316,254,337,430,326,222
"ENSG00000119782.9",30,23,15,41,25,12
"ENSG00000115128.6",1287,1159,1177,1398,1179,319
"ENSG00000219626.4",126,96,152,207,175,222
"ENSG00000115129.9",130,107,117,191,141,113
"ENSG00000176732.6",16,14,8,27,20,9
"ENSG00000198399.10",765,709,874,1077,817,688
"ENSG00000084676.11",1993,1763,1620,1883,1754,1558
"ENSG00000202430.1",12,5,3,12,1,5
"ENSG00000184924.5",319,244,254,287,248,53
"ENSG00000138092.6",961,847,844,1097,916,611
"ENSG00000138031.10",958,827,757,1015,731,652
"ENSG00000271936.1",97,97,84,91,91,76
"ENSG00000115137.7",95,86,78,91,90,78
"ENSG00000224165.1",29,29,15,21,23,6
"ENSG00000084710.9",21,29,17,41,48,11
"ENSG00000115138.6",2,3,3,18,10,3
"ENSG00000119772.12",926,787,230,331,518,375
"ENSG00000138101.14",31,26,16,48,32,18
"ENSG00000143970.12",1572,1410,1553,2027,1850,1596
"ENSG00000187536.4",19,14,24,19,27,29
"ENSG00000217643.1",12,7,8,6,6,12
"ENSG00000218682.1",13,12,10,7,10,15
"ENSG00000084731.9",606,542,640,806,747,560
"ENSG00000084733.6",2801,2676,3184,4222,3431,1546
"ENSG00000199872.1",14,10,21,6,20,19
"ENSG00000235440.1",27,30,21,16,24,19
"ENSG00000157833.8",347,304,432,451,525,296
"ENSG00000084754.6",8165,7280,6826,8408,7121,3283
"ENSG00000138029.9",1583,1423,1460,2099,1725,718
"ENSG00000173567.10",100,92,71,77,105,69
"ENSG00000138018.13",1518,1467,1021,1376,1092,684
"ENSG00000157856.6",32,9,15,23,28,9
"ENSG00000115155.12",43,45,63,94,120,71
"ENSG00000171303.5",7,1,12,9,11,3
"ENSG00000213699.4",527,498,352,471,535,332
"ENSG00000115163.10",756,705,497,601,445,261
"ENSG00000157851.12",14,5,20,54,38,24
"ENSG00000084764.6",2007,1639,1772,2079,1913,1539
"ENSG00000205500.4",122,101,154,127,121,147
"ENSG00000119777.14",3119,2765,2651,3480,2998,2043
"ENSG00000084693.11",1468,1259,1078,1407,1227,699
"ENSG00000231636.1",9,4,3,17,2,19
"ENSG00000272056.1",7,5,9,12,14,13
"ENSG00000229122.1",11,4,9,17,8,22
"ENSG00000228474.1",1050,1013,951,1314,1097,266
"ENSG00000138080.9",108,87,228,186,135,86
"ENSG00000138030.8",151,99,202,251,160,91
"ENSG00000138028.10",20,21,38,63,67,63
"ENSG00000143994.9",56,37,65,56,54,50
"ENSG00000138073.9",1107,997,1248,1598,1128,675
"ENSG00000186143.6",7,12,13,21,19,3
"ENSG00000138074.10",988,886,934,1399,1135,558
"ENSG00000138085.12",624,625,463,706,497,143
"ENSG00000084774.9",4859,4395,5046,6482,5304,3040
"ENSG00000115194.6",79,49,53,81,98,70
"ENSG00000163793.8",10,2,2,10,7,3
"ENSG00000138100.9",14,11,16,23,19,10
"ENSG00000163794.6",43,37,48,54,67,57
"ENSG00000115204.10",893,786,851,1039,894,473
"ENSG00000115207.9",1541,1306,1296,1740,1218,761
"ENSG00000234945.3",46,40,38,56,38,30
"ENSG00000234072.1",379,305,370,425,437,346
"ENSG00000115211.11",815,669,824,1090,798,518
"ENSG00000115234.6",1054,957,871,1094,929,446
"ENSG00000163795.9",265,269,241,300,301,267
"ENSG00000115241.9",4026,3761,3025,4121,3323,1924
"ENSG00000213453.3",30,33,23,37,29,49
"ENSG00000115216.9",1138,1114,988,1192,1042,660
"ENSG00000157992.8",34,24,35,53,33,29
"ENSG00000138002.10",1003,780,1114,1370,1289,1148
"ENSG00000115226.5",225,175,287,357,315,170
"ENSG00000084734.4",28,32,29,41,78,45
"ENSG00000221843.2",97,85,145,199,211,135
"ENSG00000243943.5",1068,872,841,1054,905,607
"ENSG00000176714.9",105,55,98,87,94,73
"ENSG00000198522.9",539,428,413,464,401,149
"ENSG00000119760.11",1074,944,959,1139,1042,715
"ENSG00000163798.9",856,777,849,894,766,547
"ENSG00000243147.3",265,268,274,344,317,127
"ENSG00000171174.9",17,29,20,32,29,15
"ENSG00000158019.16",314,259,311,343,305,175
"ENSG00000223522.1",39,33,34,36,39,41
"ENSG00000075426.7",101,72,57,51,129,109
"ENSG00000163803.8",33,35,32,45,71,54
"ENSG00000213639.5",1548,1452,1592,1939,1626,718
"ENSG00000163806.11",35,34,25,31,33,33
"ENSG00000171103.6",219,178,216,245,242,169
"ENSG00000163811.7",1823,1653,1859,2310,1902,1115
"ENSG00000265706.1",12,16,6,14,8,1
"ENSG00000189350.8",25,27,16,38,38,20
"ENSG00000179270.6",27,18,13,40,29,9
"ENSG00000115295.15",24,12,12,25,52,40
"ENSG00000171094.11",37,27,15,55,55,17
"ENSG00000119801.8",770,756,722,903,730,343
"ENSG00000213626.7",1300,1308,323,375,543,196
"ENSG00000172954.9",506,459,457,666,551,357
"ENSG00000162949.12",9,20,12,29,35,14
"ENSG00000158089.10",12,9,21,44,59,41
"ENSG00000214711.5",15,11,5,20,12,7
"ENSG00000013016.10",10,10,12,26,34,19
"ENSG00000158125.5",32,27,25,69,48,23
"ENSG00000049319.2",5,3,2,13,11,6
"ENSG00000273165.1",15,8,7,2,13,15
"ENSG00000162959.9",243,266,200,208,177,170
"ENSG00000162961.9",687,580,555,687,502,211
"ENSG00000021574.7",708,597,601,638,491,343
"ENSG00000272716.1",83,60,65,68,47,35
"ENSG00000152683.10",864,747,722,838,712,384
"ENSG00000229816.1",204,159,192,155,163,195
"ENSG00000091106.14",20,19,24,45,34,20
"ENSG00000119820.6",1061,965,964,1218,1020,652
"ENSG00000272754.1",6,3,7,12,4,11
"ENSG00000115760.9",8343,7262,7536,8711,7500,5932
"ENSG00000018699.7",886,810,877,1083,924,376
"ENSG00000049323.11",2667,2289,1601,2395,4415,2697
"ENSG00000223951.1",9,6,5,8,16,16
"ENSG00000152689.13",22,9,45,65,274,191
"ENSG00000119812.14",486,391,578,754,657,301
"ENSG00000203386.2",0,1,17,19,23,18
"ENSG00000239649.2",3,8,5,20,30,23
"ENSG00000150938.5",77,56,27,59,84,76
"ENSG00000171055.10",425,423,367,421,413,271
"ENSG00000256845.1",18,18,11,10,8,9
"ENSG00000205221.8",8,9,9,30,27,12
"ENSG00000115808.7",1429,1243,1510,1778,1409,1022
"ENSG00000008869.7",1055,979,995,1193,1029,601
"ENSG00000152133.10",402,298,358,492,390,264
"ENSG00000055332.12",974,881,1048,1183,940,718
"ENSG00000138068.6",10,7,2,12,5,5
"ENSG00000218739.5",591,524,601,655,494,371
"ENSG00000115816.9",972,912,1090,1117,1004,628
"ENSG00000272054.1",55,38,40,40,48,45
"ENSG00000003509.11",340,359,330,321,305,197
"ENSG00000115825.5",816,690,602,732,606,412
"ENSG00000236213.1",28,16,47,61,115,127
"ENSG00000163171.6",81,77,290,385,454,461
"ENSG00000237803.1",1,2,6,6,19,17
"ENSG00000115841.15",26,28,53,88,94,52
"ENSG00000138061.7",10,5,3,21,19,11
"ENSG00000232973.7",0,4,1,12,14,4
"ENSG00000119787.9",1163,1141,1148,1326,1017,642
"ENSG00000231367.1",33,20,20,18,18,12
"ENSG00000213553.3",409,352,249,430,370,36
"ENSG00000143889.11",2335,2161,2182,2923,3019,1811
"ENSG00000235586.1",147,87,101,103,209,132
"ENSG00000143891.12",990,793,939,1084,1237,756
"ENSG00000232518.1",17,8,11,11,11,13
"ENSG00000115875.14",2799,2348,2463,2986,2631,1821
"ENSG00000152147.6",154,108,147,134,126,87
"ENSG00000163214.16",616,570,551,633,574,391
"ENSG00000188010.8",72,44,67,74,73,24
"ENSG00000214694.6",18,12,11,23,23,13
"ENSG00000115904.8",1155,1075,956,1132,888,807
"ENSG00000229692.3",46,57,32,46,43,41
"ENSG00000225900.1",18,13,15,2,11,17
"ENSG00000205111.4",10,5,4,15,10,3
"ENSG00000011566.10",866,702,628,695,562,358
"ENSG00000252473.1",22,11,7,6,6,7
"ENSG00000231312.2",188,172,111,136,75,38
"ENSG00000152154.6",13,9,10,24,8,6
"ENSG00000138050.10",483,349,444,492,420,252
"ENSG00000183023.14",9,18,7,28,32,11
"ENSG00000162878.8",117,102,363,391,491,435
"ENSG00000224875.2",18,26,24,17,17,18
"ENSG00000143924.14",1058,968,1187,1487,1096,706
"ENSG00000115944.10",1671,1524,1333,1540,1285,439
"ENSG00000057935.9",581,512,432,499,446,270
"ENSG00000115970.14",955,858,963,1122,807,516
"ENSG00000152518.5",2870,2742,1891,2282,1398,1408
"ENSG00000234936.1",11,10,2,4,7,2
"ENSG00000152527.9",910,831,284,299,180,157
"ENSG00000223658.5",24,18,13,11,15,7
"ENSG00000229695.1",22,10,9,4,2,3
"ENSG00000138036.14",328,245,268,236,163,117
"ENSG00000138075.7",19,14,8,17,18,5
"ENSG00000143921.6",22,8,8,22,30,10
"ENSG00000138095.14",7826,7318,6369,7560,6368,2719
"ENSG00000200924.1",10,1,10,4,0,7
"ENSG00000138032.16",601,699,720,738,721,458
"ENSG00000138079.9",29,17,32,31,44,23
"ENSG00000138078.11",1082,1118,1463,1697,1423,927
"ENSG00000143919.10",178,169,192,228,156,101
"ENSG00000205054.2",2,9,1,11,17,19
"ENSG00000068784.8",741,610,657,685,606,469
"ENSG00000171132.9",50,36,35,62,76,40
"ENSG00000116016.9",658,547,731,885,773,635
"ENSG00000228100.1",56,36,42,60,77,53
"ENSG00000187600.8",166,135,115,170,134,108
"ENSG00000241791.2",10,9,12,16,15,6
"ENSG00000250565.2",179,131,160,213,175,153
"ENSG00000119729.6",303,293,376,422,338,230
"ENSG00000250116.2",49,44,57,60,28,73
"ENSG00000151665.8",167,151,166,168,142,85
"ENSG00000119878.5",224,208,238,296,227,98
"ENSG00000171150.7",300,352,277,353,316,241
"ENSG00000260977.1",8,6,6,14,12,11
"ENSG00000228925.1",27,18,24,25,30,21
"ENSG00000180398.7",2027,1955,1674,2330,2225,1014
"ENSG00000068724.11",981,862,457,629,436,347
"ENSG00000239605.4",5,15,12,9,3,8
"ENSG00000143933.12",2429,2244,2139,2825,2088,831
"ENSG00000236824.1",411,464,409,342,307,244
"ENSG00000119888.6",1585,1460,950,1281,441,191
"ENSG00000095002.8",3459,3067,2501,2925,2124,1272
"ENSG00000236558.2",13,15,20,15,11,12
"ENSG00000184261.4",43,24,79,86,75,90
"ENSG00000235760.3",8,2,20,8,23,11
"ENSG00000230979.3",25,17,10,25,30,4
"ENSG00000116062.10",3857,3531,2987,3742,2948,1519
"ENSG00000138081.15",1248,1095,1178,1272,1196,1054
"ENSG00000235369.1",14,10,6,12,12,15
"ENSG00000236549.1",24,35,26,13,17,24
"ENSG00000233230.1",64,73,30,68,56,49
"ENSG00000170802.11",804,731,669,803,641,406
"ENSG00000162869.11",263,230,306,340,319,363
"ENSG00000243244.1",70,64,85,94,114,77
"ENSG00000138039.10",6,13,20,7,19,7
"ENSG00000170820.7",12,2,4,21,17,8
"ENSG00000179915.16",30,25,17,57,51,21
"ENSG00000223710.1",4,4,11,11,13,11
"ENSG00000115239.17",110,78,66,90,74,67
"ENSG00000270898.1",12,10,8,12,11,11
"ENSG00000143942.4",48,48,39,48,45,33
"ENSG00000068912.9",890,745,703,892,702,308
"ENSG00000119737.5",50,49,63,75,91,107
"ENSG00000068878.10",4223,3880,3925,4847,3853,2605
"ENSG00000170634.8",149,123,157,184,173,153
"ENSG00000272156.1",8,10,7,9,12,8
"ENSG00000178021.9",634,578,530,647,729,551
"ENSG00000115306.11",4137,3625,4959,6152,2948,2177
"ENSG00000214595.7",95,90,138,171,175,119
"ENSG00000115310.13",6470,5728,5512,7566,7313,4083
"ENSG00000200086.1",17,14,15,28,26,38
"ENSG00000162994.11",121,105,155,164,175,177
"ENSG00000203327.2",10,11,11,13,11,24
"ENSG00000227799.1",71,69,64,62,80,85
"ENSG00000143947.8",8913,9168,8148,9951,7779,2109
"ENSG00000085760.10",1503,1227,1270,1642,1208,652
"ENSG00000162997.11",145,116,101,147,107,120
"ENSG00000115355.11",3317,2810,3084,3409,2662,2346
"ENSG00000240401.4",70,48,45,50,44,38
"ENSG00000163001.7",555,564,602,632,460,344
"ENSG00000138041.11",1809,1503,1852,2194,1841,1323
"ENSG00000138035.10",959,839,928,1009,743,486
"ENSG00000115380.14",36,37,11,33,36,12
"ENSG00000055813.5",11,10,12,12,22,2
"ENSG00000028116.12",512,444,433,521,371,266
"ENSG00000115392.7",453,404,436,476,388,305
"ENSG00000233426.2",34,41,26,61,35,13
"ENSG00000231043.2",10,5,5,11,14,6
"ENSG00000119866.16",24,16,14,36,25,20
"ENSG00000115421.8",525,436,421,540,384,290
"ENSG00000162924.9",519,430,404,568,476,383
"ENSG00000237522.1",20,29,43,53,47,40
"ENSG00000232713.2",16,9,16,24,18,24
"ENSG00000162927.9",173,157,193,249,180,123
"ENSG00000162928.8",550,448,504,598,410,281
"ENSG00000162929.9",252,244,146,193,171,123
"ENSG00000173209.18",1960,1754,1364,1568,1289,1258
"ENSG00000115464.10",5219,4623,5106,5896,5044,4208
"ENSG00000273302.1",28,21,21,20,25,30
"ENSG00000271146.1",10,11,13,9,9,9
"ENSG00000234624.2",13,27,12,15,15,17
"ENSG00000270820.1",68,74,72,79,83,38
"ENSG00000082898.12",6391,5757,5605,6767,5533,3444
"ENSG00000170264.8",11,23,32,30,46,20
"ENSG00000115484.10",6477,6147,5579,7167,5612,1560
"ENSG00000236498.1",21,25,7,18,14,21
"ENSG00000173163.6",83,67,73,149,128,52
"ENSG00000170340.10",886,851,597,841,699,299
"ENSG00000266097.1",13,13,7,10,7,6
"ENSG00000270335.1",15,6,33,32,34,25
"ENSG00000228541.1",1,2,11,13,22,19
"ENSG00000186889.5",26,33,28,24,12,13
"ENSG00000115504.10",653,540,725,804,713,585
"ENSG00000231609.1",9,10,9,2,3,11
"ENSG00000115507.5",191,158,123,183,127,83
"ENSG00000143951.11",217,189,229,281,284,203
"ENSG00000014641.13",1950,1908,2130,2486,1935,870
"ENSG00000169764.10",869,826,690,876,769,393
"ENSG00000143952.15",710,602,774,994,777,504
"ENSG00000197329.7",537,385,963,1305,845,534
"ENSG00000225889.3",66,46,26,36,38,33
"ENSG00000119862.8",5,6,6,10,23,18
"ENSG00000119844.10",711,618,646,699,670,553
"ENSG00000179833.4",679,595,516,702,577,488
"ENSG00000226756.1",14,15,16,21,13,13
"ENSG00000115902.6",637,520,748,1094,1315,814
"ENSG00000232613.2",9,3,14,15,18,9
"ENSG00000011523.9",823,707,696,968,617,514
"ENSG00000138069.12",1259,1143,1378,1418,1274,849
"ENSG00000172974.10",60,45,46,51,42,12
"ENSG00000138071.9",5550,4919,5200,6827,5333,2501
"ENSG00000198369.5",1051,917,1061,1345,1248,943
"ENSG00000232693.2",24,19,21,30,22,23
"ENSG00000204929.7",23,50,33,34,50,37
"ENSG00000234255.4",19,11,7,8,20,17
"ENSG00000237979.1",15,7,9,5,11,7
"ENSG00000232164.1",16,12,61,99,52,49
"ENSG00000143995.15",245,200,372,401,672,394
"ENSG00000143971.7",281,255,238,291,192,158
"ENSG00000197223.7",180,159,231,195,178,82
"ENSG00000243667.2",96,71,74,91,83,55
"ENSG00000115946.3",268,219,272,367,279,123
"ENSG00000221823.6",531,470,713,903,656,295
"ENSG00000273064.1",20,20,22,25,23,8
"ENSG00000119865.4",46,55,196,242,80,80
"ENSG00000115956.9",11,1,8,12,17,7
"ENSG00000204923.3",40,43,88,72,87,63
"ENSG00000169621.5",60,60,125,160,165,116
"ENSG00000163219.7",198,171,547,698,820,535
"ENSG00000163217.1",18,23,4,15,12,6
"ENSG00000169604.15",13,18,120,141,264,202
"ENSG00000198380.8",3051,2745,3579,4436,3884,2134
"ENSG00000169599.8",488,449,299,369,300,115
"ENSG00000188971.4",334,324,578,755,574,496
"ENSG00000115977.14",537,433,638,837,601,517
"ENSG00000229948.2",6,16,21,23,8,7
"ENSG00000196975.10",170,171,832,1077,811,417
"ENSG00000087338.4",858,739,881,1017,802,596
"ENSG00000270723.1",5,10,7,12,9,3
"ENSG00000124380.6",444,434,407,428,426,275
"ENSG00000059728.6",2713,2584,2081,2450,1664,1223
"ENSG00000244617.1",20,8,24,51,46,31
"ENSG00000179818.9",293,242,400,366,324,394
"ENSG00000169564.5",5135,4594,4577,5641,4492,1995
"ENSG00000231327.1",14,11,18,13,13,13
"ENSG00000115998.3",212,163,141,174,178,100
"ENSG00000116001.11",1596,1433,1502,1516,1290,821
"ENSG00000116005.7",835,708,484,759,481,183
"ENSG00000143977.9",2046,1990,1788,2067,1661,376
"ENSG00000035141.3",1133,979,1046,1215,845,490
"ENSG00000163235.11",13,10,4,23,12,3
"ENSG00000075340.18",5638,4973,3314,4037,2393,1681
"ENSG00000235035.1",24,21,7,7,14,14
"ENSG00000152672.3",10,9,13,12,8,3
"ENSG00000116039.7",10,11,11,21,8,9
"ENSG00000144031.7",13,13,15,29,25,20
"ENSG00000144043.7",782,773,837,1000,1016,474
"ENSG00000228384.3",10,8,3,11,10,5
"ENSG00000124357.8",247,190,243,267,275,262
"ENSG00000124370.6",381,333,389,513,414,323
"ENSG00000124383.4",688,640,923,997,825,589
"ENSG00000124374.8",14,14,132,184,146,96
"ENSG00000075292.14",3636,3171,3461,3946,3798,3142
"ENSG00000135636.9",494,421,114,224,124,84
"ENSG00000003137.4",12,8,17,37,30,10
"ENSG00000144036.10",105,119,264,315,176,166
"ENSG00000116096.5",400,366,242,335,254,129
"ENSG00000135638.9",13,11,10,12,18,10
"ENSG00000144040.8",866,742,565,588,637,594
"ENSG00000135631.11",855,653,133,199,181,135
"ENSG00000214513.3",5,3,1,11,10,1
"ENSG00000135632.7",661,605,609,760,648,403
"ENSG00000135617.3",230,193,212,218,226,122
"ENSG00000135624.11",7600,6962,6272,8340,6705,2011
"ENSG00000163013.7",901,741,1003,1258,1035,993
"ENSG00000135625.6",5,7,4,29,17,2
"ENSG00000116127.13",1610,1414,1306,1565,1310,1139
"ENSG00000230002.2",103,107,51,94,45,57
"ENSG00000144034.10",302,275,244,373,289,89
"ENSG00000273245.1",13,11,16,12,24,9
"ENSG00000144048.6",311,310,404,488,395,200
"ENSG00000187833.7",15,20,15,21,14,5
"ENSG00000124356.11",862,822,773,968,840,603
"ENSG00000114956.15",837,745,656,867,813,270
"ENSG00000237883.1",30,28,69,65,49,25
"ENSG00000235499.1",126,80,124,127,127,104
"ENSG00000255989.1",66,77,53,73,66,56
"ENSG00000187605.11",3245,2863,2922,3862,2910,2309
"ENSG00000257800.1",65,66,81,100,128,124
"ENSG00000163170.7",670,606,544,746,586,213
"ENSG00000225439.2",308,251,393,497,283,186
"ENSG00000114978.13",3079,2734,2379,2822,2166,1137
"ENSG00000065911.7",3902,3494,4402,5380,4283,1751
"ENSG00000188687.11",26,23,51,49,32,27
"ENSG00000204843.8",2114,1900,2016,2538,2109,1279
"ENSG00000237737.1",12,7,5,11,8,13
"ENSG00000159239.7",23,24,22,29,50,24
"ENSG00000005448.12",283,246,274,413,492,152
"ENSG00000114993.11",149,137,181,238,201,162
"ENSG00000115274.10",331,274,258,342,271,232
"ENSG00000239779.2",138,122,101,154,100,82
"ENSG00000115275.7",1957,1786,1614,2427,2030,1007
"ENSG00000204822.6",19,30,37,40,31,20
"ENSG00000135637.9",341,233,296,373,310,236
"ENSG00000115282.15",500,433,543,632,521,497
"ENSG00000179528.11",44,45,66,69,72,68
"ENSG00000258821.1",14,8,9,10,9,11
"ENSG00000257702.3",72,56,31,74,110,81
"ENSG00000115289.8",419,351,304,365,263,143
"ENSG00000115297.9",9,7,6,11,15,10
"ENSG00000144045.9",23,25,25,46,27,20
"ENSG00000115307.12",1608,1472,1207,1686,1341,837
"ENSG00000115317.7",532,442,471,657,633,224
"ENSG00000115318.7",97,81,82,134,114,121
"ENSG00000115325.9",308,323,362,464,337,188
"ENSG00000159374.13",24,19,27,33,33,24
"ENSG00000135622.8",42,24,76,121,115,54
"ENSG00000272711.1",30,9,11,19,29,7
"ENSG00000159399.5",6438,5848,6363,8229,6566,3534
"ENSG00000204792.2",36,36,85,100,136,203
"ENSG00000236209.1",2,2,14,29,38,37
"ENSG00000230836.1",1,8,9,6,11,27
"ENSG00000115350.7",133,182,181,268,314,113
"ENSG00000115353.6",14,4,9,22,27,41
"ENSG00000115363.9",6,6,0,14,13,2
"ENSG00000115364.9",859,794,725,915,671,310
"ENSG00000005436.9",409,379,332,347,333,247
"ENSG00000270696.1",142,120,112,92,89,55
"ENSG00000271452.1",8,7,13,7,8,12
"ENSG00000270462.1",15,7,8,11,5,8
"ENSG00000200488.1",172,229,150,219,354,99
"ENSG00000176204.9",28,23,5,28,17,7
"ENSG00000229494.1",53,44,14,21,24,29
"ENSG00000214429.3",64,43,24,24,51,39
"ENSG00000270470.1",60,54,16,21,17,16
"ENSG00000066032.14",15,16,10,33,32,20
"ENSG00000162951.6",165,153,7,23,18,4
"ENSG00000163541.7",1360,1247,1075,1223,1079,314
"ENSG00000115423.14",54,43,30,117,88,31
"ENSG00000186854.6",18,34,18,30,60,33
"ENSG00000034510.4",6341,5677,2848,3557,5704,2710
"ENSG00000176407.13",1127,985,608,935,700,583
"ENSG00000152284.4",21,26,15,28,21,25
"ENSG00000246575.2",51,38,44,30,36,63
"ENSG00000152291.9",3392,2938,3568,4713,3762,2617
"ENSG00000042445.9",692,570,455,643,399,238
"ENSG00000115459.13",413,349,300,338,282,202
"ENSG00000042493.11",2105,1784,1432,1922,939,406
"ENSG00000152292.12",41,27,23,33,32,14
"ENSG00000229648.1",25,20,16,8,18,31
"ENSG00000168906.8",9714,8504,5353,6330,5062,4125
"ENSG00000115486.7",815,767,608,885,817,547
"ENSG00000118640.6",652,612,623,921,838,251
"ENSG00000168899.4",18,17,21,17,28,18
"ENSG00000168894.5",1212,1182,963,1148,946,348
"ENSG00000168890.9",205,161,168,246,215,137
"ENSG00000168883.15",2266,2059,1578,2268,1675,627
"ENSG00000168887.6",957,852,854,1042,1074,763
"ENSG00000168878.12",11,17,10,17,24,18
"ENSG00000115523.12",6,7,10,48,32,24
"ENSG00000168874.8",16,8,10,18,33,14
"ENSG00000115525.12",407,343,99,156,203,144
"ENSG00000068654.11",2595,2355,2834,3442,3042,2044
"ENSG00000132300.14",3023,2591,2695,2909,2487,1526
"ENSG00000208772.1",64,66,59,75,57,19
"ENSG00000132305.16",4288,4049,3581,4648,3982,2102
"ENSG00000273080.1",20,17,25,25,20,8
"ENSG00000132313.10",825,762,879,1074,967,600
"ENSG00000068615.12",58,48,59,72,83,88
"ENSG00000115548.12",4964,4355,4591,5354,5631,3701
"ENSG00000115561.10",253,213,310,366,392,200
"ENSG00000228363.2",68,68,57,42,39,56
"ENSG00000239305.2",215,227,303,366,249,163
"ENSG00000153561.8",2095,1978,2777,3566,2920,1655
"ENSG00000233673.2",30,21,22,46,24,15
"ENSG00000231259.3",255,241,109,152,117,80
"ENSG00000204745.3",50,50,43,76,63,37
"ENSG00000222041.6",1362,1166,1228,1639,1322,618
"ENSG00000273445.1",64,45,39,49,78,54
"ENSG00000214354.3",19,6,6,14,16,10
"ENSG00000265507.1",14,6,12,18,16,21
"ENSG00000225933.1",10,14,14,6,12,30
"ENSG00000234231.2",84,81,137,181,156,94
"ENSG00000185304.12",190,129,136,165,121,100
"ENSG00000222724.1",8,6,14,7,13,12
"ENSG00000172086.7",68,60,28,40,43,24
"ENSG00000115593.10",9,13,11,25,18,5
"ENSG00000144115.12",18,21,10,18,11,13
"ENSG00000172073.3",6,3,3,10,16,19
"ENSG00000172071.7",455,411,406,547,466,389
"ENSG00000234028.3",62,58,64,93,68,60
"ENSG00000153574.8",426,383,292,372,250,113
"ENSG00000230006.3",13,15,11,9,13,11
"ENSG00000233991.2",28,29,34,60,37,23
"ENSG00000143429.5",216,224,262,347,266,247
"ENSG00000230572.1",46,42,45,80,69,37
"ENSG00000223703.1",3,1,3,22,20,1
"ENSG00000232531.2",10,15,7,9,16,5
"ENSG00000236969.2",2,10,3,14,7,3
"ENSG00000223564.1",53,47,479,471,549,451
"ENSG00000232502.1",32,33,187,221,201,226
"ENSG00000235571.1",34,33,323,291,329,505
"ENSG00000204717.4",26,24,260,232,224,324
"ENSG00000229089.2",156,110,1001,928,858,1224
"ENSG00000259848.4",469,365,2637,3009,2893,3114
"ENSG00000163060.6",19,18,57,72,55,44
"ENSG00000237055.1",3,9,30,34,46,28
"ENSG00000232128.1",9,4,34,37,45,37
"ENSG00000233158.1",3,2,35,40,13,35
"ENSG00000231331.1",3,6,40,53,35,30
"ENSG00000232594.1",1,0,21,15,17,22
"ENSG00000144029.7",1837,1646,1604,1792,1468,960
"ENSG00000144026.7",610,525,512,549,534,533
"ENSG00000163067.10",91,105,110,143,110,63
"ENSG00000155066.11",7,16,12,30,18,17
"ENSG00000115041.8",3,7,7,12,10,8
"ENSG00000115042.5",627,528,485,637,556,342
"ENSG00000226185.1",8,6,1,12,10,3
"ENSG00000232717.1",11,5,6,16,11,3
"ENSG00000237510.3",5,9,5,21,10,12
"ENSG00000232931.1",49,42,102,117,119,165
"ENSG00000174501.10",1249,1039,1282,1477,1267,1586
"ENSG00000231584.4",74,52,44,71,88,59
"ENSG00000186281.8",18,25,16,41,40,28
"ENSG00000222040.3",22,9,6,22,12,5
"ENSG00000158050.4",7,4,6,10,14,9
"ENSG00000084090.9",1928,1722,1700,2336,2316,1141
"ENSG00000204685.5",96,105,100,118,83,91
"ENSG00000135956.4",528,500,573,751,799,486
"ENSG00000144021.2",1478,1302,1550,1786,1601,902
"ENSG00000144028.10",16141,14833,12584,16779,13710,6443
"ENSG00000230747.1",34,24,9,31,9,7
"ENSG00000198885.5",117,111,109,120,94,54
"ENSG00000121152.5",1793,1570,1355,1537,1251,725
"ENSG00000196843.11",226,165,185,247,236,197
"ENSG00000114982.13",2520,2340,2353,2776,2351,2034
"ENSG00000249715.5",52,45,35,87,94,44
"ENSG00000114988.7",357,298,246,383,291,135
"ENSG00000158158.7",671,600,451,591,496,318
"ENSG00000168763.11",1193,992,860,1087,934,686
"ENSG00000163126.10",47,48,32,51,42,67
"ENSG00000213337.4",524,530,326,362,370,281
"ENSG00000168758.6",6830,5883,3003,3700,4268,3576
"ENSG00000168754.9",6581,5613,7440,11464,3372,2015
"ENSG00000188383.7",15,9,20,17,24,21
"ENSG00000144199.7",401,339,422,538,438,199
"ENSG00000135976.12",1397,1161,1284,1441,1239,1345
"ENSG00000196912.8",678,501,653,810,615,641
"ENSG00000235833.1",13,5,12,13,8,6
"ENSG00000135940.2",2629,2495,2229,2820,2275,868
"ENSG00000115073.6",1467,1245,1162,1507,1110,697
"ENSG00000228486.5",82,72,79,91,62,67
"ENSG00000115085.9",27,24,32,65,43,40
"ENSG00000075568.12",1661,1460,1707,2116,2110,1816
"ENSG00000235734.3",20,19,14,19,10,21
"ENSG00000168658.14",29,24,18,48,52,23
"ENSG00000144191.7",21,10,8,27,40,8
"ENSG00000040933.11",1376,1195,1744,2155,1828,1381
"ENSG00000183513.4",465,407,431,527,431,328
"ENSG00000115446.7",364,390,297,432,355,205
"ENSG00000071073.8",22,9,14,40,37,12
"ENSG00000196872.6",16,15,13,38,39,11
"ENSG00000135951.10",56,55,52,89,75,61
"ENSG00000241962.5",10,5,6,25,9,6
"ENSG00000273045.1",15,10,7,15,20,10
"ENSG00000144182.12",63,44,47,67,37,40
"ENSG00000158411.6",287,269,295,294,242,163
"ENSG00000185674.5",5,15,8,24,16,14
"ENSG00000144214.5",22,17,24,31,37,40
"ENSG00000115514.7",283,257,272,284,276,153
"ENSG00000158417.6",1995,1710,2275,2631,2427,2114
"ENSG00000135945.5",1321,1150,1026,1256,1043,966
"ENSG00000273306.1",21,22,27,50,35,19
"ENSG00000144218.14",18,25,13,61,42,23
"ENSG00000170500.8",355,303,277,278,354,344
"ENSG00000115526.6",449,385,340,500,395,250
"ENSG00000115539.9",176,118,114,190,149,81
"ENSG00000170485.12",16,15,18,38,30,8
"ENSG00000071082.6",14179,13454,11528,13442,10613,4820
"ENSG00000204634.8",189,133,191,239,274,259
"ENSG00000272902.1",3,1,13,6,24,10
"ENSG00000158435.3",1025,856,1004,1429,1192,708
"ENSG00000163162.4",740,666,730,874,646,514
"ENSG00000175874.5",3,10,9,20,15,5
"ENSG00000196460.8",14,6,4,18,9,6
"ENSG00000071054.11",3290,2725,3187,4370,2961,2001
"ENSG00000115590.9",5,5,7,14,15,5
"ENSG00000115594.7",95,95,3,1,18,6
"ENSG00000115598.5",11,10,7,3,19,5
"ENSG00000115602.12",39,32,12,41,25,11
"ENSG00000115604.6",35,23,76,87,95,74
"ENSG00000115607.5",29,19,7,13,16,20
"ENSG00000180251.4",14,11,11,31,25,8
"ENSG00000115616.2",227,207,32,50,31,12
"ENSG00000135953.6",320,279,225,323,240,181
"ENSG00000170417.10",89,72,83,140,127,47
"ENSG00000198914.2",6,3,5,20,11,5
"ENSG00000135972.4",573,518,513,622,446,283
"ENSG00000135973.1",3,11,7,13,10,4
"ENSG00000135966.8",708,649,655,757,661,456
"ENSG00000235319.1",11,6,4,10,11,7
"ENSG00000272994.1",94,52,60,96,106,62
"ENSG00000135974.5",635,591,531,608,490,382
"ENSG00000115641.14",197,177,876,1202,909,527
"ENSG00000238273.3",13,7,35,55,37,37
"ENSG00000071051.9",293,282,373,417,401,242
"ENSG00000115652.10",689,591,434,550,406,253
"ENSG00000153165.14",54,39,29,81,74,32
"ENSG00000214199.3",34,30,18,51,39,20
"ENSG00000144057.11",9,6,11,15,13,8
"ENSG00000237880.1",1,5,17,10,16,14
"ENSG00000196862.8",42,29,19,60,67,24
"ENSG00000115665.4",6,7,9,15,18,9
"ENSG00000196228.2",7,12,4,6,7,12
"ENSG00000198203.5",11,9,11,16,19,6
"ENSG00000198075.5",18,5,4,11,7,8
"ENSG00000135968.15",1125,1144,1227,1259,1178,1119
"ENSG00000214184.3",46,33,38,56,48,19
"ENSG00000169756.12",2319,2160,2692,3343,3548,1660
"ENSG00000228763.1",19,10,16,15,15,23
"ENSG00000153201.11",4200,3771,4045,4993,4460,2590
"ENSG00000163006.7",332,294,292,321,280,225
"ENSG00000227470.1",1,3,6,10,10,9
"ENSG00000135960.5",9,9,4,23,20,6
"ENSG00000172985.8",13,10,9,28,32,14
"ENSG00000186522.10",16,12,9,17,21,6
"ENSG00000198142.3",14,4,8,23,25,9
"ENSG00000144061.8",11,12,12,10,15,11
"ENSG00000175701.6",197,170,164,151,127,69
"ENSG00000257207.4",41,37,41,55,52,16
"ENSG00000216867.2",23,15,27,21,13,29
"ENSG00000169679.10",7403,6411,6792,8045,5361,2917
"ENSG00000153093.14",182,136,197,214,142,132
"ENSG00000204581.2",9,11,10,12,12,9
"ENSG00000153094.17",282,261,348,425,236,273
"ENSG00000230499.1",10,7,29,26,25,28
"ENSG00000172965.10",1362,1246,1507,1723,1434,1203
"ENSG00000227992.1",17,21,27,34,42,55
"ENSG00000271590.1",20,11,30,34,35,42
"ENSG00000229118.1",18,20,20,36,10,21
"ENSG00000270190.1",41,16,37,29,47,52
"ENSG00000226928.1",21,21,30,25,30,55
"ENSG00000266139.1",4,3,12,12,5,11
"ENSG00000223973.2",13,15,15,14,22,21
"ENSG00000240350.1",52,38,34,74,70,85
"ENSG00000224959.1",166,127,164,170,193,130
"ENSG00000228615.1",4,5,6,10,12,12
"ENSG00000153107.7",2078,1814,2092,2569,2015,1303
"ENSG00000153208.12",90,103,314,444,327,233
"ENSG00000153214.5",510,404,559,718,579,381
"ENSG00000144152.8",21,14,9,28,20,9
"ENSG00000144161.8",334,295,435,545,422,338
"ENSG00000188177.9",571,516,588,706,613,547
"ENSG00000235258.1",36,33,26,27,29,18
"ENSG00000169629.7",35,23,21,48,49,22
"ENSG00000114999.7",1147,1059,1298,1648,1330,844
"ENSG00000125630.11",777,726,879,1175,845,405
"ENSG00000125611.11",307,300,192,297,233,80
"ENSG00000228251.1",8,7,10,19,8,9
"ENSG00000237753.1",32,36,17,26,35,22
"ENSG00000144136.6",4771,4334,2782,3986,5211,2586
"ENSG00000144130.7",198,157,42,31,168,196
"ENSG00000169607.8",758,637,848,891,745,518
"ENSG00000115008.5",16,19,41,51,43,37
"ENSG00000125538.7",16,24,65,70,44,51
"ENSG00000136696.6",3,2,1,20,15,6
"ENSG00000125637.11",1242,1045,1343,1773,1640,1386
"ENSG00000189223.9",645,615,731,891,909,717
"ENSG00000125618.12",232,189,219,245,229,240
"ENSG00000258395.1",4,6,3,11,1,10
"ENSG00000136682.10",433,309,423,478,420,294
"ENSG00000184492.5",20,12,10,56,37,22
"ENSG00000225398.2",16,16,13,14,24,22
"ENSG00000146556.10",437,347,464,546,460,499
"ENSG00000236397.2",120,95,103,94,147,112
"ENSG00000240356.2",55,69,80,107,91,91
"ENSG00000144134.14",59,53,55,71,80,65
"ENSG00000115084.8",854,744,872,1063,933,550
"ENSG00000270019.1",64,50,46,35,46,59
"ENSG00000115091.7",3914,3419,4491,5431,4556,2073
"ENSG00000175497.12",23,16,13,34,39,11
"ENSG00000088205.8",1704,1468,1529,1976,1890,1017
"ENSG00000236255.1",91,92,142,140,143,128
"ENSG00000125633.6",727,620,494,664,571,471
"ENSG00000235066.4",32,18,15,11,16,11
"ENSG00000273185.1",14,9,5,17,0,3
"ENSG00000125629.10",286,270,226,264,275,173
"ENSG00000163064.6",21,11,45,91,142,125
"ENSG00000019169.9",13,12,12,17,13,3
"ENSG00000115107.15",432,387,473,673,422,269
"ENSG00000229867.1",29,32,15,10,14,13
"ENSG00000186132.10",51,40,63,66,53,16
"ENSG00000155368.12",401,315,395,464,367,151
"ENSG00000171227.6",20,17,6,12,6,4
"ENSG00000080293.5",13,6,4,12,13,4
"ENSG00000163075.8",23,26,22,29,30,22
"ENSG00000144120.8",236,188,238,301,208,99
"ENSG00000088179.4",492,381,405,463,475,348
"ENSG00000115109.9",642,584,526,560,451,304
"ENSG00000226479.3",302,257,314,414,407,203
"ENSG00000144118.9",1307,1045,910,1024,841,500
"ENSG00000074047.16",29,27,16,48,53,15
"ENSG00000115112.7",19,13,8,27,46,49
"ENSG00000074054.13",2714,2473,2655,2991,2570,1936
"ENSG00000265451.1",5,17,11,5,15,8
"ENSG00000264229.1",10,13,12,8,15,11
"ENSG00000236859.2",276,192,206,261,237,173
"ENSG00000230993.1",21,30,16,16,35,10
"ENSG00000155438.7",423,433,508,649,508,208
"ENSG00000211460.7",1126,1005,1028,1347,974,495
"ENSG00000155052.14",24,18,11,53,31,9
"ENSG00000226813.2",4,5,6,15,10,14
"ENSG00000235774.1",19,38,27,27,36,30
"ENSG00000136732.10",3848,3451,1620,2213,1738,739
"ENSG00000235128.1",67,43,34,26,39,41
"ENSG00000136717.10",128,83,51,81,72,41
"ENSG00000186684.8",9,7,6,18,16,7
"ENSG00000163161.8",1013,880,820,990,877,604
"ENSG00000169967.12",861,761,815,963,744,643
"ENSG00000115718.13",5,8,10,18,17,19
"ENSG00000163166.9",1664,1351,1346,1618,1348,1042
"ENSG00000231731.3",67,31,45,36,23,38
"ENSG00000169994.14",54,36,29,87,83,29
"ENSG00000072163.14",16,18,6,17,21,8
"ENSG00000136709.7",1598,1410,1679,2247,1894,1179
"ENSG00000270081.1",185,164,248,245,249,206
"ENSG00000144231.6",606,592,613,781,708,388
"ENSG00000144233.5",522,418,465,659,530,286
"ENSG00000272667.1",65,32,41,62,77,34
"ENSG00000136715.13",912,749,662,935,752,499
"ENSG00000136731.8",3130,2894,2094,3071,3176,1702
"ENSG00000136720.6",237,203,319,474,298,159
"ENSG00000180178.6",7,10,19,19,27,22
"ENSG00000196604.7",87,87,159,249,171,190
"ENSG00000223760.4",341,310,277,288,331,525
"ENSG00000152076.14",279,211,280,280,320,413
"ENSG00000136699.15",2874,2512,2310,3058,2428,1845
"ENSG00000152082.9",1516,1406,1177,1338,1035,702
"ENSG00000265280.1",15,7,9,15,15,24
"ENSG00000152086.7",21,15,12,23,38,11
"ENSG00000213225.6",85,58,100,118,118,93
"ENSG00000136710.5",319,358,452,549,413,226
"ENSG00000136718.5",884,797,780,1036,880,394
"ENSG00000072135.8",1098,888,1080,1333,1137,931
"ENSG00000178162.4",10,12,21,14,22,27
"ENSG00000196834.7",31,30,31,29,11,10
"ENSG00000222038.3",13,5,14,23,19,8
"ENSG00000178171.6",17,15,12,24,17,9
"ENSG00000136002.12",48,28,26,88,59,35
"ENSG00000152102.13",2144,2010,2203,2845,2456,1500
"ENSG00000115762.12",1460,1253,1659,1974,1396,697
"ENSG00000230450.1",47,40,48,83,54,99
"ENSG00000225448.1",18,25,17,19,17,22
"ENSG00000236956.1",149,130,160,162,167,159
"ENSG00000248796.1",127,101,106,90,104,95
"ENSG00000188219.10",590,444,828,809,847,1171
"ENSG00000212199.1",17,7,3,9,10,2
"ENSG00000178206.3",515,369,776,745,925,912
"ENSG00000231431.3",458,342,799,756,774,998
"ENSG00000236516.1",232,151,296,312,366,549
"ENSG00000217950.3",7,5,8,31,13,8
"ENSG00000173272.9",2682,2457,1767,2313,1863,1051
"ENSG00000075886.10",31,43,26,66,60,53
"ENSG00000152117.13",1886,1670,1094,1121,1150,1196
"ENSG00000163040.10",395,343,225,291,225,216
"ENSG00000224679.1",61,57,12,29,7,1
"ENSG00000204434.4",647,527,348,358,135,134
"ENSG00000224559.2",147,108,89,70,26,23
"ENSG00000270930.1",105,72,59,59,19,27
"ENSG00000197927.8",22,13,19,26,23,16
"ENSG00000213222.3",35,38,16,45,51,35
"ENSG00000018607.5",23,11,11,44,42,11
"ENSG00000272769.1",79,67,67,56,70,63
"ENSG00000230992.2",32,29,3,2,3,7
"ENSG00000176771.11",27,22,27,64,40,15
"ENSG00000152127.4",1094,945,1322,1837,1745,1034
"ENSG00000263813.1",13,5,5,13,15,4
"ENSG00000234060.1",7,9,14,5,13,3
"ENSG00000152128.13",16,13,285,373,493,365
"ENSG00000224043.3",24,21,26,12,18,20
"ENSG00000153086.9",10,5,14,16,18,14
"ENSG00000082258.8",1050,984,975,1124,1070,783
"ENSG00000176601.7",15,9,10,23,40,13
"ENSG00000115839.13",1790,1732,2022,2469,1754,1182
"ENSG00000121988.13",479,400,449,499,467,361
"ENSG00000235651.1",51,53,50,59,51,87
"ENSG00000048991.12",1463,1290,1521,1879,1320,1320
"ENSG00000144224.12",2381,2202,2289,2767,2175,1717
"ENSG00000115850.5",20,22,20,42,20,21
"ENSG00000076003.4",3011,2684,2860,3339,2789,1051
"ENSG00000115866.6",3282,2840,2458,2714,2445,1087
"ENSG00000231890.3",81,70,56,80,80,94
"ENSG00000121966.6",8,4,5,11,16,5
"ENSG00000144229.7",33,17,19,46,68,24
"ENSG00000150540.9",44,36,17,31,42,35
"ENSG00000234645.2",13,13,16,23,12,15
"ENSG00000232915.1",34,26,27,29,18,18
"ENSG00000228043.1",102,66,110,97,95,103
"ENSG00000230569.1",29,18,22,31,19,31
"ENSG00000144228.4",222,197,345,350,271,200
"ENSG00000241772.2",6,5,8,13,6,14
"ENSG00000260059.1",3,6,10,23,13,14
"ENSG00000229131.1",57,30,3,2,3,4
"ENSG00000168702.12",84,54,41,121,94,42
"ENSG00000115919.10",71,76,160,160,137,78
"ENSG00000075884.8",21,26,114,177,21,13
"ENSG00000121964.10",185,141,206,258,216,158
"ENSG00000169554.12",3561,3089,3232,3744,4241,3378
"ENSG00000213410.2",31,19,21,18,37,34
"ENSG00000176824.2",162,105,119,141,139,190
"ENSG00000238057.4",135,91,102,118,109,96
"ENSG00000121989.10",55,44,130,144,101,54
"ENSG00000115947.9",965,782,871,1009,893,480
"ENSG00000204406.7",305,338,482,520,538,486
"ENSG00000135999.7",580,478,823,945,902,714
"ENSG00000168280.12",5,5,2,10,14,9
"ENSG00000168288.8",1724,1676,1910,2391,2112,534
"ENSG00000184898.6",187,150,220,243,195,142
"ENSG00000123609.6",278,221,379,510,481,289
"ENSG00000080345.13",5397,4680,5013,5357,5077,3984
"ENSG00000183091.15",685,516,815,953,1523,1326
"ENSG00000162980.12",2046,1843,2317,2680,2759,1869
"ENSG00000182389.14",12,17,12,11,24,10
"ENSG00000115145.5",255,263,202,263,249,153
"ENSG00000157827.15",56,64,48,64,110,63
"ENSG00000196504.11",5260,4979,4563,5187,4399,2783
"ENSG00000177917.6",1154,1073,819,1021,898,411
"ENSG00000144278.10",5,10,4,15,15,4
"ENSG00000226383.1",116,99,247,277,246,271
"ENSG00000235548.1",12,8,27,39,34,51
"ENSG00000153234.9",188,148,147,208,229,225
"ENSG00000115159.11",884,743,892,1201,1568,706
"ENSG00000136542.4",2216,2070,2309,3036,3013,2051
"ENSG00000222404.1",7,11,12,20,9,10
"ENSG00000136541.10",9,4,6,15,18,17
"ENSG00000115165.5",11,8,25,37,16,21
"ENSG00000123612.11",13,20,86,122,177,98
"ENSG00000234584.1",12,3,9,20,15,24
"ENSG00000115170.9",610,545,529,770,793,575
"ENSG00000007001.8",17,18,6,21,28,5
"ENSG00000270557.1",6,4,10,10,10,4
"ENSG00000153237.13",11,10,15,7,20,2
"ENSG00000144283.17",2627,2518,2229,2907,2206,1804
"ENSG00000227331.1",40,22,34,35,43,38
"ENSG00000204380.2",70,57,55,66,29,69
"ENSG00000115183.9",159,139,1004,1196,379,256
"ENSG00000196151.6",369,271,255,263,232,145
"ENSG00000123636.13",999,925,967,1083,1039,1022
"ENSG00000223642.3",11,14,5,13,12,10
"ENSG00000224152.1",84,85,89,89,124,51
"ENSG00000226266.2",55,53,31,70,56,34
"ENSG00000136536.10",2040,1879,2265,2508,1884,1052
"ENSG00000241399.2",18,10,14,20,20,17
"ENSG00000153246.7",22,14,7,35,42,22
"ENSG00000115221.6",7,16,12,17,21,16
"ENSG00000153250.13",19,13,9,11,8,5
"ENSG00000136560.9",590,512,438,572,490,454
"ENSG00000225813.1",48,34,51,63,47,89
"ENSG00000115233.7",1806,1704,1753,2117,1896,767
"ENSG00000232320.5",23,21,21,13,16,12
"ENSG00000136535.10",13,11,6,25,19,7
"ENSG00000144290.12",31,21,8,31,42,17
"ENSG00000226121.1",36,31,30,40,25,17
"ENSG00000197635.5",13,15,14,23,25,5
"ENSG00000078098.9",12,10,16,27,19,7
"ENSG00000115267.5",16,25,74,92,28,15
"ENSG00000115271.6",11,5,18,14,1,3
"ENSG00000184611.7",17,7,9,34,27,5
"ENSG00000182263.9",10,12,7,39,25,5
"ENSG00000115290.5",8,14,8,20,21,8
"ENSG00000082438.11",532,463,10,40,38,11
"ENSG00000169507.5",10,4,4,12,11,4
"ENSG00000153253.11",58,41,17,59,49,16
"ENSG00000136531.9",57,58,24,70,51,23
"ENSG00000178662.11",11,10,4,20,10,6
"ENSG00000115339.9",10,7,10,24,20,4
"ENSG00000123607.10",1151,989,873,1035,797,626
"ENSG00000224490.1",26,42,18,17,20,12
"ENSG00000236107.3",18,13,0,1,4,0
"ENSG00000144285.11",26,25,20,59,31,19
"ENSG00000169432.10",469,397,23,31,36,10
"ENSG00000136546.9",21,27,11,31,32,13
"ENSG00000163092.15",72,50,28,108,103,44
"ENSG00000214211.2",11,13,10,31,26,8
"ENSG00000235335.2",544,520,729,875,771,356
"ENSG00000172318.4",245,175,313,307,368,285
"ENSG00000198648.6",21,16,55,63,39,23
"ENSG00000172292.10",632,582,696,935,682,506
"ENSG00000163072.10",1009,929,1445,1549,2165,1651
"ENSG00000152253.4",789,603,711,725,526,308
"ENSG00000073734.8",15,15,9,32,37,13
"ENSG00000073737.12",12,8,10,20,23,11
"ENSG00000081479.8",89,67,84,159,158,82
"ENSG00000163093.7",164,142,116,130,107,87
"ENSG00000239474.2",3,7,4,13,13,4
"ENSG00000138399.13",1277,1174,1696,1963,1830,1064
"ENSG00000138398.11",3352,2900,2752,3018,2434,2010
"ENSG00000154479.8",55,55,40,47,45,38
"ENSG00000144362.7",72,76,69,70,67,43
"ENSG00000213160.5",843,670,583,767,498,267
"ENSG00000138385.11",4398,3793,4263,4613,3792,2660
"ENSG00000138382.9",1085,996,1085,1314,1023,539
"ENSG00000144357.12",3116,2713,3894,4608,3949,2826
"ENSG00000227176.1",9,4,18,41,19,18
"ENSG00000071909.14",119,82,906,1103,2060,1403
"ENSG00000231898.4",1,8,6,14,20,13
"ENSG00000213981.4",3,7,16,28,41,41
"ENSG00000222033.1",27,27,34,32,44,23
"ENSG00000204335.3",29,37,49,53,52,50
"ENSG00000234350.1",50,42,78,89,86,71
"ENSG00000128692.7",20,17,39,45,57,12
"ENSG00000239467.1",106,89,162,198,238,143
"ENSG00000204334.7",18,15,46,43,50,53
"ENSG00000128683.9",285,246,1063,1206,1959,1658
"ENSG00000235934.1",3,3,4,14,24,19
"ENSG00000115806.8",1823,1701,1748,2271,1939,884
"ENSG00000198586.9",2927,2585,2910,3482,2788,2498
"ENSG00000238567.1",8,5,9,12,11,5
"ENSG00000123600.14",532,521,487,550,431,367
"ENSG00000115827.9",1012,995,817,972,791,518
"ENSG00000233762.2",70,51,51,51,62,15
"ENSG00000071967.7",1248,1039,875,1014,701,532
"ENSG00000077380.11",2425,2044,1965,2172,1893,934
"ENSG00000228389.1",8,3,16,11,21,19
"ENSG00000115840.9",403,457,317,435,402,215
"ENSG00000128708.8",1842,1735,1564,1676,1528,628
"ENSG00000172878.9",279,247,300,392,290,271
"ENSG00000144355.10",139,94,194,283,462,268
"ENSG00000115844.6",38,33,80,105,189,151
"ENSG00000091409.10",18,31,35,51,50,66
"ENSG00000225205.1",84,46,36,42,74,56
"ENSG00000152256.9",3910,3459,2271,2552,3057,2458
"ENSG00000199866.1",27,16,7,8,9,12
"ENSG00000230104.1",5,6,11,11,7,6
"ENSG00000228016.1",7,8,20,17,23,20
"ENSG00000091428.13",23,12,40,78,78,68
"ENSG00000091436.12",1212,1062,1257,1557,1493,961
"ENSG00000238133.2",48,20,54,46,91,89
"ENSG00000144354.9",2151,1841,1079,1389,923,575
"ENSG00000237016.1",5,1,6,5,14,19
"ENSG00000172845.9",2966,2674,2531,2776,2270,1828
"ENSG00000271151.1",9,11,16,16,15,15
"ENSG00000138430.11",3463,3204,3220,3825,2852,1415
"ENSG00000270799.1",61,29,26,45,39,23
"ENSG00000231453.1",18,23,47,28,69,58
"ENSG00000217236.1",12,7,3,15,12,4
"ENSG00000138433.11",780,609,612,698,616,472
"ENSG00000144306.9",393,330,330,355,296,213
"ENSG00000163328.9",128,125,67,45,132,109
"ENSG00000236449.1",67,72,44,50,76,91
"ENSG00000115935.12",224,177,167,185,275,304
"ENSG00000237798.1",11,7,6,4,12,11
"ENSG00000235655.2",460,349,340,391,429,170
"ENSG00000138435.10",22,18,13,23,33,21
"ENSG00000128656.9",13,9,26,20,46,16
"ENSG00000115966.12",1852,1736,1670,2124,1567,1240
"ENSG00000215973.1",48,53,29,42,36,8
"ENSG00000229750.1",64,61,29,40,34,34
"ENSG00000154518.5",5827,5698,5275,6973,5957,1580
"ENSG00000144320.9",1631,1551,1714,2220,1312,846
"ENSG00000174279.4",7,7,16,26,10,7
"ENSG00000128714.5",4,8,4,12,10,7
"ENSG00000128652.7",4,9,2,14,15,3
"ENSG00000218175.2",45,32,24,56,22,4
"ENSG00000128654.9",1107,1023,1020,1301,997,377
"ENSG00000230552.1",4,3,3,3,10,10
"ENSG00000170144.14",5557,4723,4477,5361,4467,3377
"ENSG00000116044.11",1389,1198,1272,1400,1255,862
"ENSG00000225808.1",35,34,20,62,35,33
"ENSG00000222043.2",78,59,46,54,25,27
"ENSG00000213963.2",197,145,192,202,225,187
"ENSG00000271825.1",9,2,15,14,18,13
"ENSG00000271996.1",20,13,16,25,21,25
"ENSG00000237178.2",1,9,12,17,12,11
"ENSG00000018510.8",2229,2042,2166,2676,1964,1048
"ENSG00000196659.9",125,73,110,161,107,68
"ENSG00000197557.6",85,107,119,179,194,87
"ENSG00000128655.12",159,143,255,375,499,337
"ENSG00000213962.2",3,10,5,6,20,21
"ENSG00000155636.10",145,156,155,149,145,116
"ENSG00000079156.12",211,150,246,359,608,392
"ENSG00000223960.2",147,134,146,189,177,142
"ENSG00000180228.8",899,914,690,920,746,375
"ENSG00000204311.7",22,7,23,21,26,10
"ENSG00000079150.13",55,40,87,104,77,51
"ENSG00000116095.6",744,665,596,769,594,390
"ENSG00000237298.4",234,175,253,276,324,230
"ENSG00000155657.19",2056,1831,2406,3240,3115,2210
"ENSG00000270956.1",14,17,20,17,19,3
"ENSG00000270277.1",24,14,17,13,15,13
"ENSG00000270574.1",2,12,4,7,7,12
"ENSG00000163492.9",20,26,10,48,35,17
"ENSG00000187231.9",85,59,22,45,38,22
"ENSG00000144331.14",14,15,8,20,27,8
"ENSG00000163510.9",1127,1006,991,1103,856,599
"ENSG00000225258.1",401,296,376,328,345,371
"ENSG00000226564.1",101,100,74,100,109,129
"ENSG00000236667.1",17,17,15,9,20,25
"ENSG00000170035.11",709,663,612,738,614,442
"ENSG00000236153.1",17,7,9,21,10,11
"ENSG00000115232.9",335,247,1077,1446,838,474
"ENSG00000188452.9",45,14,120,136,67,48
"ENSG00000260742.1",18,23,26,28,23,30
"ENSG00000138434.12",2188,1895,2043,2541,2153,1431
"ENSG00000150722.6",1,3,12,15,15,11
"ENSG00000115252.14",48,42,24,38,33,22
"ENSG00000077232.12",1059,951,829,1120,906,643
"ENSG00000162998.4",3,4,15,11,32,11
"ENSG00000061676.10",3630,3374,3638,4010,3376,2147
"ENSG00000202141.1",12,7,9,4,10,1
"ENSG00000231203.1",3,6,2,14,17,4
"ENSG00000162999.8",86,94,106,150,140,84
"ENSG00000163002.8",412,328,399,487,403,285
"ENSG00000177855.8",14,10,4,23,10,8
"ENSG00000170396.6",27,23,5,30,19,7
"ENSG00000188738.9",305,288,269,372,380,223
"ENSG00000231646.1",10,14,12,22,12,16
"ENSG00000237877.2",9,11,18,24,24,27
"ENSG00000226410.1",13,9,11,9,8,11
"ENSG00000232568.2",1,0,8,4,10,21
"ENSG00000259915.1",10,9,15,10,11,20
"ENSG00000227692.1",8,13,22,22,26,24
"ENSG00000065548.13",2405,2081,2166,2384,2025,1425
"ENSG00000224323.2",36,26,16,21,26,12
"ENSG00000138448.7",1224,1093,1070,1500,907,589
"ENSG00000144369.8",19,6,10,31,35,12
"ENSG00000163012.3",11,10,4,15,9,8
"ENSG00000226553.1",2,9,11,6,18,7
"ENSG00000224063.1",101,82,119,108,116,111
"ENSG00000222845.1",2,2,6,13,12,8
"ENSG00000064989.8",20,6,21,21,56,27
"ENSG00000003436.10",1675,1345,5523,7956,5633,3807
"ENSG00000231689.1",49,43,50,81,75,55
"ENSG00000213115.2",51,63,60,81,85,42
"ENSG00000144366.11",352,312,269,396,407,340
"ENSG00000168542.8",25,34,55,61,58,32
"ENSG00000204262.7",22,18,24,58,68,27
"ENSG00000115368.5",1066,969,1041,1214,913,588
"ENSG00000138449.6",1597,1423,1554,1966,1831,1032
"ENSG00000138381.5",271,240,310,364,262,139
"ENSG00000151687.10",20,19,47,63,49,29
"ENSG00000128694.7",72,75,78,110,76,46
"ENSG00000128699.9",221,242,176,247,217,126
"ENSG00000064933.12",350,303,298,406,299,168
"ENSG00000187699.6",916,808,910,1003,1243,737
"ENSG00000204253.3",43,29,37,60,33,15
"ENSG00000198130.10",552,533,1088,1220,934,745
"ENSG00000151689.8",68,62,242,307,468,286
"ENSG00000151690.10",218,238,332,471,521,295
"ENSG00000189362.7",172,152,101,165,169,88
"ENSG00000233654.1",19,18,18,33,53,24
"ENSG00000138386.12",904,847,807,953,825,642
"ENSG00000228509.1",6,7,17,18,21,31
"ENSG00000235852.1",88,54,50,81,40,22
"ENSG00000115419.8",687,571,900,974,759,407
"ENSG00000115415.14",999,879,554,742,730,339
"ENSG00000138378.13",23,14,9,35,19,13
"ENSG00000128641.13",24,12,7,42,20,14
"ENSG00000173559.8",752,649,548,621,773,734
"ENSG00000168497.4",1305,1139,1387,1719,1304,911
"ENSG00000233766.3",151,127,120,129,77,63
"ENSG00000213946.3",89,52,43,47,48,45
"ENSG00000144339.7",63,57,41,60,52,32
"ENSG00000196950.9",1304,1127,835,1130,792,346
"ENSG00000118997.9",53,55,51,136,115,40
"ENSG00000081320.6",497,431,467,549,593,406
"ENSG00000272211.1",29,25,29,24,38,40
"ENSG00000138411.6",29,23,14,47,68,29
"ENSG00000229056.2",6,2,46,50,84,66
"ENSG00000144395.13",263,272,261,288,232,236
"ENSG00000119041.6",1001,926,883,1100,945,393
"ENSG00000197121.10",28,17,69,78,79,59
"ENSG00000065413.12",15,25,159,172,236,216
"ENSG00000236977.1",2,0,11,12,18,22
"ENSG00000115524.11",6179,5593,5845,6847,5221,2753
"ENSG00000115520.4",254,233,145,205,200,101
"ENSG00000144381.12",7527,6477,5976,7226,6349,2599
"ENSG00000115541.6",582,530,521,572,428,172
"ENSG00000115540.10",91,107,89,128,113,46
"ENSG00000162944.6",10,13,10,25,23,18
"ENSG00000247626.3",183,157,277,336,328,178
"ENSG00000152430.13",5,6,14,26,17,8
"ENSG00000115896.11",1786,1510,1628,2032,2035,1552
"ENSG00000119042.12",1005,938,922,1095,1137,964
"ENSG00000225953.2",43,29,18,33,29,25
"ENSG00000178074.5",212,215,145,216,186,87
"ENSG00000162971.6",138,172,150,190,161,144
"ENSG00000162972.6",143,166,183,228,165,108
"ENSG00000196141.8",548,475,2296,2549,2286,1820
"ENSG00000155729.8",91,91,107,123,91,73
"ENSG00000163535.13",491,475,546,630,446,289
"ENSG00000138356.9",29,12,10,36,53,15
"ENSG00000082153.13",874,739,1038,1225,1280,620
"ENSG00000260006.1",11,16,14,12,33,24
"ENSG00000013441.11",917,920,795,962,792,591
"ENSG00000252759.1",26,25,13,27,25,9
"ENSG00000240344.4",255,237,260,309,225,117
"ENSG00000196290.10",347,315,309,314,260,126
"ENSG00000115942.4",687,584,610,681,550,364
"ENSG00000155744.5",761,641,652,821,598,443
"ENSG00000225695.1",42,32,24,28,28,31
"ENSG00000226658.1",17,10,11,10,19,9
"ENSG00000119013.4",394,379,433,364,381,98
"ENSG00000232719.1",15,9,19,12,18,40
"ENSG00000003402.15",1766,1515,2458,2989,3461,2845
"ENSG00000226312.3",76,59,118,97,126,148
"ENSG00000003400.10",644,634,682,753,500,363
"ENSG00000225796.2",7,7,12,9,1,15
"ENSG00000064012.17",230,179,233,289,308,185
"ENSG00000155749.8",18,16,7,22,12,13
"ENSG00000115993.7",602,570,308,414,351,294
"ENSG00000082146.8",597,545,281,381,369,154
"ENSG00000213090.2",21,26,24,15,19,39
"ENSG00000155754.10",20,20,17,49,37,9
"ENSG00000155755.14",281,215,207,245,219,114
"ENSG00000082126.13",20,19,17,36,20,10
"ENSG00000003393.10",671,622,781,975,917,695
"ENSG00000230799.1",12,19,18,23,10,6
"ENSG00000138395.10",19,8,11,24,43,11
"ENSG00000155760.1",152,139,73,115,166,74
"ENSG00000182329.6",16,15,13,40,42,15
"ENSG00000116030.12",997,821,775,1158,860,382
"ENSG00000055044.6",1512,1322,1451,1691,1551,960
"ENSG00000204217.8",492,410,647,912,568,404
"ENSG00000236047.1",4,8,12,6,12,12
"ENSG00000138439.10",316,328,329,376,305,222
"ENSG00000163596.12",54,31,42,59,53,27
"ENSG00000138442.5",1157,1012,1282,1581,1107,544
"ENSG00000138380.13",132,105,131,151,120,87
"ENSG00000144426.14",654,488,728,845,644,533
"ENSG00000119004.10",164,161,166,212,193,123
"ENSG00000138443.11",548,474,612,817,624,485
"ENSG00000173166.13",18,23,25,41,46,21
"ENSG00000163599.10",8,5,2,12,17,4
"ENSG00000116117.13",68,53,241,292,413,368
"ENSG00000118257.12",20,16,15,28,41,26
"ENSG00000114933.11",691,531,628,769,645,519
"ENSG00000227946.1",105,74,37,64,39,45
"ENSG00000023228.9",1917,1723,1927,2305,1996,1052
"ENSG00000114942.9",4742,4637,3863,4955,3962,1021
"ENSG00000183671.8",10,5,12,16,15,6
"ENSG00000224070.1",0,0,6,12,8,12
"ENSG00000204186.3",27,36,469,508,462,318
"ENSG00000114948.8",14,7,13,34,15,5
"ENSG00000232125.2",14,6,16,22,20,7
"ENSG00000138400.8",4,10,8,12,4,9
"ENSG00000118246.9",285,299,355,362,314,137
"ENSG00000118263.10",56,67,55,72,31,32
"ENSG00000118260.10",812,677,701,864,727,583
"ENSG00000144401.10",404,298,309,355,316,198
"ENSG00000163249.5",122,171,108,151,165,121
"ENSG00000163251.3",1409,1313,979,1397,1101,826
"ENSG00000244567.1",4,6,7,21,6,11
"ENSG00000178385.9",156,126,132,186,89,89
"ENSG00000118231.4",2,5,1,16,17,3
"ENSG00000138413.9",1723,1561,2099,2596,1912,946
"ENSG00000115020.12",2550,2451,1877,2300,1869,1464
"ENSG00000228380.1",13,13,2,5,10,4
"ENSG00000144407.5",124,104,12,26,42,56
"ENSG00000078018.15",21,20,14,35,40,9
"ENSG00000144406.14",81,52,54,133,124,73
"ENSG00000197713.10",680,610,599,696,606,356
"ENSG00000144445.11",167,173,185,219,194,186
"ENSG00000272807.1",12,6,12,22,10,13
"ENSG00000229127.1",29,25,75,36,57,78
"ENSG00000115361.3",4,6,9,21,15,4
"ENSG00000234281.1",9,10,14,7,12,12
"ENSG00000115365.7",798,738,788,1029,707,291
"ENSG00000021826.10",253,177,439,517,589,269
"ENSG00000178568.9",17,7,8,46,39,11
"ENSG00000030419.12",13,7,8,26,19,6
"ENSG00000144451.14",41,21,105,109,69,52
"ENSG00000174453.5",1,3,5,11,7,11
"ENSG00000138376.6",475,385,409,510,350,248
"ENSG00000144452.10",34,39,28,89,67,23
"ENSG00000138363.10",2044,1750,2032,2625,1796,643
"ENSG00000115414.14",2556,2274,324,611,291,232
"ENSG00000118242.11",69,52,53,65,60,29
"ENSG00000115425.9",147,126,154,195,171,117
"ENSG00000163449.6",7,8,3,15,12,7
"ENSG00000079246.11",4192,3686,4322,5306,4384,1755
"ENSG00000232970.1",10,10,6,13,11,17
"ENSG00000236478.2",12,15,3,4,6,11
"ENSG00000260804.2",6,18,25,34,27,20
"ENSG00000144583.4",6,6,5,18,52,15
"ENSG00000138375.8",733,678,852,1021,820,518
"ENSG00000197756.5",11826,12155,10024,13974,11404,2400
"ENSG00000115457.5",7,7,18,12,49,19
"ENSG00000115461.4",5,1,8,11,21,8
"ENSG00000079308.12",240,186,179,278,801,636
"ENSG00000188282.8",14,12,14,21,26,11
"ENSG00000180871.3",11,3,10,10,9,4
"ENSG00000163466.11",1363,1244,1196,1661,1448,887
"ENSG00000179921.10",14,11,7,13,26,13
"ENSG00000127837.5",1426,1125,1289,1484,1227,545
"ENSG00000127838.9",793,749,674,909,763,518
"ENSG00000135926.8",2240,2060,1916,2746,2463,1009
"ENSG00000158428.3",23,22,28,37,36,30
"ENSG00000018280.12",141,132,192,256,231,170
"ENSG00000144579.3",1140,960,1096,1543,1443,1093
"ENSG00000127831.6",96,96,40,41,58,41
"ENSG00000135913.6",676,626,601,790,589,536
"ENSG00000144580.9",915,781,716,875,784,418
"ENSG00000115556.9",34,38,37,61,50,30
"ENSG00000115568.11",392,353,381,521,456,366
"ENSG00000074582.8",411,347,367,470,395,170
"ENSG00000163481.3",143,133,112,151,135,80
"ENSG00000163482.7",330,292,266,272,262,233
"ENSG00000135912.6",1146,1011,957,1322,1095,547
"ENSG00000115592.7",16,6,10,11,17,5
"ENSG00000135925.4",10,10,9,13,16,10
"ENSG00000171450.4",4,7,9,6,16,17
"ENSG00000163497.2",12,10,56,92,93,61
"ENSG00000163499.7",2,3,15,10,26,12
"ENSG00000181378.9",55,30,28,87,73,24
"ENSG00000187736.8",7,12,11,23,6,3
"ENSG00000213901.6",22,21,19,30,45,21
"ENSG00000115649.11",796,751,809,1107,865,460
"ENSG00000144567.6",1030,991,757,929,796,422
"ENSG00000158552.8",398,359,343,450,367,238
"ENSG00000115657.8",335,280,138,179,155,117
"ENSG00000198925.6",2047,1877,1666,2256,1930,1143
"ENSG00000163516.9",1711,1436,1278,1554,1127,965
"ENSG00000163521.11",59,52,50,72,65,54
"ENSG00000115661.9",331,273,233,342,318,124
"ENSG00000127824.9",907,742,522,829,767,256
"ENSG00000135924.11",464,366,291,361,292,160
"ENSG00000054356.9",86,62,59,121,334,153
"ENSG00000182698.7",6,5,8,15,10,3
"ENSG00000123992.14",848,715,781,1045,888,422
"ENSG00000175084.7",647,543,1492,1888,754,349
"ENSG00000072195.10",791,697,663,870,639,644
"ENSG00000227432.1",23,25,5,7,4,5
"ENSG00000268603.1",21,8,11,15,16,6
"ENSG00000144591.13",1530,1312,955,1222,908,604
"ENSG00000072182.8",1524,1272,375,462,369,294
"ENSG00000123989.9",867,825,704,1012,1110,603
"ENSG00000188760.6",48,57,38,89,97,64
"ENSG00000124006.10",1471,1226,1246,1707,1548,1115
"ENSG00000123999.4",40,34,113,148,64,44
"ENSG00000144589.16",344,295,268,348,310,216
"ENSG00000114923.12",35,29,29,58,58,42
"ENSG00000116106.7",18,18,15,48,16,13
"ENSG00000226666.1",4,0,14,12,14,5
"ENSG00000135903.14",9,14,10,25,18,12
"ENSG00000163082.9",13,9,6,17,15,11
"ENSG00000261428.1",31,13,15,30,41,26
"ENSG00000116120.8",975,946,1011,1320,1070,471
"ENSG00000123983.9",2125,2106,1431,2096,1647,688
"ENSG00000224121.1",20,12,14,18,10,12
"ENSG00000234193.1",22,19,17,12,11,6
"ENSG00000171951.4",11,20,25,18,38,35
"ENSG00000226539.1",8,5,8,19,19,12
"ENSG00000152056.12",23,19,40,56,32,13
"ENSG00000085449.10",1069,1030,1025,1283,853,411
"ENSG00000135900.3",362,366,417,389,299,140
"ENSG00000135919.8",15,6,32,45,64,26
"ENSG00000124019.9",174,151,191,226,93,51
"ENSG00000036257.8",946,956,1151,1293,1063,714
"ENSG00000228446.2",31,21,28,18,19,22
"ENSG00000135905.14",44,32,26,82,89,46
"ENSG00000144460.10",12,4,4,28,19,2
"ENSG00000169047.5",58,39,24,46,36,28
"ENSG00000144468.12",536,574,713,909,717,436
"ENSG00000081052.10",36,41,42,74,56,36
"ENSG00000169031.14",35,31,27,50,47,34
"ENSG00000168958.15",609,538,442,605,467,270
"ENSG00000173744.13",1694,1517,1066,1218,1192,911
"ENSG00000135917.9",7,7,8,15,14,6
"ENSG00000123977.5",16,9,6,18,17,9
"ENSG00000153820.8",28,24,18,64,46,14
"ENSG00000153823.14",3,6,0,10,13,2
"ENSG00000187957.7",10,18,7,27,29,11
"ENSG00000153827.9",4408,3857,3927,4832,4182,2722
"ENSG00000153832.7",24,30,21,25,20,15
"ENSG00000163053.6",7,12,7,18,15,8
"ENSG00000135899.12",31,43,112,153,145,100
"ENSG00000079263.14",23,13,5,34,39,8
"ENSG00000185404.12",476,408,433,444,453,370
"ENSG00000067066.12",482,415,554,665,687,465
"ENSG00000135932.6",2753,2490,1750,2281,1695,1379
"ENSG00000237758.1",55,33,27,27,38,36
"ENSG00000135916.11",946,850,594,864,712,305
"ENSG00000135898.5",39,25,6,21,25,11
"ENSG00000173692.8",2188,2015,1868,2508,2102,947
"ENSG00000135914.5",26,26,16,29,26,28
"ENSG00000135931.13",31,27,30,69,76,39
"ENSG00000237039.1",14,23,10,25,14,5
"ENSG00000156966.6",4,5,4,10,18,3
"ENSG00000233538.1",21,16,20,15,11,16
"ENSG00000115053.11",10341,8753,9721,10890,9415,7427
"ENSG00000207280.1",15,10,7,10,3,2
"ENSG00000181798.2",32,32,66,50,38,29
"ENSG00000171596.6",28,19,7,31,23,6
"ENSG00000187514.10",8805,7839,9860,11340,9457,7716
"ENSG00000156973.9",43,45,72,94,71,33
"ENSG00000144524.13",571,542,554,595,497,357
"ENSG00000237641.1",15,11,8,5,2,3
"ENSG00000261096.1",5,11,8,4,4,12
"ENSG00000144535.15",618,483,523,661,525,384
"ENSG00000163283.6",18,11,8,20,24,8
"ENSG00000163286.3",11,7,10,18,20,5
"ENSG00000163295.4",9,9,16,31,22,9
"ENSG00000171551.7",17,12,8,27,36,11
"ENSG00000237412.2",5,5,6,39,20,17
"ENSG00000135902.5",14,10,5,21,11,5
"ENSG00000196811.7",49,61,39,74,77,64
"ENSG00000221944.3",127,102,156,160,153,149
"ENSG00000135930.9",450,454,351,481,450,266
"ENSG00000115468.7",83,82,25,31,26,22
"ENSG00000204120.10",2303,2072,2259,2805,2484,1865
"ENSG00000213055.3",12,9,6,11,12,5
"ENSG00000241409.1",8,13,10,5,6,12
"ENSG00000115474.6",42,25,54,39,48,47
"ENSG00000182600.5",21,19,31,39,58,68
"ENSG00000066248.10",17,23,39,52,121,97
"ENSG00000115488.3",8,6,4,17,12,2
"ENSG00000168918.9",344,246,969,1192,1278,812
"ENSG00000085978.17",564,415,433,580,465,367
"ENSG00000252010.1",127,207,165,88,166,138
"ENSG00000251791.1",100,197,261,90,162,181
"ENSG00000130561.12",16,22,6,18,25,4
"ENSG00000077044.5",1367,1300,1233,1573,1405,1196
"ENSG00000085982.9",644,540,460,662,476,422
"ENSG00000271639.1",21,13,13,21,4,10
"ENSG00000228949.1",15,7,13,18,15,4
"ENSG00000241635.3",5,4,11,22,15,12
"ENSG00000242515.1",8,8,8,21,18,7
"ENSG00000244122.2",12,14,15,40,33,13
"ENSG00000244474.1",9,10,5,23,22,9
"ENSG00000228445.1",3,4,1,11,12,5
"ENSG00000185038.10",49,32,28,72,72,39
"ENSG00000123485.7",1989,1753,1359,1680,1215,900
"ENSG00000224287.2",187,190,286,370,260,214
"ENSG00000144481.12",17,18,16,27,30,17
"ENSG00000072080.6",2,3,3,18,10,1
"ENSG00000235726.1",3,0,5,2,14,18
"ENSG00000130147.11",17,8,8,24,19,10
"ENSG00000157985.13",2527,2100,2726,3240,2931,2380
"ENSG00000235529.1",172,97,104,99,114,96
"ENSG00000222007.2",31,24,19,30,35,25
"ENSG00000168505.6",60,55,18,34,45,40
"ENSG00000182177.9",24,17,13,26,38,28
"ENSG00000132321.12",14,8,6,17,41,18
"ENSG00000198612.6",552,515,381,563,439,194
"ENSG00000163359.11",87,38,136,334,580,313
"ENSG00000222022.1",0,0,2,1,11,10
"ENSG00000115648.9",19,7,12,41,42,8
"ENSG00000124831.14",1308,1084,1526,1816,1532,1227
"ENSG00000177483.7",9,12,13,13,27,12
"ENSG00000132329.6",9,8,7,8,31,15
"ENSG00000184182.14",264,219,178,229,303,141
"ENSG00000132330.12",194,173,152,176,182,165
"ENSG00000144488.10",32,22,31,62,63,35
"ENSG00000168427.7",16,19,15,36,39,16
"ENSG00000178752.11",111,106,69,109,77,70
"ENSG00000132323.4",374,326,406,499,363,241
"ENSG00000186235.6",74,47,97,99,61,65
"ENSG00000144485.6",990,851,1010,1244,797,535
"ENSG00000132326.7",315,257,176,226,189,153
"ENSG00000204104.7",178,150,130,187,144,120
"ENSG00000065802.7",1379,1203,800,1035,809,548
"ENSG00000229915.1",79,63,20,26,25,16
"ENSG00000068024.12",1145,958,779,876,737,723
"ENSG00000222020.2",15,13,18,14,21,15
"ENSG00000130414.7",1936,1880,1441,1821,1624,959
"ENSG00000221961.2",11,5,2,8,11,2
"ENSG00000172428.6",197,221,145,230,178,41
"ENSG00000063660.4",44,59,77,102,104,84
"ENSG00000144504.11",539,475,524,602,605,609
"ENSG00000188542.5",122,96,99,104,104,47
"ENSG00000142327.7",1105,934,948,1119,970,830
"ENSG00000260942.1",169,137,122,166,139,91
"ENSG00000142330.15",536,438,409,519,445,429
"ENSG00000178623.7",21,16,10,38,28,23
"ENSG00000130294.10",449,418,472,595,1823,1469
"ENSG00000172482.4",11,7,8,18,9,1
"ENSG00000172478.13",12,14,7,24,14,12
"ENSG00000226321.3",32,15,14,31,29,14
"ENSG00000162804.9",88,90,44,70,93,56
"ENSG00000122085.12",366,262,281,324,289,185
"ENSG00000115687.9",751,701,577,662,552,447
"ENSG00000115685.10",374,349,342,432,414,234
"ENSG00000146205.9",179,149,146,195,165,140
"ENSG00000115677.12",10488,9190,8153,9893,8902,5437
"ENSG00000168385.13",3346,3007,3027,3554,3092,1660
"ENSG00000223374.1",24,20,13,21,12,16
"ENSG00000006607.9",781,637,614,824,616,404
"ENSG00000115694.10",2182,2074,1700,2061,1717,1181
"ENSG00000176720.3",214,165,78,123,129,101
"ENSG00000176946.7",1024,892,802,976,748,523
"ENSG00000168397.12",1334,1096,900,1145,1005,813
"ENSG00000168393.8",937,921,643,855,701,369
"ENSG00000228989.1",56,55,58,62,92,46
"ENSG00000168395.10",938,864,529,590,613,466
"ENSG00000235351.1",29,26,16,9,14,9
"ENSG00000180902.12",1658,1469,677,826,668,632
"ENSG00000154252.11",65,76,8,20,55,60
"ENSG00000215023.2",18,9,5,2,3,10
"ENSG00000204099.7",24,23,6,16,27,15
"ENSG00000235151.1",118,120,31,39,37,73
"ENSG00000188389.6",114,102,33,47,73,60
"ENSG00000188011.5",7,11,6,28,22,6
"ENSG00000233806.3",50,52,32,54,52,34
"ENSG00000216921.3",10,11,12,5,11,17
"ENSG00000237940.3",66,59,40,46,60,87
"ENSG00000261186.1",7,10,4,16,8,10
"ENSG00000220804.4",163,107,143,184,281,225
"ENSG00000271153.1",5,4,15,4,30,25
"ENSG00000134121.5",24,18,9,26,19,14
"ENSG00000134115.8",14,13,17,17,26,14
"ENSG00000144619.10",14,10,11,24,17,10
"ENSG00000091181.15",11,4,7,19,17,1
"ENSG00000072756.12",496,394,430,503,473,402
"ENSG00000113851.9",940,842,833,950,903,519
"ENSG00000271870.1",24,30,22,24,28,21
"ENSG00000144455.9",305,270,203,207,282,172
"ENSG00000175928.5",8,11,11,14,11,28
"ENSG00000229241.1",16,14,2,4,12,27
"ENSG00000170364.8",225,180,196,256,268,167
"ENSG00000231249.1",38,26,32,40,23,12
"ENSG00000150995.13",2419,2129,3015,3769,3777,2877
"ENSG00000235947.1",43,24,38,32,38,43
"ENSG00000235978.2",39,22,26,28,25,37
"ENSG00000235831.2",21,16,15,19,13,9
"ENSG00000134107.4",10068,8832,11603,14654,9370,6292
"ENSG00000134108.8",2194,1909,1586,2133,1414,612
"ENSG00000233912.1",51,42,21,36,39,23
"ENSG00000134109.6",1182,956,1121,1264,1205,764
"ENSG00000189229.10",526,436,616,720,728,510
"ENSG00000226258.2",104,117,174,172,194,164
"ENSG00000223719.1",47,34,27,29,63,87
"ENSG00000196277.11",27,10,15,39,36,16
"ENSG00000227110.2",5,3,3,3,14,12
"ENSG00000071282.7",16,12,8,13,41,31
"ENSG00000125046.10",9,23,6,28,48,37
"ENSG00000182533.6",3,6,5,7,13,19
"ENSG00000180914.6",13,12,52,55,54,75
"ENSG00000070950.5",1162,1041,899,1148,882,700
"ENSG00000196220.11",29,41,21,42,60,26
"ENSG00000206573.4",765,631,731,774,695,691
"ENSG00000134077.11",1049,1019,1140,1406,1266,559
"ENSG00000168137.11",8228,6971,7364,8798,7520,7175
"ENSG00000163719.14",1202,977,1248,1585,1357,1109
"ENSG00000144550.8",12,8,7,26,23,14
"ENSG00000156983.11",1416,1219,1086,1338,1170,1007
"ENSG00000114026.17",473,437,395,513,465,348
"ENSG00000134072.6",62,83,111,150,130,73
"ENSG00000171148.9",2668,2362,2595,3300,3289,1855
"ENSG00000241553.8",500,486,408,477,615,335
"ENSG00000250151.5",53,32,69,49,42,41
"ENSG00000214021.11",1798,1492,1436,1531,1574,1942
"ENSG00000156990.10",1239,1102,1034,1301,946,512
"ENSG00000171135.10",543,615,353,515,481,177
"ENSG00000163701.14",50,42,23,56,48,36
"ENSG00000163702.14",771,706,626,746,505,466
"ENSG00000163703.13",1674,1441,1036,1345,862,746
"ENSG00000269894.1",34,36,28,36,23,26
"ENSG00000163704.7",189,189,181,208,198,161
"ENSG00000230082.1",25,12,12,19,16,14
"ENSG00000269982.1",116,82,58,77,74,76
"ENSG00000125037.8",1095,948,551,723,726,335
"ENSG00000180385.4",978,831,763,781,751,828
"ENSG00000232901.1",43,30,41,21,28,32
"ENSG00000206567.5",175,155,114,125,158,135
"ENSG00000186162.6",125,108,99,117,121,136
"ENSG00000144554.6",4985,4351,3307,3811,3137,2253
"ENSG00000163705.8",20,30,20,21,27,20
"ENSG00000254999.2",2467,2278,1824,2448,1935,718
"ENSG00000134086.7",2202,1904,2557,2925,2598,2296
"ENSG00000134070.4",266,238,235,298,229,108
"ENSG00000157014.6",751,678,646,776,677,473
"ENSG00000231177.4",48,35,41,50,54,45
"ENSG00000157017.11",54,56,44,55,57,52
"ENSG00000240288.3",22,25,28,34,36,42
"ENSG00000157020.13",4539,4243,3932,4785,3773,1851
"ENSG00000157087.12",23,31,21,42,42,21
"ENSG00000132164.5",13,15,5,26,37,9
"ENSG00000157103.6",10,13,9,31,15,8
"ENSG00000196639.6",10,2,32,50,72,36
"ENSG00000197548.8",866,775,1478,1728,1198,972
"ENSG00000235240.1",6,4,21,21,25,6
"ENSG00000144560.9",547,530,422,506,401,338
"ENSG00000272483.1",8,8,8,11,6,12
"ENSG00000144559.6",482,359,390,467,340,278
"ENSG00000157152.12",34,27,14,40,47,31
"ENSG00000132170.15",12,8,6,7,25,14
"ENSG00000154743.13",430,357,492,554,417,386
"ENSG00000225526.4",49,50,54,63,47,44
"ENSG00000075975.11",1518,1285,1219,1484,1142,646
"ENSG00000132155.7",3460,3059,3012,3583,3090,2188
"ENSG00000088726.11",11,14,7,12,27,9
"ENSG00000144712.7",559,495,365,483,395,293
"ENSG00000272263.1",13,17,6,21,13,2
"ENSG00000144713.8",21478,21039,15125,20127,15320,3452
"ENSG00000232746.1",5,5,23,21,31,30
"ENSG00000144711.9",2702,2281,1650,2032,2197,2230
"ENSG00000132182.7",16927,15004,10858,16260,10158,5749
"ENSG00000163517.10",264,236,122,116,117,85
"ENSG00000163520.9",54,37,32,76,127,47
"ENSG00000154764.5",5,11,5,20,58,40
"ENSG00000233121.1",0,1,5,7,15,12
"ENSG00000250439.3",7,9,45,59,96,123
"ENSG00000180438.10",2,1,10,31,37,34
"ENSG00000163528.8",306,273,348,377,431,251
"ENSG00000170876.7",902,825,705,1166,1320,792
"ENSG00000268279.2",12,8,10,10,12,17
"ENSG00000228242.3",10,5,8,14,4,7
"ENSG00000154767.10",1341,1143,1127,1494,1416,957
"ENSG00000170860.3",1224,1091,950,1376,1164,217
"ENSG00000131389.12",4142,3701,3268,4214,4640,4062
"ENSG00000144596.7",22,35,27,55,41,32
"ENSG00000154781.11",501,441,450,547,567,400
"ENSG00000131379.5",26,24,26,48,77,57
"ENSG00000154783.6",35,33,21,53,37,28
"ENSG00000225733.1",1635,1528,1471,1810,1794,1259
"ENSG00000177463.11",1097,990,1015,1232,1013,973
"ENSG00000131368.3",2521,2115,2099,2268,2265,1838
"ENSG00000131381.8",1407,1341,1299,1465,1406,1140
"ENSG00000230524.4",18,23,72,61,109,121
"ENSG00000131375.5",1422,1340,1119,1381,1102,805
"ENSG00000224660.1",152,149,131,140,158,186
"ENSG00000131370.11",521,474,594,668,482,371
"ENSG00000206562.7",186,148,225,287,218,147
"ENSG00000144597.9",700,533,618,738,583,426
"ENSG00000249786.3",12,9,3,10,8,6
"ENSG00000206561.8",25,10,14,17,22,18
"ENSG00000131373.10",652,575,523,647,449,169
"ENSG00000169814.8",176,158,112,180,144,56
"ENSG00000206560.6",1498,1507,1450,1574,1144,858
"ENSG00000270409.1",31,16,15,12,13,12
"ENSG00000263740.1",521,721,688,658,972,233
"ENSG00000224728.1",26,41,28,33,23,40
"ENSG00000131386.13",17,13,12,18,19,11
"ENSG00000154813.5",323,339,310,387,366,133
"ENSG00000154814.9",624,521,635,794,703,473
"ENSG00000270739.1",33,31,30,34,26,44
"ENSG00000131378.9",123,90,104,174,174,170
"ENSG00000271964.1",9,15,23,14,25,9
"ENSG00000272498.1",21,16,19,29,31,17
"ENSG00000272529.1",6,15,15,8,23,34
"ENSG00000092345.9",13,5,4,13,10,6
"ENSG00000154822.11",22,23,18,22,76,42
"ENSG00000131374.10",2872,2676,2107,2639,1897,1189
"ENSG00000233133.1",21,12,8,20,6,9
"ENSG00000213383.2",34,21,30,27,28,40
"ENSG00000214286.2",23,31,43,33,35,32
"ENSG00000226238.1",9,12,19,18,23,22
"ENSG00000182568.12",74,71,45,88,72,50
"ENSG00000183960.4",11,6,10,23,15,10
"ENSG00000163576.13",32,55,39,51,51,29
"ENSG00000144566.6",1100,948,1050,1299,1126,859
"ENSG00000183977.9",32,30,38,40,41,33
"ENSG00000114166.7",1072,1012,833,965,823,810
"ENSG00000129810.10",531,433,455,571,474,289
"ENSG00000236380.4",6,6,21,28,12,17
"ENSG00000151789.5",46,47,61,66,46,38
"ENSG00000225542.1",93,102,162,181,119,65
"ENSG00000132967.9",80,61,76,70,68,29
"ENSG00000182247.5",31,11,32,41,59,25
"ENSG00000223791.1",15,13,8,15,20,7
"ENSG00000170142.7",1015,946,951,1239,1018,494
"ENSG00000231395.1",29,28,20,15,27,17
"ENSG00000197885.6",181,163,91,168,85,86
"ENSG00000174748.14",18357,17847,12436,16121,12232,3985
"ENSG00000174738.8",292,246,267,357,239,119
"ENSG00000151090.13",1178,1007,11,23,17,12
"ENSG00000224822.1",73,69,1,0,0,1
"ENSG00000228791.3",63,83,2,0,1,1
"ENSG00000077092.14",42,15,25,39,41,29
"ENSG00000077097.9",4373,4037,5731,6572,5516,3642
"ENSG00000264219.1",12,16,17,9,7,10
"ENSG00000151092.12",2031,1748,1655,2031,1520,967
"ENSG00000213872.3",52,54,41,69,36,30
"ENSG00000213871.3",63,25,11,29,37,19
"ENSG00000151093.3",252,240,301,379,322,120
"ENSG00000163491.12",24,25,15,38,30,11
"ENSG00000033867.12",418,371,222,361,231,133
"ENSG00000163508.8",11,9,4,26,15,10
"ENSG00000225548.1",117,83,133,153,156,66
"ENSG00000229243.1",46,52,57,68,71,81
"ENSG00000235493.1",0,2,22,7,28,39
"ENSG00000187118.8",461,445,328,483,336,194
"ENSG00000163512.9",554,532,504,575,559,366
"ENSG00000206559.3",25,17,17,24,31,18
"ENSG00000144642.16",16,7,7,14,18,6
"ENSG00000163513.13",4,13,15,14,13,6
"ENSG00000144644.10",11,4,6,22,13,8
"ENSG00000163527.5",3499,3345,3150,4057,3180,1809
"ENSG00000144645.9",26,21,12,42,56,30
"ENSG00000197385.5",13,7,5,18,23,18
"ENSG00000152642.6",407,398,427,551,716,314
"ENSG00000236732.1",8,2,9,10,8,15
"ENSG00000153551.9",38,30,10,6,8,3
"ENSG00000091317.7",259,308,342,387,392,157
"ENSG00000144635.4",1276,1150,902,1051,846,500
"ENSG00000182973.14",1679,1403,1498,1808,1782,940
"ENSG00000213842.2",51,45,36,58,62,77
"ENSG00000206557.5",13,16,12,29,24,13
"ENSG00000183813.6",6,4,18,24,24,15
"ENSG00000170266.11",2468,2298,1468,2091,1502,581
"ENSG00000223899.1",19,35,17,20,19,8
"ENSG00000188167.4",824,733,467,602,479,299
"ENSG00000170275.10",3686,3161,1568,2329,1317,653
"ENSG00000173705.4",15,15,4,19,16,17
"ENSG00000153558.9",158,154,138,199,203,205
"ENSG00000153560.7",2054,1763,2060,2494,2036,1554
"ENSG00000163539.11",3193,2771,3010,4008,2801,1931
"ENSG00000271643.1",13,8,19,15,13,8
"ENSG00000170248.9",5198,4580,4243,4826,3857,1851
"ENSG00000226320.1",10,3,14,19,123,86
"ENSG00000236452.1",10,5,12,12,57,66
"ENSG00000227498.2",0,1,5,2,10,22
"ENSG00000172995.12",16,21,11,44,43,15
"ENSG00000144681.6",4,8,5,17,14,8
"ENSG00000163673.6",19,8,13,21,22,9
"ENSG00000168016.9",4645,4399,8130,10210,8037,4534
"ENSG00000234073.1",7,6,8,25,14,34
"ENSG00000272334.1",9,9,12,11,6,6
"ENSG00000236165.1",29,13,41,26,36,49
"ENSG00000271835.1",18,16,10,49,21,6
"ENSG00000178567.5",2297,2037,2247,2474,2749,2690
"ENSG00000076242.10",2014,1930,1492,1933,1661,1096
"ENSG00000224858.4",104,65,37,62,39,22
"ENSG00000093167.13",1810,1547,1571,1737,1409,1337
"ENSG00000206645.1",19,6,5,6,9,14
"ENSG00000225558.1",19,11,13,14,12,6
"ENSG00000224080.1",34,28,19,20,17,21
"ENSG00000271993.1",12,6,10,9,14,5
"ENSG00000176354.2",23,11,18,13,11,12
"ENSG00000144674.12",5388,4524,5203,5185,4696,5319
"ENSG00000230409.2",107,73,93,99,115,124
"ENSG00000222208.1",19,12,11,12,27,14
"ENSG00000198590.7",92,86,128,173,141,160
"ENSG00000144668.7",50,34,82,102,102,90
"ENSG00000235257.4",56,51,37,41,49,55
"ENSG00000144677.10",1255,1187,1086,1408,1243,790
"ENSG00000136059.10",727,606,573,635,563,613
"ENSG00000187091.9",4247,3680,2381,3133,872,600
"ENSG00000008226.15",90,64,64,115,117,79
"ENSG00000060971.13",962,843,704,807,717,453
"ENSG00000172936.8",745,675,636,935,570,346
"ENSG00000172939.4",2780,2607,2669,3338,2469,1542
"ENSG00000172940.7",17,15,19,15,36,23
"ENSG00000144671.6",13,19,9,15,20,13
"ENSG00000093217.5",863,671,703,862,694,700
"ENSG00000229589.1",101,57,81,80,85,68
"ENSG00000114739.9",3494,3230,3041,3979,3296,2025
"ENSG00000157036.8",154,153,189,216,191,145
"ENSG00000232439.1",17,16,24,21,20,18
"ENSG00000183873.11",43,29,38,71,69,37
"ENSG00000185313.6",29,34,22,60,66,23
"ENSG00000168356.7",15,17,9,36,37,12
"ENSG00000114742.9",1438,1169,1338,1610,1342,751
"ENSG00000114745.9",1237,1116,1137,1543,1349,856
"ENSG00000168026.12",88,62,99,159,104,120
"ENSG00000144655.10",787,635,616,774,872,511
"ENSG00000168334.8",56,41,24,90,54,22
"ENSG00000168329.9",13,12,1,15,9,2
"ENSG00000144659.6",866,801,1040,1437,746,253
"ENSG00000168028.9",21947,22584,17004,23362,17828,4842
"ENSG00000168314.13",15,14,16,16,17,23
"ENSG00000170011.9",52,36,44,81,64,53
"ENSG00000114784.3",575,516,602,838,643,310
"ENSG00000223797.1",91,90,80,118,92,65
"ENSG00000168032.4",72,66,58,55,53,51
"ENSG00000188846.9",26489,24041,19320,24394,17462,9418
"ENSG00000272452.1",39,44,62,74,50,32
"ENSG00000177873.8",310,269,398,416,332,222
"ENSG00000177842.7",92,71,119,147,107,96
"ENSG00000172888.7",926,783,862,1098,1039,1140
"ENSG00000234287.1",10,16,7,14,10,0
"ENSG00000168036.12",4070,3763,4785,5704,5065,2242
"ENSG00000168038.6",62,70,78,153,78,61
"ENSG00000182606.10",2741,2429,2832,3285,2664,2424
"ENSG00000229339.1",27,20,23,13,11,16
"ENSG00000234562.1",19,16,24,9,6,2
"ENSG00000114812.8",15,9,4,29,33,17
"ENSG00000093183.9",1247,1118,955,1247,950,592
"ENSG00000008324.6",279,309,266,315,266,64
"ENSG00000114857.13",7130,6415,5689,6000,5155,5913
"ENSG00000230084.1",67,83,62,92,76,85
"ENSG00000114853.9",100,99,213,279,315,271
"ENSG00000244607.1",16,15,9,27,19,8
"ENSG00000181061.9",998,922,1179,1384,1333,351
"ENSG00000144648.10",32,35,160,231,144,124
"ENSG00000273328.1",3,0,22,27,12,14
"ENSG00000240747.3",1,2,29,39,24,12
"ENSG00000180432.4",15,10,30,50,25,38
"ENSG00000182983.10",13,9,162,141,115,92
"ENSG00000144649.4",3,11,44,62,33,34
"ENSG00000144647.5",392,380,430,645,443,271
"ENSG00000227245.1",14,8,10,5,1,3
"ENSG00000163788.9",465,371,424,503,494,353
"ENSG00000160746.8",2194,1904,1406,1850,1548,847
"ENSG00000223916.1",86,60,49,48,45,99
"ENSG00000011198.3",1499,1244,1052,1193,1407,962
"ENSG00000173769.4",20,11,15,38,27,13
"ENSG00000179152.14",467,439,447,554,558,315
"ENSG00000225873.1",143,119,93,110,179,127
"ENSG00000185219.11",3353,2988,2949,3273,2794,2540
"ENSG00000178917.10",463,397,372,509,437,457
"ENSG00000196345.8",18,16,8,40,21,12
"ENSG00000144792.5",18,11,49,67,81,78
"ENSG00000214820.3",5,1,9,5,15,14
"ENSG00000186448.10",408,389,669,849,663,576
"ENSG00000233509.2",1,4,8,16,6,18
"ENSG00000169981.6",137,116,203,232,222,181
"ENSG00000272077.1",8,12,20,21,31,32
"ENSG00000196653.7",9,12,23,21,28,17
"ENSG00000186446.7",76,60,105,133,107,85
"ENSG00000163807.4",1204,1109,1060,1214,948,626
"ENSG00000163808.12",1858,1481,1220,1408,1159,955
"ENSG00000169964.5",59,47,42,42,45,39
"ENSG00000163810.7",14,16,8,33,45,9
"ENSG00000163812.9",1105,1046,921,1209,1055,665
"ENSG00000075914.8",1106,1037,899,1144,976,387
"ENSG00000163814.3",1167,1023,2975,3583,5772,5690
"ENSG00000224094.1",12,33,29,28,55,51
"ENSG00000249992.1",998,963,536,722,631,387
"ENSG00000011376.5",1447,1342,1138,1437,1320,732
"ENSG00000232455.2",16,6,11,20,6,13
"ENSG00000144791.5",2350,2029,1947,2331,1758,1543
"ENSG00000230530.1",10,6,4,18,14,2
"ENSG00000211456.6",1369,1137,979,1080,876,530
"ENSG00000244357.2",12,17,5,3,13,7
"ENSG00000163817.11",17,22,14,17,32,11
"ENSG00000163818.12",296,318,335,362,335,245
"ENSG00000173585.11",17,6,6,8,14,15
"ENSG00000163820.10",1470,1145,1598,1857,1694,1661
"ENSG00000172215.5",113,79,95,84,98,109
"ENSG00000226933.1",10,6,26,19,39,39
"ENSG00000121807.5",12,11,2,24,11,4
"ENSG00000121797.9",33,42,39,75,73,22
"ENSG00000012223.8",29,13,12,18,24,11
"ENSG00000163827.8",9,9,5,5,10,12
"ENSG00000178038.12",38,35,21,57,37,21
"ENSG00000206549.8",10,6,6,18,5,4
"ENSG00000160801.9",14,10,9,20,18,6
"ENSG00000160799.7",1376,1245,1079,1343,1052,821
"ENSG00000160796.12",6899,6211,6835,8032,6876,7332
"ENSG00000236409.1",14,7,8,14,19,7
"ENSG00000181555.15",4352,3982,3949,4748,3887,3443
"ENSG00000227398.3",92,74,137,158,146,144
"ENSG00000088727.8",135,107,141,182,195,120
"ENSG00000114648.7",932,816,1088,1513,1186,702
"ENSG00000260236.1",43,38,33,55,54,41
"ENSG00000076201.10",2321,1891,2059,2368,1991,1744
"ENSG00000114650.14",4673,4033,2485,3691,2746,1726
"ENSG00000238350.1",12,4,4,8,11,14
"ENSG00000163832.11",1095,962,707,967,787,436
"ENSG00000271161.1",16,18,15,19,23,24
"ENSG00000272110.1",4,13,5,4,4,11
"ENSG00000114646.5",312,292,129,140,96,76
"ENSG00000173473.6",7407,6616,6742,8281,6781,4796
"ENSG00000214773.1",46,26,20,39,26,29
"ENSG00000235695.1",20,15,13,18,24,13
"ENSG00000132153.10",5094,4454,3918,5035,4253,2441
"ENSG00000047849.17",7089,5875,6492,8181,6260,4612
"ENSG00000224895.1",7,10,15,15,3,15
"ENSG00000270285.1",12,5,2,5,13,5
"ENSG00000164045.7",1086,964,769,1022,897,545
"ENSG00000164048.9",682,561,612,678,502,466
"ENSG00000229759.1",13,6,16,12,7,11
"ENSG00000228638.1",32,13,37,46,29,17
"ENSG00000172113.4",290,277,305,383,329,144
"ENSG00000164049.10",13,1,9,14,11,4
"ENSG00000164050.8",878,678,683,857,611,509
"ENSG00000164051.9",167,154,143,200,145,87
"ENSG00000232112.3",694,625,655,808,678,221
"ENSG00000164053.13",264,203,227,298,248,210
"ENSG00000213689.5",55,43,43,40,58,40
"ENSG00000164054.11",1546,1390,983,1420,1070,515
"ENSG00000114268.7",4768,3969,4158,5042,4640,3274
"ENSG00000114270.11",220,183,138,221,275,242
"ENSG00000010256.6",3758,3708,3056,4175,3690,1280
"ENSG00000225697.6",1494,1409,897,1102,918,675
"ENSG00000008300.10",554,540,424,584,557,394
"ENSG00000228350.1",15,8,6,20,26,4
"ENSG00000213672.3",1213,1145,1008,1164,1032,824
"ENSG00000271973.1",13,3,4,11,8,12
"ENSG00000068745.10",1129,958,873,1096,839,613
"ENSG00000114302.11",2574,2322,2256,2878,1926,1022
"ENSG00000224424.7",11,18,32,20,19,17
"ENSG00000178537.5",231,176,165,205,165,57
"ENSG00000221883.2",91,74,63,76,102,33
"ENSG00000177479.15",1722,1523,1567,1995,1733,1245
"ENSG00000178467.13",67,40,51,83,90,64
"ENSG00000178252.13",1921,1507,1488,1804,1643,959
"ENSG00000178149.12",498,398,374,465,350,206
"ENSG00000199032.1",11,3,2,13,7,6
"ENSG00000178057.10",533,484,434,637,529,280
"ENSG00000178035.7",5028,4821,4388,6124,4587,1600
"ENSG00000198218.6",1191,1076,1246,1328,1184,1011
"ENSG00000172053.10",4291,3931,3513,4712,3673,1727
"ENSG00000172046.14",2315,2139,2114,2748,2297,1251
"ENSG00000172037.9",1186,994,961,1286,1251,932
"ENSG00000270441.1",28,38,29,21,36,20
"ENSG00000177352.9",233,213,246,270,276,149
"ENSG00000185909.10",1380,1308,607,892,810,363
"ENSG00000236980.5",21,7,5,14,4,4
"ENSG00000173421.12",7,5,12,21,18,10
"ENSG00000188315.3",100,73,106,159,131,114
"ENSG00000114316.8",922,878,728,893,827,576
"ENSG00000233276.2",28,14,21,35,27,21
"ENSG00000067560.6",5792,5260,5120,6368,5032,2413
"ENSG00000235908.1",37,18,21,12,19,23
"ENSG00000145022.4",153,110,155,200,222,111
"ENSG00000145020.10",169,133,106,134,121,129
"ENSG00000145029.7",277,234,182,213,163,127
"ENSG00000173402.7",1084,913,895,1382,822,469
"ENSG00000164061.4",122,120,85,204,154,138
"ENSG00000164062.8",2350,2092,1970,2596,2192,820
"ENSG00000173531.11",179,164,120,180,183,168
"ENSG00000164068.11",1390,1269,1228,1443,1343,982
"ENSG00000173540.8",10,13,23,36,16,12
"ENSG00000176095.7",895,807,820,1232,1058,555
"ENSG00000244730.1",33,17,14,23,15,39
"ENSG00000187492.4",22,12,17,39,41,27
"ENSG00000185614.4",61,47,74,124,111,53
"ENSG00000182179.6",102,115,313,461,231,174
"ENSG00000183763.4",415,310,257,331,323,181
"ENSG00000164076.12",26,21,6,15,23,10
"ENSG00000164078.8",313,260,298,391,350,270
"ENSG00000228008.1",5,15,24,23,25,20
"ENSG00000164077.9",148,128,180,224,175,150
"ENSG00000004534.10",1793,1508,1439,1688,1438,1382
"ENSG00000003756.12",1847,1597,1382,1506,1329,1250
"ENSG00000235016.1",52,52,43,64,40,24
"ENSG00000001617.7",310,270,56,110,117,71
"ENSG00000114349.5",20,11,8,14,16,17
"ENSG00000188338.10",13,7,8,15,20,9
"ENSG00000114353.12",1232,1126,851,1223,941,552
"ENSG00000230454.1",76,74,68,85,81,75
"ENSG00000232352.1",3,2,3,10,10,6
"ENSG00000012171.13",110,103,97,123,115,119
"ENSG00000179564.3",27,27,21,20,34,27
"ENSG00000214706.6",982,967,834,1073,942,542
"ENSG00000186792.11",84,77,109,218,151,74
"ENSG00000243477.1",220,224,235,264,242,156
"ENSG00000114378.12",108,129,134,141,83,69
"ENSG00000068001.9",233,175,107,163,145,33
"ENSG00000114383.5",254,216,207,284,249,111
"ENSG00000068028.13",1247,1115,1048,1268,928,634
"ENSG00000004838.9",57,42,40,54,52,49
"ENSG00000114388.8",362,361,339,348,309,213
"ENSG00000114395.6",77,62,71,93,55,42
"ENSG00000126062.3",359,276,305,464,475,247
"ENSG00000007402.7",47,49,26,67,46,38
"ENSG00000088543.10",120,94,67,111,71,34
"ENSG00000114735.5",599,539,512,583,542,450
"ENSG00000114737.11",3056,2656,914,1144,490,274
"ENSG00000114738.6",889,830,762,936,710,312
"ENSG00000088538.12",56,60,34,94,70,40
"ENSG00000145050.11",363,336,388,515,370,133
"ENSG00000179837.6",1092,1026,888,1289,1077,744
"ENSG00000145041.11",1032,902,727,861,767,386
"ENSG00000164080.9",1080,955,838,1084,954,662
"ENSG00000164081.8",407,317,254,350,304,175
"ENSG00000164082.10",18,21,11,26,25,13
"ENSG00000114767.6",434,395,373,442,360,197
"ENSG00000041880.10",113,96,81,147,137,108
"ENSG00000180929.4",10,2,4,19,10,9
"ENSG00000090097.16",101,71,112,125,161,94
"ENSG00000114779.15",1327,1203,928,1051,1028,470
"ENSG00000248487.4",86,82,81,104,62,56
"ENSG00000243989.3",96,72,109,106,99,73
"ENSG00000114786.11",12,8,13,15,14,11
"ENSG00000162244.6",13499,12922,10192,11248,7933,3429
"ENSG00000164086.8",326,327,347,432,291,230
"ENSG00000164087.3",482,438,318,421,299,129
"ENSG00000023330.10",752,688,596,795,667,316
"ENSG00000247596.4",253,232,224,384,352,118
"ENSG00000243224.1",21,22,14,24,14,8
"ENSG00000164088.13",274,232,178,187,181,108
"ENSG00000164091.7",1199,1225,1408,1795,1396,778
"ENSG00000168237.13",171,144,73,136,121,120
"ENSG00000242797.2",13,3,7,11,8,9
"ENSG00000114841.13",318,234,255,400,458,429
"ENSG00000163930.5",1348,1180,1204,1437,1242,890
"ENSG00000010318.15",376,295,264,388,215,222
"ENSG00000010319.2",21,20,13,34,23,11
"ENSG00000114854.3",4,15,7,14,6,6
"ENSG00000010322.11",2177,1898,1903,2206,1912,1737
"ENSG00000010327.6",251,253,444,660,311,184
"ENSG00000168268.6",1397,1250,1652,2263,2007,1154
"ENSG00000168273.3",108,100,107,135,139,58
"ENSG00000163939.14",1067,913,1147,1446,1063,742
"ENSG00000163938.12",1795,1489,2186,2533,1982,1227
"ENSG00000212493.1",9,14,10,12,23,5
"ENSG00000212452.1",9,3,10,15,10,2
"ENSG00000016864.12",576,490,539,667,568,254
"ENSG00000114902.9",494,483,469,642,470,172
"ENSG00000114904.8",534,449,411,472,388,263
"ENSG00000055957.6",20,18,14,31,28,11
"ENSG00000162267.8",16,20,11,34,25,16
"ENSG00000213533.7",19,22,14,16,34,11
"ENSG00000163935.9",236,214,128,144,177,114
"ENSG00000272305.1",11,13,6,9,5,8
"ENSG00000163933.5",305,327,278,394,298,127
"ENSG00000163932.9",350,323,403,571,512,339
"ENSG00000163931.11",10088,9325,6850,9046,6834,3814
"ENSG00000162290.12",907,817,1083,1353,887,666
"ENSG00000157388.9",37,22,21,72,46,20
"ENSG00000016391.6",180,164,12,30,73,48
"ENSG00000056736.5",105,79,21,38,63,38
"ENSG00000271976.1",18,18,14,24,16,18
"ENSG00000113812.9",303,261,256,334,298,172
"ENSG00000113811.6",269,238,251,334,243,154
"ENSG00000157445.10",15,19,18,23,33,6
"ENSG00000114251.9",10,9,9,15,16,10
"ENSG00000187672.8",14,12,15,58,43,24
"ENSG00000180376.12",456,398,426,411,385,363
"ENSG00000163946.9",1298,1166,1658,2027,1620,1394
"ENSG00000163947.7",179,113,14,45,38,28
"ENSG00000186451.1",26,20,3,3,5,5
"ENSG00000144730.12",9,19,7,23,17,8
"ENSG00000163666.4",17,10,7,16,13,4
"ENSG00000157500.6",407,351,272,336,263,123
"ENSG00000239388.4",25,10,15,15,18,12
"ENSG00000174844.10",53,49,39,120,94,41
"ENSG00000174840.8",336,320,536,670,632,336
"ENSG00000168374.6",1243,1141,1269,1547,1352,576
"ENSG00000174839.8",344,303,297,341,273,209
"ENSG00000163681.10",1620,1393,1343,1533,1192,1031
"ENSG00000270772.1",29,31,22,18,26,13
"ENSG00000136068.10",7814,6976,11457,14826,10814,6280
"ENSG00000244161.1",98,68,89,125,100,80
"ENSG00000163687.9",10,5,2,10,14,4
"ENSG00000163686.9",108,100,66,61,101,67
"ENSG00000163684.7",273,241,306,344,378,284
"ENSG00000168297.11",339,290,375,352,351,248
"ENSG00000168291.8",487,442,432,593,450,148
"ENSG00000168301.8",46,40,44,42,49,28
"ENSG00000168306.8",12,17,11,39,15,8
"ENSG00000168309.12",18,8,9,19,14,3
"ENSG00000198643.2",2,2,11,16,12,5
"ENSG00000163689.14",413,328,371,390,434,356
"ENSG00000242428.1",18,15,8,8,13,11
"ENSG00000189283.5",168,107,163,189,139,148
"ENSG00000144724.14",18,16,12,49,28,18
"ENSG00000226360.4",20,30,22,19,20,9
"ENSG00000163618.13",35,22,21,57,27,12
"ENSG00000163630.6",15,11,4,13,12,4
"ENSG00000163632.8",7,12,15,26,6,15
"ENSG00000163634.7",467,350,439,453,348,232
"ENSG00000240549.2",17,11,7,4,14,14
"ENSG00000163635.13",815,697,687,900,717,697
"ENSG00000239653.1",51,50,58,64,69,84
"ENSG00000271843.1",23,9,12,9,10,14
"ENSG00000163636.6",1230,1085,1026,1228,1087,559
"ENSG00000163637.7",11,11,7,20,7,8
"ENSG00000163638.9",41,37,139,222,74,46
"ENSG00000151276.19",964,845,548,673,61,29
"ENSG00000144741.13",163,166,111,200,154,48
"ENSG00000144749.9",35,23,21,76,61,28
"ENSG00000163376.7",39,24,81,114,107,52
"ENSG00000172340.10",977,924,824,1058,739,332
"ENSG00000241506.1",12,8,10,11,10,9
"ENSG00000163378.9",86,123,92,131,129,86
"ENSG00000244513.2",31,28,13,18,19,21
"ENSG00000144747.10",1046,877,939,1146,948,847
"ENSG00000144744.12",445,371,453,483,391,194
"ENSG00000144746.6",192,166,180,176,205,63
"ENSG00000163380.11",4,5,4,19,14,5
"ENSG00000114541.10",11,18,11,47,27,19
"ENSG00000187098.10",992,891,597,850,566,360
"ENSG00000241665.2",30,13,15,17,8,2
"ENSG00000240405.1",10,17,23,27,37,35
"ENSG00000114861.14",446,390,809,1004,317,234
"ENSG00000242094.1",36,17,22,24,5,8
"ENSG00000163412.8",194,156,555,709,376,302
"ENSG00000244130.1",18,12,15,15,20,21
"ENSG00000241163.3",4,5,6,17,15,13
"ENSG00000242609.1",4,2,3,9,22,19
"ENSG00000243083.1",9,11,10,14,19,7
"ENSG00000163602.9",893,990,1174,1220,1060,848
"ENSG00000144736.9",247,196,334,435,300,201
"ENSG00000172986.8",167,128,242,293,146,72
"ENSG00000242960.1",10,6,7,12,2,4
"ENSG00000163605.10",923,786,919,991,814,439
"ENSG00000255423.1",95,64,61,81,79,47
"ENSG00000121440.10",20,13,8,51,31,12
"ENSG00000113805.8",8,11,12,25,15,7
"ENSG00000213300.4",30,32,39,40,39,27
"ENSG00000238278.3",114,91,115,131,141,142
"ENSG00000244026.2",280,201,221,252,241,217
"ENSG00000272690.1",19,21,10,18,16,12
"ENSG00000227124.4",155,110,162,148,152,156
"ENSG00000185008.13",75,73,257,314,222,170
"ENSG00000169855.15",29,23,29,56,38,23
"ENSG00000242828.1",15,9,18,11,27,27
"ENSG00000242781.1",6,2,6,7,14,14
"ENSG00000114480.8",1212,1111,784,941,977,408
"ENSG00000239440.1",2,0,11,20,19,10
"ENSG00000175161.9",19,18,39,60,59,22
"ENSG00000206538.3",13,15,14,43,15,5
"ENSG00000083937.4",118,166,184,252,155,85
"ENSG00000239572.1",21,15,7,14,12,11
"ENSG00000179097.4",94,89,151,223,156,101
"ENSG00000163320.6",831,765,747,1040,638,391
"ENSG00000229729.3",145,163,140,139,138,72
"ENSG00000241535.1",36,24,20,17,12,29
"ENSG00000175105.5",284,267,280,310,273,196
"ENSG00000179021.5",282,261,293,316,267,142
"ENSG00000044524.6",15,10,7,19,17,10
"ENSG00000184500.10",1257,1061,824,1088,876,416
"ENSG00000169379.11",347,261,285,359,315,148
"ENSG00000239614.1",15,11,5,8,0,7
"ENSG00000178750.2",16,20,9,30,9,7
"ENSG00000178700.3",56,68,40,54,46,32
"ENSG00000178694.5",100,75,98,86,67,49
"ENSG00000242457.1",11,15,11,11,4,6
"ENSG00000243547.1",9,15,18,37,27,6
"ENSG00000080224.13",26,18,17,31,32,13
"ENSG00000113966.5",19,28,32,31,16,9
"ENSG00000233280.2",152,165,76,120,102,65
"ENSG00000080200.5",115,104,58,65,56,38
"ENSG00000170854.13",320,251,265,383,207,107
"ENSG00000183185.5",6,12,4,11,18,2
"ENSG00000236032.2",4,3,3,10,19,2
"ENSG00000080822.12",513,477,345,478,441,164
"ENSG00000080819.2",5762,5256,3403,4608,4295,2376
"ENSG00000064225.8",11,9,14,27,24,21
"ENSG00000057019.11",331,312,467,672,937,642
"ENSG00000144810.11",9,11,9,13,22,7
"ENSG00000273374.1",22,17,15,12,18,23
"ENSG00000184220.6",471,422,557,652,586,314
"ENSG00000168386.14",189,147,241,243,353,287
"ENSG00000036054.8",1556,1377,1526,1759,1502,815
"ENSG00000114021.7",233,220,270,284,269,117
"ENSG00000154174.7",1766,1717,1567,2006,1392,765
"ENSG00000206535.3",65,77,93,93,94,76
"ENSG00000181458.6",28,21,69,109,187,97
"ENSG00000144820.3",10,10,4,23,20,8
"ENSG00000114354.8",1471,1439,1218,1517,1320,758
"ENSG00000154175.12",44,52,44,94,78,58
"ENSG00000081148.11",16,21,32,57,51,46
"ENSG00000138468.11",734,691,593,723,554,430
"ENSG00000241738.1",14,18,21,13,21,12
"ENSG00000232830.4",10,7,12,13,5,3
"ENSG00000174173.6",231,215,354,423,357,186
"ENSG00000081154.7",1809,1512,1620,1888,1495,935
"ENSG00000242299.1",227,169,155,208,127,50
"ENSG00000252348.1",8,3,12,6,6,21
"ENSG00000212319.1",33,31,51,42,56,42
"ENSG00000066422.4",1128,1032,1025,1267,1049,661
"ENSG00000256628.2",47,41,427,451,382,220
"ENSG00000114391.8",12297,11177,8892,10512,8385,4227
"ENSG00000244119.1",3,4,7,11,11,12
"ENSG00000182504.6",539,451,433,585,348,259
"ENSG00000144815.10",69,88,67,110,61,29
"ENSG00000144802.7",154,125,186,313,256,203
"ENSG00000170044.4",11,11,5,18,18,4
"ENSG00000170017.8",12,15,8,19,16,6
"ENSG00000114423.14",513,453,453,565,429,308
"ENSG00000243701.1",5,6,29,15,16,21
"ENSG00000114439.14",1280,1077,1610,1891,1595,1208
"ENSG00000196776.10",655,625,814,1008,769,557
"ENSG00000271856.1",16,20,12,27,41,16
"ENSG00000114446.4",132,155,187,256,174,121
"ENSG00000144821.5",31,19,21,60,66,32
"ENSG00000241634.1",30,33,31,44,47,54
"ENSG00000163507.9",684,605,501,624,564,337
"ENSG00000202379.1",28,14,11,18,13,5
"ENSG00000198919.8",332,314,195,258,201,122
"ENSG00000114487.5",23,10,6,40,39,20
"ENSG00000163530.4",6,5,2,13,10,1
"ENSG00000121570.8",15,7,8,4,14,3
"ENSG00000240895.1",31,25,20,8,43,34
"ENSG00000244722.1",12,9,6,6,18,17
"ENSG00000177707.6",16,5,8,26,22,4
"ENSG00000177494.5",5,5,2,15,19,4
"ENSG00000240891.2",7,1,2,14,14,3
"ENSG00000144824.15",20,11,15,31,45,16
"ENSG00000144827.4",258,238,189,229,202,74
"ENSG00000176040.9",17,6,8,26,12,11
"ENSG00000114529.8",40,49,51,74,39,30
"ENSG00000174500.8",10,10,5,15,12,14
"ENSG00000261488.1",11,10,3,7,3,5
"ENSG00000172139.10",13,23,8,38,32,2
"ENSG00000144848.6",513,425,423,569,483,237
"ENSG00000138459.4",78,73,84,112,105,40
"ENSG00000091986.11",26,19,24,43,37,23
"ENSG00000242308.2",14,23,30,30,25,17
"ENSG00000240893.1",75,59,82,91,121,111
"ENSG00000242770.2",25,11,25,22,30,52
"ENSG00000206531.6",63,44,73,61,81,50
"ENSG00000163606.6",19,20,42,29,31,34
"ENSG00000163607.10",255,170,181,190,181,96
"ENSG00000163608.10",513,459,480,549,417,316
"ENSG00000144857.10",13,13,14,39,27,20
"ENSG00000206530.4",81,55,105,131,257,233
"ENSG00000163611.7",327,260,356,501,440,388
"ENSG00000072858.6",19,17,8,34,23,11
"ENSG00000241529.2",7,20,12,17,12,0
"ENSG00000176542.5",228,201,246,324,312,243
"ENSG00000121579.8",1448,1384,1495,1735,1466,870
"ENSG00000239280.1",12,12,9,9,15,7
"ENSG00000242659.1",10,14,10,15,15,4
"ENSG00000114573.5",1707,1593,1542,1805,1511,690
"ENSG00000178075.15",7,4,2,26,31,9
"ENSG00000184307.9",11,10,23,43,42,14
"ENSG00000163617.6",47,50,43,75,56,48
"ENSG00000151576.6",288,235,250,326,275,148
"ENSG00000151577.8",8,10,9,7,24,6
"ENSG00000181847.7",3,1,4,10,10,5
"ENSG00000259976.1",2,0,7,10,8,17
"ENSG00000181722.11",71,69,205,246,155,189
"ENSG00000241560.1",2,2,4,12,8,13
"ENSG00000172020.8",9,2,42,58,52,33
"ENSG00000185565.7",8,8,8,20,16,8
"ENSG00000243276.1",2,3,2,5,11,10
"ENSG00000144847.8",174,183,123,146,66,41
"ENSG00000163424.4",9,2,5,14,10,8
"ENSG00000114638.3",14,12,10,9,7,7
"ENSG00000121578.8",194,200,275,358,227,175
"ENSG00000031081.6",19,26,21,48,36,15
"ENSG00000176142.8",836,811,772,955,728,500
"ENSG00000163389.6",213,139,185,214,203,144
"ENSG00000113845.5",798,599,713,860,723,252
"ENSG00000121594.7",105,63,16,16,6,7
"ENSG00000144843.7",43,26,54,100,62,37
"ENSG00000138495.2",316,279,304,380,293,120
"ENSG00000183833.12",11,11,11,29,29,11
"ENSG00000144852.12",15,15,10,62,23,12
"ENSG00000082701.10",1054,885,999,1271,993,670
"ENSG00000239835.1",19,14,19,20,11,13
"ENSG00000241546.1",17,9,13,13,1,4
"ENSG00000242622.1",78,65,69,50,61,59
"ENSG00000175697.6",14,13,6,17,9,7
"ENSG00000163428.3",961,885,548,624,528,333
"ENSG00000163430.5",7,8,4,13,13,6
"ENSG00000065518.7",889,874,735,894,846,275
"ENSG00000113924.7",4,1,13,14,20,7
"ENSG00000144840.4",267,185,205,269,222,117
"ENSG00000153767.5",281,236,299,415,311,171
"ENSG00000145087.8",69,62,55,81,58,78
"ENSG00000051341.9",1299,1108,1088,1199,1112,987
"ENSG00000242445.1",33,35,34,26,24,6
"ENSG00000163833.6",5,10,18,24,29,10
"ENSG00000180353.6",338,337,487,600,436,298
"ENSG00000173230.11",2283,1978,2419,2721,2486,2270
"ENSG00000173226.12",762,727,809,862,680,519
"ENSG00000145088.4",71,56,95,132,113,74
"ENSG00000163406.6",51,46,138,135,143,148
"ENSG00000145103.8",5,10,4,19,25,11
"ENSG00000114013.11",6,6,2,10,11,8
"ENSG00000036828.9",14,8,4,26,17,10
"ENSG00000160124.5",214,193,166,179,213,83
"ENSG00000114023.11",861,804,769,874,925,470
"ENSG00000196981.2",128,137,130,131,180,128
"ENSG00000272758.1",47,41,49,54,35,31
"ENSG00000242531.1",2,4,6,10,16,11
"ENSG00000114030.8",772,676,621,744,658,379
"ENSG00000138496.12",140,107,126,221,158,84
"ENSG00000163840.5",219,247,417,513,345,230
"ENSG00000173200.8",6,4,41,51,32,30
"ENSG00000173193.9",786,820,1016,1120,696,528
"ENSG00000169087.6",58,41,44,100,68,45
"ENSG00000138463.8",56,46,31,48,36,26
"ENSG00000082684.10",20,26,15,35,35,16
"ENSG00000065485.13",798,675,516,738,752,408
"ENSG00000121542.7",88,79,119,190,137,73
"ENSG00000173175.10",30,24,9,36,38,21
"ENSG00000206527.5",131,120,93,147,99,79
"ENSG00000239523.1",11,6,10,12,5,16
"ENSG00000065534.14",72,74,329,422,204,134
"ENSG00000175455.10",1439,1125,1200,1455,1125,1118
"ENSG00000160145.11",200,204,194,344,264,168
"ENSG00000114491.9",371,293,362,487,412,190
"ENSG00000082781.7",890,692,2103,2999,2000,1149
"ENSG00000244286.1",4,9,19,17,7,10
"ENSG00000243986.2",3,8,31,10,7,18
"ENSG00000173702.3",14,7,7,18,7,6
"ENSG00000173706.8",30,21,19,50,27,28
"ENSG00000221955.6",20,7,12,38,32,20
"ENSG00000163848.14",605,564,488,571,477,355
"ENSG00000243508.1",18,12,14,10,13,24
"ENSG00000114520.6",751,649,519,564,510,297
"ENSG00000144909.7",219,142,151,136,177,77
"ENSG00000171084.11",30,19,12,32,18,14
"ENSG00000189366.5",20,16,11,25,25,11
"ENSG00000114544.11",388,388,304,396,746,381
"ENSG00000248607.1",5,3,2,14,13,15
"ENSG00000144908.9",28,20,5,31,26,22
"ENSG00000163884.3",42,35,44,68,51,34
"ENSG00000163885.7",18,11,16,38,34,13
"ENSG00000070476.10",714,627,712,926,765,625
"ENSG00000159650.4",16,9,18,37,44,9
"ENSG00000197763.8",101,65,98,150,106,52
"ENSG00000159685.6",443,393,559,626,589,319
"ENSG00000249558.1",20,8,12,13,17,7
"ENSG00000114554.7",9102,7909,8917,11902,9243,7583
"ENSG00000163870.10",502,414,324,435,447,267
"ENSG00000073111.9",5316,4650,3653,4819,4138,1760
"ENSG00000114631.10",685,584,576,777,627,424
"ENSG00000114626.13",128,86,100,153,145,127
"ENSG00000074416.9",17,7,6,20,14,14
"ENSG00000187715.9",12,7,8,26,16,9
"ENSG00000058262.5",2932,2479,2516,3619,3632,1946
"ENSG00000175792.7",1301,1144,1258,1655,1133,515
"ENSG00000239608.1",19,20,14,9,12,13
"ENSG00000132394.6",398,299,283,425,395,228
"ENSG00000179407.3",5,4,1,11,13,5
"ENSG00000179348.7",6315,5561,5002,6242,5230,4175
"ENSG00000244300.2",1158,977,732,834,922,883
"ENSG00000163902.7",3433,3113,2001,3250,2826,998
"ENSG00000075785.8",1633,1544,1806,1888,1767,1336
"ENSG00000239503.1",102,71,46,54,57,38
"ENSG00000242992.2",23,14,13,12,15,11
"ENSG00000244232.2",21,10,1,5,8,14
"ENSG00000177646.13",611,579,558,736,709,493
"ENSG00000114656.6",7,4,9,19,16,7
"ENSG00000187695.6",19,21,10,35,26,12
"ENSG00000114654.6",12,10,20,12,30,9
"ENSG00000172780.12",63,59,53,67,38,33
"ENSG00000240682.5",227,241,222,257,216,129
"ENSG00000273437.1",7,12,10,10,5,6
"ENSG00000169714.12",4925,4622,4237,5339,3960,1608
"ENSG00000181789.10",3836,3477,3221,4273,3525,1737
"ENSG00000183624.9",496,467,481,575,492,284
"ENSG00000184897.4",1980,1924,1847,2242,1833,1336
"ENSG00000206417.4",12,13,11,4,19,15
"ENSG00000244932.2",63,50,74,65,48,41
"ENSG00000251474.2",526,473,462,424,448,462
"ENSG00000207088.1",33,32,25,11,28,29
"ENSG00000172771.7",71,50,101,163,147,110
"ENSG00000129071.5",905,847,996,1103,1035,665
"ENSG00000163913.7",982,889,805,997,696,702
"ENSG00000178804.3",5,3,10,15,6,3
"ENSG00000004399.8",2809,2583,2186,2903,2122,1905
"ENSG00000239437.2",7,19,9,11,12,7
"ENSG00000172765.12",186,172,170,202,178,177
"ENSG00000203644.2",32,26,21,9,19,12
"ENSG00000271270.1",70,60,71,66,91,62
"ENSG00000170893.3",0,4,6,10,20,7
"ENSG00000251287.4",18,16,19,21,26,15
"ENSG00000253540.1",52,25,33,44,55,39
"ENSG00000249846.2",36,23,27,25,23,26
"ENSG00000248618.1",1,3,5,9,14,12
"ENSG00000228252.4",28,20,13,26,19,37
"ENSG00000172752.10",561,489,187,242,111,58
"ENSG00000206384.6",43,20,31,86,55,31
"ENSG00000196455.3",827,738,753,900,719,351
"ENSG00000017260.15",1553,1334,1255,1587,1543,974
"ENSG00000249098.1",17,9,8,6,13,6
"ENSG00000034533.7",109,122,80,122,97,65
"ENSG00000114670.9",47,29,40,64,51,43
"ENSG00000250608.1",18,14,10,32,37,29
"ENSG00000246082.2",191,148,167,204,116,66
"ENSG00000198585.7",449,370,381,455,316,242
"ENSG00000261167.1",38,30,29,40,32,29
"ENSG00000114686.4",1414,1443,1376,1683,1307,471
"ENSG00000196353.7",9,13,9,39,22,14
"ENSG00000014257.11",17,9,16,22,31,16
"ENSG00000138246.11",784,687,664,772,580,490
"ENSG00000113971.14",270,313,308,319,358,266
"ENSG00000129048.6",9,16,10,14,17,18
"ENSG00000081307.8",479,472,522,608,489,231
"ENSG00000144868.9",29,36,19,45,48,13
"ENSG00000170819.4",7,8,5,19,10,4
"ENSG00000091527.11",2301,2222,2084,2546,2086,1343
"ENSG00000163781.8",1662,1560,1275,1565,1374,901
"ENSG00000091513.10",28,24,27,27,28,16
"ENSG00000144867.7",443,396,347,547,490,171
"ENSG00000154917.6",1049,889,168,246,253,153
"ENSG00000174640.8",10,16,8,19,12,14
"ENSG00000163785.8",527,513,523,623,455,358
"ENSG00000231845.3",5,6,10,6,12,11
"ENSG00000114019.10",15,17,10,31,32,15
"ENSG00000129055.8",423,365,377,482,399,152
"ENSG00000182923.12",288,251,225,305,232,194
"ENSG00000154928.12",26,18,7,37,27,14
"ENSG00000174611.7",34,20,19,54,42,15
"ENSG00000073711.6",50,30,52,65,66,54
"ENSG00000174579.3",1340,1155,1037,1328,996,646
"ENSG00000241438.1",10,6,12,5,5,10
"ENSG00000114054.9",2405,2221,1718,2106,1627,616
"ENSG00000118007.8",258,256,232,239,399,265
"ENSG00000240695.1",24,20,13,17,16,39
"ENSG00000261758.1",24,32,17,15,13,13
"ENSG00000168917.8",127,94,89,89,139,104
"ENSG00000273486.1",15,9,34,15,22,23
"ENSG00000239213.1",66,65,101,100,94,53
"ENSG00000158092.2",348,349,382,439,294,183
"ENSG00000214283.4",14,6,10,9,12,2
"ENSG00000174564.8",11,6,48,50,75,43
"ENSG00000066405.8",6,5,4,18,11,3
"ENSG00000158163.10",55,44,63,79,71,75
"ENSG00000240668.1",4,5,15,8,12,8
"ENSG00000138231.8",294,215,240,307,207,114
"ENSG00000114098.13",721,591,608,658,619,386
"ENSG00000181322.9",33,40,42,45,53,70
"ENSG00000158186.8",14,15,12,22,26,6
"ENSG00000158220.9",35,14,25,57,35,26
"ENSG00000114107.4",723,642,1028,1137,561,494
"ENSG00000158234.8",50,38,104,105,94,53
"ENSG00000174715.7",18,15,36,47,57,55
"ENSG00000051382.4",2473,2201,2784,3628,3006,2184
"ENSG00000239207.2",81,46,72,71,75,85
"ENSG00000242321.1",18,13,23,23,14,9
"ENSG00000241429.1",126,117,154,168,135,146
"ENSG00000244578.1",95,73,63,62,74,81
"ENSG00000183770.5",532,444,704,908,789,593
"ENSG00000206262.4",428,397,471,591,611,480
"ENSG00000175110.7",928,816,1200,1422,1236,596
"ENSG00000233701.2",18,12,3,13,12,5
"ENSG00000272656.1",10,2,0,13,1,2
"ENSG00000184432.5",4261,3857,4548,5389,4606,2112
"ENSG00000252245.1",16,18,10,19,1,7
"ENSG00000248932.1",95,66,174,164,123,81
"ENSG00000114113.2",14,11,23,34,30,28
"ENSG00000178631.7",17,10,22,26,20,23
"ENSG00000114115.5",9,7,14,23,28,16
"ENSG00000163864.10",147,103,208,236,209,140
"ENSG00000158258.11",15,18,21,30,32,27
"ENSG00000155890.3",17,5,17,19,24,10
"ENSG00000114120.7",1445,1205,900,1123,1013,672
"ENSG00000248773.1",12,10,0,2,4,4
"ENSG00000175093.4",11,3,1,6,10,2
"ENSG00000155893.7",74,53,78,104,98,42
"ENSG00000177311.6",543,460,1099,1242,1929,1299
"ENSG00000155903.7",580,448,492,641,406,396
"ENSG00000250170.1",3,10,2,5,4,12
"ENSG00000114125.9",784,753,746,958,732,306
"ENSG00000114124.2",15,7,8,14,17,11
"ENSG00000069849.6",2114,1864,1096,1562,1608,964
"ENSG00000244124.1",94,74,43,42,45,46
"ENSG00000114126.13",1996,1748,1657,1927,1960,1229
"ENSG00000233597.3",5,16,19,15,15,17
"ENSG00000272565.1",281,298,224,246,200,191
"ENSG00000175066.11",660,663,465,543,410,473
"ENSG00000114127.6",2021,1895,1696,2058,1690,1277
"ENSG00000175054.10",1145,963,995,1147,1040,756
"ENSG00000120756.8",552,513,412,569,405,191
"ENSG00000144935.10",225,161,330,359,449,282
"ENSG00000163710.3",20,13,24,27,17,12
"ENSG00000188582.4",16,30,17,32,40,17
"ENSG00000163714.13",4471,4001,4323,4716,4099,3497
"ENSG00000175040.4",2426,2139,2361,3326,3634,2133
"ENSG00000241679.2",9,5,12,22,14,8
"ENSG00000244171.3",15,10,9,15,22,6
"ENSG00000181804.10",8,9,9,37,27,15
"ENSG00000181744.4",458,410,371,494,498,311
"ENSG00000152952.7",96,98,7,19,21,13
"ENSG00000163746.7",20,20,17,33,25,17
"ENSG00000188313.8",757,649,494,626,505,316
"ENSG00000174963.13",21,12,12,30,22,6
"ENSG00000152977.5",14,11,6,24,21,5
"ENSG00000163751.3",5,0,3,10,13,3
"ENSG00000241627.2",10,16,10,16,5,8
"ENSG00000163754.13",244,218,107,183,185,45
"ENSG00000071794.11",2601,2225,2572,2801,2377,1705
"ENSG00000163755.4",331,300,163,219,188,132
"ENSG00000047457.9",30,11,17,19,52,19
"ENSG00000018408.10",11,13,7,28,55,41
"ENSG00000114744.4",333,352,357,425,361,156
"ENSG00000206199.5",12,19,15,22,17,9
"ENSG00000082996.15",169,177,181,263,200,75
"ENSG00000070087.9",18,14,26,59,31,24
"ENSG00000224831.2",14,10,11,23,27,9
"ENSG00000196428.8",4530,3955,1936,2444,1215,1047
"ENSG00000120742.6",3401,3283,3695,4537,3719,2101
"ENSG00000144895.7",2479,2195,1917,2160,1850,1121
"ENSG00000198843.8",433,390,374,442,418,129
"ENSG00000271711.1",42,41,21,7,12,31
"ENSG00000163645.10",17,7,10,14,23,7
"ENSG00000181788.3",1233,1141,835,1103,1116,618
"ENSG00000244265.1",56,55,9,24,38,20
"ENSG00000144893.8",48,29,24,71,68,21
"ENSG00000152580.8",31,19,11,62,35,11
"ENSG00000197953.5",2,5,2,13,14,4
"ENSG00000198829.5",6,3,10,32,52,20
"ENSG00000152601.13",5556,4718,3956,4808,3072,2069
"ENSG00000229619.3",112,98,38,48,35,37
"ENSG00000221962.3",253,220,150,157,128,164
"ENSG00000201217.1",29,18,10,12,9,4
"ENSG00000169860.4",1190,1165,725,957,622,440
"ENSG00000241732.1",179,216,140,186,113,68
"ENSG00000181467.2",2464,2294,2166,2789,1516,907
"ENSG00000114790.8",33,29,31,57,43,25
"ENSG00000174953.9",1269,1036,1090,1125,906,706
"ENSG00000174948.5",4,6,5,12,13,10
"ENSG00000196549.6",152,173,87,122,121,56
"ENSG00000114805.12",30,43,63,94,93,53
"ENSG00000174928.11",141,158,105,151,125,45
"ENSG00000169359.9",1106,900,963,1368,1125,689
"ENSG00000163655.11",5149,4850,3812,4855,3751,1804
"ENSG00000240489.1",53,38,44,51,58,42
"ENSG00000169282.13",64,53,68,81,127,93
"ENSG00000242017.1",6,2,14,4,12,13
"ENSG00000114850.2",3394,3185,3095,3981,3949,1994
"ENSG00000243926.1",26,30,12,19,16,11
"ENSG00000163659.8",992,816,879,1093,1226,677
"ENSG00000174912.6",21,13,22,26,23,8
"ENSG00000230457.3",14,14,16,28,19,15
"ENSG00000197980.7",49,52,42,57,70,49
"ENSG00000163660.7",3690,3060,2176,2494,2058,1864
"ENSG00000243176.1",14,17,7,6,21,19
"ENSG00000197415.7",90,63,210,241,381,253
"ENSG00000163661.3",6,4,11,18,15,10
"ENSG00000174899.6",18,13,7,16,9,12
"ENSG00000168779.15",342,336,282,325,341,311
"ENSG00000174891.8",980,866,839,1001,805,658
"ENSG00000241723.1",21,15,10,21,20,11
"ENSG00000243314.1",12,6,7,7,9,17
"ENSG00000178053.13",204,216,559,688,466,132
"ENSG00000168827.10",1172,1114,847,1124,966,455
"ENSG00000079257.3",33,26,21,26,31,22
"ENSG00000272087.1",6,9,12,20,22,6
"ENSG00000118849.5",10,15,18,40,24,22
"ENSG00000118855.14",256,269,305,372,434,127
"ENSG00000240207.2",13,23,60,39,43,54
"ENSG00000184100.5",10,6,10,7,17,5
"ENSG00000180044.3",5,5,4,17,22,9
"ENSG00000068885.10",94,89,135,137,156,128
"ENSG00000113810.11",7104,6282,5699,6520,5546,4365
"ENSG00000213186.3",793,731,597,666,468,331
"ENSG00000244009.1",3,8,10,5,10,5
"ENSG00000186432.4",2110,1937,1766,2337,1838,966
"ENSG00000238741.1",1450,1536,1517,1408,1457,1023
"ENSG00000229320.3",40,32,72,89,116,89
"ENSG00000163590.9",9,7,13,22,22,17
"ENSG00000169251.8",1795,1712,1911,2398,1984,789
"ENSG00000271052.1",10,7,7,3,11,7
"ENSG00000196542.4",13,12,6,17,6,2
"ENSG00000234851.3",55,41,27,36,35,11
"ENSG00000182447.4",3,9,2,13,17,0
"ENSG00000241369.1",50,40,4,2,3,4
"ENSG00000240792.1",24,20,0,0,2,0
"ENSG00000090402.3",23,29,8,43,33,22
"ENSG00000121871.3",7,10,5,10,17,11
"ENSG00000114200.5",8,10,1,16,7,5
"ENSG00000169064.8",12,12,7,21,14,6
"ENSG00000114204.10",7,14,5,7,16,7
"ENSG00000174776.6",17,24,14,35,32,9
"ENSG00000114209.10",1182,1158,994,1200,882,556
"ENSG00000241120.1",56,55,34,18,36,46
"ENSG00000163536.8",152,123,69,90,62,27
"ENSG00000173905.4",2109,1839,1430,1930,1398,1202
"ENSG00000085276.13",144,127,584,804,391,223
"ENSG00000213178.3",24,29,29,45,23,21
"ENSG00000270141.2",4027,4072,2259,3290,3084,1111
"ENSG00000085274.11",293,230,280,371,274,154
"ENSG00000269984.1",28,33,33,41,23,30
"ENSG00000171757.11",10,6,12,16,11,8
"ENSG00000188306.6",3,7,8,14,19,3
"ENSG00000114248.5",7,9,2,20,16,5
"ENSG00000187033.5",5,7,3,12,16,1
"ENSG00000239219.2",7,13,11,14,12,4
"ENSG00000008952.12",1155,948,1157,1580,1113,663
"ENSG00000240373.1",36,17,18,10,8,8
"ENSG00000173890.12",216,131,300,401,184,112
"ENSG00000173889.11",1293,1097,1087,1276,1137,1039
"ENSG00000163558.8",1796,1612,1755,2200,1337,679
"ENSG00000136603.9",443,415,1303,1487,619,486
"ENSG00000013297.6",27,25,2,11,5,3
"ENSG00000013293.5",19,13,6,35,14,9
"ENSG00000163584.13",422,412,297,376,217,138
"ENSG00000163577.3",252,246,170,205,105,53
"ENSG00000154310.12",3336,2866,3408,4365,4571,3565
"ENSG00000222506.1",10,14,11,13,26,12
"ENSG00000075651.11",886,773,883,1150,905,600
"ENSG00000183657.2",116,82,91,100,108,83
"ENSG00000075420.8",1389,1287,1115,1375,936,804
"ENSG00000243398.2",15,5,15,4,3,1
"ENSG00000267979.1",12,8,11,15,7,4
"ENSG00000121853.3",10,5,7,12,14,2
"ENSG00000121858.6",14,11,20,31,12,11
"ENSG00000144959.5",69,78,56,109,66,29
"ENSG00000114346.9",1662,1487,1067,1181,895,615
"ENSG00000200355.1",22,16,12,11,6,6
"ENSG00000201458.1",23,8,10,8,0,4
"ENSG00000144962.6",9,9,2,23,15,7
"ENSG00000169760.13",6,13,2,16,18,3
"ENSG00000177694.10",19,7,19,25,14,14
"ENSG00000177565.11",3060,2784,2812,3087,2336,1549
"ENSG00000231310.2",10,9,13,14,6,2
"ENSG00000201343.1",16,7,13,12,10,16
"ENSG00000200882.1",20,21,14,23,11,4
"ENSG00000197584.7",87,78,123,133,141,157
"ENSG00000237978.1",138,137,195,207,254,191
"ENSG00000172667.6",186,201,237,264,179,96
"ENSG00000121879.3",1061,964,984,939,852,599
"ENSG00000201957.1",19,13,8,17,8,7
"ENSG00000171121.12",101,49,162,253,217,185
"ENSG00000240429.1",151,151,403,426,323,523
"ENSG00000121864.5",665,553,550,746,563,306
"ENSG00000260743.1",9,5,12,11,7,2
"ENSG00000171109.14",950,830,800,903,860,495
"ENSG00000269728.1",53,37,53,53,49,37
"ENSG00000242539.2",51,52,55,102,74,74
"ENSG00000114450.5",634,635,600,774,641,329
"ENSG00000136518.12",997,961,995,1103,1021,491
"ENSG00000136522.9",513,460,568,722,563,357
"ENSG00000136521.8",1157,1161,915,1142,1109,208
"ENSG00000058056.4",21,26,23,44,54,30
"ENSG00000114757.14",13,13,8,36,12,7
"ENSG00000163728.6",968,765,669,709,617,594
"ENSG00000145075.7",41,28,56,60,40,28
"ENSG00000114416.13",4100,3472,3368,3783,3000,2090
"ENSG00000205981.2",424,386,375,417,370,137
"ENSG00000242012.1",12,0,3,6,3,11
"ENSG00000058063.11",2307,2037,2632,3276,2437,1832
"ENSG00000270554.1",17,3,13,17,17,8
"ENSG00000273261.1",10,6,6,10,7,6
"ENSG00000043093.9",555,538,621,657,497,391
"ENSG00000244346.1",25,37,30,29,20,24
"ENSG00000078070.7",754,688,847,1048,777,426
"ENSG00000078081.3",14,7,51,63,58,38
"ENSG00000053524.7",454,388,462,543,450,399
"ENSG00000176597.7",735,746,547,660,505,291
"ENSG00000240024.1",245,232,319,363,326,142
"ENSG00000253092.1",4,15,7,10,7,3
"ENSG00000172578.7",20,17,1273,1675,490,321
"ENSG00000242522.1",0,0,10,10,0,1
"ENSG00000114796.11",1621,1429,1991,2328,1534,858
"ENSG00000163872.11",2931,2549,3135,3888,3049,2467
"ENSG00000233885.3",59,59,73,68,43,33
"ENSG00000180834.3",8,15,20,33,37,34
"ENSG00000175193.8",429,398,490,662,577,291
"ENSG00000114770.12",2084,1780,2064,2818,1650,1228
"ENSG00000223882.1",12,5,7,12,8,18
"ENSG00000223529.1",12,14,18,15,19,11
"ENSG00000186090.6",12,16,12,17,10,8
"ENSG00000186038.5",10,22,6,19,27,7
"ENSG00000272721.1",13,26,8,13,13,10
"ENSG00000145191.7",1619,1465,1415,1935,1416,925
"ENSG00000228205.1",23,23,20,29,14,7
"ENSG00000161202.13",2666,2418,2451,2970,2445,1973
"ENSG00000161203.9",5673,5066,5120,6907,5674,2271
"ENSG00000161204.7",942,787,768,1102,907,556
"ENSG00000145198.10",44,40,41,59,55,32
"ENSG00000214160.5",1045,896,709,1080,866,482
"ENSG00000145194.13",170,152,151,228,198,53
"ENSG00000175166.12",5083,4603,4065,5447,4730,1733
"ENSG00000114867.15",10769,9808,10255,12796,11372,7230
"ENSG00000175182.9",665,681,399,460,338,208
"ENSG00000114859.10",643,560,381,472,300,193
"ENSG00000163882.5",1193,1126,894,1115,941,419
"ENSG00000090534.13",26,25,4,12,19,7
"ENSG00000090539.11",92,93,8,41,35,20
"ENSG00000182580.2",37,19,19,45,44,17
"ENSG00000177383.3",673,603,688,965,698,447
"ENSG00000272970.1",7,11,26,23,14,12
"ENSG00000156931.11",1071,878,1043,1094,994,790
"ENSG00000187068.2",4,11,1,10,15,7
"ENSG00000113790.6",274,245,193,250,183,77
"ENSG00000073803.9",185,167,123,184,150,157
"ENSG00000229638.1",155,156,89,153,133,51
"ENSG00000163900.6",1164,1052,751,1040,753,402
"ENSG00000163898.5",186,125,46,63,67,49
"ENSG00000163904.8",1154,1088,903,1158,873,515
"ENSG00000073792.11",2260,2033,3953,4923,3407,3272
"ENSG00000163915.3",133,85,174,174,148,146
"ENSG00000136527.13",3622,3381,2822,3370,2945,2069
"ENSG00000244405.3",365,337,259,370,378,159
"ENSG00000058866.10",34,35,23,74,75,25
"ENSG00000213139.3",32,30,39,39,29,50
"ENSG00000113838.8",276,233,297,400,380,172
"ENSG00000090520.6",1115,1049,888,1272,949,546
"ENSG00000145192.8",13,5,1,16,9,2
"ENSG00000113905.4",6,9,3,14,14,0
"ENSG00000113889.7",9,7,3,15,16,7
"ENSG00000263826.1",241,170,104,181,156,80
"ENSG00000156976.10",7078,6490,5063,6308,5253,2519
"ENSG00000163918.6",1323,1227,1266,1441,1106,571
"ENSG00000232233.1",20,14,23,26,36,35
"ENSG00000231982.1",26,32,26,35,42,45
"ENSG00000223803.1",2,10,7,12,8,0
"ENSG00000073849.10",3103,2659,3415,4543,4831,2838
"ENSG00000203632.3",212,169,231,280,329,364
"ENSG00000163923.5",251,280,240,204,200,55
"ENSG00000127241.12",34,27,114,171,126,82
"ENSG00000136514.2",4,8,59,72,31,27
"ENSG00000113916.13",642,573,234,270,175,165
"ENSG00000223401.1",88,62,21,39,17,8
"ENSG00000145012.8",18,10,10,20,41,17
"ENSG00000188001.5",10,6,4,13,15,6
"ENSG00000073282.8",37,34,54,94,87,32
"ENSG00000090530.5",17,8,10,23,10,3
"ENSG00000196083.5",78,59,9,20,27,17
"ENSG00000188958.5",15,7,9,20,16,7
"ENSG00000152492.9",1251,1078,1255,1448,1240,952
"ENSG00000253548.1",18,15,5,19,18,25
"ENSG00000223812.1",165,150,100,112,161,118
"ENSG00000237653.2",1,0,2,2,12,14
"ENSG00000114279.9",12,10,2,15,15,8
"ENSG00000180611.6",10,5,8,11,6,5
"ENSG00000236229.1",4,4,4,11,10,3
"ENSG00000127252.4",26,18,3,5,14,5
"ENSG00000187527.6",17,17,12,26,40,9
"ENSG00000127249.10",18,7,13,26,39,12
"ENSG00000198836.4",2789,2637,2534,2904,2026,1338
"ENSG00000207370.1",13,10,8,11,7,3
"ENSG00000229155.1",14,13,27,30,12,6
"ENSG00000114315.3",601,509,1099,1374,810,623
"ENSG00000178772.6",12,4,1,15,22,4
"ENSG00000172061.7",8,12,3,12,6,4
"ENSG00000178732.4",9,13,3,22,22,8
"ENSG00000133657.10",3303,3142,3002,3486,2668,2129
"ENSG00000271483.1",14,12,4,7,7,11
"ENSG00000233058.1",57,32,29,59,23,26
"ENSG00000244675.2",11,12,12,21,18,21
"ENSG00000231770.1",45,52,43,55,73,40
"ENSG00000145014.13",543,489,348,420,359,338
"ENSG00000229334.1",27,28,12,32,14,21
"ENSG00000041802.6",712,552,632,809,709,454
"ENSG00000185112.4",41,27,31,78,106,54
"ENSG00000173950.11",392,379,446,546,545,431
"ENSG00000230266.1",12,1,11,1,28,21
"ENSG00000114331.8",2130,1926,2028,2436,1935,1108
"ENSG00000229325.1",16,18,14,15,12,12
"ENSG00000227433.1",2,13,8,10,7,2
"ENSG00000184203.3",763,707,641,787,627,286
"ENSG00000224769.1",6,5,10,16,19,4
"ENSG00000272792.1",23,40,24,26,26,30
"ENSG00000271662.1",40,34,42,41,50,58
"ENSG00000229178.1",41,39,21,32,26,29
"ENSG00000242086.4",1207,1116,1070,1115,1229,1228
"ENSG00000207650.1",74,51,48,82,76,94
"ENSG00000176945.12",24,14,23,33,33,22
"ENSG00000145113.17",1234,1067,101,225,218,106
"ENSG00000061938.12",1123,1067,774,1017,843,809
"ENSG00000224614.1",36,29,11,17,13,20
"ENSG00000231443.2",71,69,62,53,56,79
"ENSG00000260261.1",399,322,364,367,351,280
"ENSG00000185485.10",1087,984,971,1068,1058,979
"ENSG00000231464.1",8,9,14,10,11,17
"ENSG00000072274.8",32825,28992,23565,32789,24171,11789
"ENSG00000228413.1",18,6,6,18,7,15
"ENSG00000252174.1",29,33,16,18,27,29
"ENSG00000224652.1",89,82,107,95,79,65
"ENSG00000163958.9",108,82,49,44,35,28
"ENSG00000163959.5",42,26,49,68,45,54
"ENSG00000161217.7",1044,884,902,1239,1131,805
"ENSG00000213123.6",31,29,25,43,17,5
"ENSG00000235897.1",72,38,38,26,54,69
"ENSG00000145107.11",84,61,64,74,63,115
"ENSG00000163960.7",2601,2227,2456,2705,2412,1869
"ENSG00000241868.2",14,7,9,9,8,10
"ENSG00000243339.2",5,4,7,12,7,13
"ENSG00000226345.1",9,17,8,3,12,11
"ENSG00000225822.3",102,90,62,78,77,57
"ENSG00000163961.4",2553,2309,1859,2218,2145,1593
"ENSG00000214097.4",11,3,2,11,0,2
"ENSG00000185798.6",147,144,129,182,141,91
"ENSG00000174013.7",835,757,920,1053,872,446
"ENSG00000232065.1",10,17,11,6,10,4
"ENSG00000174004.5",195,165,265,368,187,160
"ENSG00000163964.9",396,390,288,351,262,107
"ENSG00000174007.7",69,64,42,66,51,32
"ENSG00000180370.6",2841,2497,2419,3162,2225,1357
"ENSG00000119231.6",2074,1834,1742,1932,1720,1396
"ENSG00000230732.3",68,32,34,26,46,49
"ENSG00000114503.6",1108,1015,998,1317,901,531
"ENSG00000225578.1",21,19,15,22,29,18
"ENSG00000270170.1",536,492,467,666,564,338
"ENSG00000119227.3",125,148,65,115,112,73
"ENSG00000163975.7",839,782,399,489,678,620
"ENSG00000228109.1",95,98,70,93,98,72
"ENSG00000075711.16",1624,1431,1279,1574,1490,1303
"ENSG00000161267.7",20,22,9,23,7,7
"ENSG00000214135.4",734,573,559,659,500,426
"ENSG00000249626.1",115,87,92,94,90,139
"ENSG00000273308.1",12,19,8,18,15,26
"ENSG00000145016.9",1462,1325,1277,1496,1460,1392
"ENSG00000122068.8",1764,1632,2006,2354,1842,1236
"ENSG00000186001.8",1553,1296,1487,1606,1414,1088
"ENSG00000234136.1",28,21,26,31,12,12
"ENSG00000234742.1",37,33,28,40,37,20
"ENSG00000114473.9",91,92,137,164,128,104
"ENSG00000182899.10",8461,9324,6789,8676,7013,1224
"ENSG00000185621.7",454,386,271,440,405,360
"ENSG00000226435.6",82,74,83,84,113,132
"ENSG00000236438.2",646,504,584,660,651,729
"ENSG00000248302.2",29,28,540,593,763,880
"ENSG00000197701.7",5014,4774,6693,8547,8061,3956
"ENSG00000207643.1",357,291,367,467,532,423
"ENSG00000256143.1",15,9,28,39,35,29
"ENSG00000250312.2",98,59,252,281,296,271
"ENSG00000211553.1",25,26,52,43,74,43
"ENSG00000250892.1",1,1,25,25,25,16
"ENSG00000198155.5",39,20,571,504,625,676
"ENSG00000252616.1",3,0,13,17,21,20
"ENSG00000251188.1",1,1,45,61,74,59
"ENSG00000251689.1",0,1,22,18,39,25
"ENSG00000186777.7",15,9,272,342,447,415
"ENSG00000131127.9",17,13,147,176,267,279
"ENSG00000248564.1",2,0,4,2,15,10
"ENSG00000251595.3",14,10,31,18,33,42
"ENSG00000182903.11",636,609,769,803,640,872
"ENSG00000252150.1",24,25,18,34,33,17
"ENSG00000174227.11",1758,1430,1095,1471,1273,1221
"ENSG00000133256.8",34,15,28,50,67,41
"ENSG00000169020.5",914,819,918,938,894,439
"ENSG00000215375.2",214,159,132,156,197,203
"ENSG00000169026.8",74,47,60,85,56,63
"ENSG00000185619.13",2591,2182,1814,2106,1869,1765
"ENSG00000248416.1",29,21,5,9,3,32
"ENSG00000272588.1",22,29,18,6,16,24
"ENSG00000249592.1",466,393,382,411,391,421
"ENSG00000233799.1",45,33,19,44,20,46
"ENSG00000168993.10",25,31,22,15,22,13
"ENSG00000178950.12",3275,2852,2448,2756,2584,2452
"ENSG00000127419.12",468,340,244,383,378,346
"ENSG00000145214.9",1273,1229,934,1100,947,949
"ENSG00000145217.9",580,458,317,407,461,394
"ENSG00000127415.8",601,568,302,425,373,376
"ENSG00000127418.10",885,777,685,896,671,557
"ENSG00000250259.1",12,3,10,11,12,5
"ENSG00000178222.8",11,18,10,26,16,9
"ENSG00000159674.7",169,152,80,97,78,59
"ENSG00000159692.11",3699,3244,2957,3729,3185,2621
"ENSG00000196810.4",304,224,287,380,464,323
"ENSG00000090316.11",1668,1441,1235,1567,1447,1033
"ENSG00000163945.11",1553,1281,1142,1269,1142,1377
"ENSG00000254094.1",34,22,30,11,22,24
"ENSG00000253399.1",18,7,7,3,17,15
"ENSG00000179979.7",221,181,200,253,244,206
"ENSG00000235608.1",3,1,7,14,11,5
"ENSG00000174137.8",184,148,120,194,100,87
"ENSG00000163950.8",1767,1794,1488,1722,1559,761
"ENSG00000270195.1",74,59,59,73,77,45
"ENSG00000168936.6",1311,1184,1230,1458,1285,957
"ENSG00000013810.14",3355,2880,2939,3241,2619,2688
"ENSG00000218422.2",271,231,176,166,126,124
"ENSG00000068078.13",3691,3154,1319,1645,2227,1730
"ENSG00000168924.10",2326,2095,2500,3285,3045,1982
"ENSG00000109685.13",8693,7496,7610,9217,7941,6455
"ENSG00000183504.1",22,7,11,9,6,10
"ENSG00000249784.1",20,20,18,16,26,16
"ENSG00000185049.8",2427,2105,1808,2156,1607,1195
"ENSG00000243449.2",441,426,299,465,400,162
"ENSG00000185818.7",659,579,428,588,470,379
"ENSG00000130997.12",27,32,43,58,65,47
"ENSG00000214367.3",482,409,454,572,435,345
"ENSG00000123933.10",1170,1059,963,1195,970,782
"ENSG00000159733.9",1207,1030,834,1089,666,654
"ENSG00000251148.1",15,14,13,19,14,14
"ENSG00000239247.2",19,11,11,7,9,7
"ENSG00000206113.3",5,15,7,11,8,10
"ENSG00000249428.1",14,9,4,10,17,7
"ENSG00000063978.11",1465,1265,1018,1366,1163,731
"ENSG00000251229.1",44,40,52,31,34,43
"ENSG00000248155.1",13,8,5,9,2,10
"ENSG00000125386.10",1837,1478,1515,1849,1553,1550
"ENSG00000168884.10",634,531,610,635,680,453
"ENSG00000087266.11",481,457,585,758,832,768
"ENSG00000087274.12",4106,3536,3296,4132,3454,2368
"ENSG00000109736.10",818,770,712,957,993,706
"ENSG00000249673.2",285,256,243,289,294,230
"ENSG00000087269.11",1479,1383,1622,2196,1944,1390
"ENSG00000125388.15",111,110,120,182,131,98
"ENSG00000197386.6",3479,3019,3072,3867,2847,1951
"ENSG00000188981.6",18,21,10,19,40,22
"ENSG00000159788.14",799,672,597,862,709,645
"ENSG00000109758.4",17,14,8,31,22,23
"ENSG00000175920.11",40,31,26,71,49,48
"ENSG00000261643.1",29,22,34,32,50,35
"ENSG00000163956.6",1355,1165,970,1336,1344,867
"ENSG00000250681.1",4,3,11,6,8,10
"ENSG00000184160.6",10,15,23,59,14,14
"ENSG00000251271.2",6,8,8,20,16,10
"ENSG00000251669.1",43,37,69,46,41,41
"ENSG00000163982.5",2,10,4,17,15,4
"ENSG00000132406.7",225,199,163,197,215,71
"ENSG00000145220.9",770,578,697,970,754,509
"ENSG00000168826.11",110,108,103,121,80,62
"ENSG00000168824.10",19,10,13,22,17,8
"ENSG00000168818.5",533,389,454,429,537,377
"ENSG00000248221.1",13,9,9,13,2,8
"ENSG00000237170.3",32,13,11,14,7,5
"ENSG00000247708.3",79,60,104,99,70,86
"ENSG00000163132.6",94,73,63,81,133,91
"ENSG00000152953.8",35,27,15,35,36,12
"ENSG00000173040.8",37,32,129,166,180,165
"ENSG00000072840.8",86,63,427,523,565,587
"ENSG00000072832.10",20,21,49,105,79,74
"ENSG00000181215.8",10,2,7,15,21,16
"ENSG00000152969.12",23,14,8,20,37,15
"ENSG00000109501.9",16,19,19,43,28,21
"ENSG00000074211.9",20,16,10,34,36,15
"ENSG00000013288.4",837,669,665,961,894,626
"ENSG00000179010.10",3254,2831,3225,4082,3254,1869
"ENSG00000251580.1",20,9,15,13,7,5
"ENSG00000170846.11",712,675,1029,1348,1402,990
"ENSG00000163993.6",13,28,10,13,24,15
"ENSG00000178988.10",684,595,774,1034,880,525
"ENSG00000186222.3",484,417,434,645,486,383
"ENSG00000170871.7",1237,1147,1189,1454,1328,1078
"ENSG00000132405.14",1895,1740,1419,1780,1614,1242
"ENSG00000187904.3",15,10,17,21,19,9
"ENSG00000202392.1",11,15,5,5,5,7
"ENSG00000245748.1",71,67,28,22,17,16
"ENSG00000173013.4",23,20,14,43,32,22
"ENSG00000173011.11",663,604,598,705,608,396
"ENSG00000109519.8",417,396,497,586,534,233
"ENSG00000245468.3",5,9,2,12,13,2
"ENSG00000184985.12",25,29,23,53,49,34
"ENSG00000178597.4",5,4,6,17,12,9
"ENSG00000272620.1",328,270,2882,3864,4181,3009
"ENSG00000196526.6",63,47,334,417,446,560
"ENSG00000163995.14",22,18,15,34,34,19
"ENSG00000125089.12",53,56,117,191,444,306
"ENSG00000170801.5",23,34,30,33,38,17
"ENSG00000087008.11",296,258,233,347,264,173
"ENSG00000155275.14",418,352,337,422,384,356
"ENSG00000251186.1",12,8,12,14,2,4
"ENSG00000205959.3",29,17,5,12,2,5
"ENSG00000109625.14",485,368,10,4,13,7
"ENSG00000215612.5",14,2,1,18,15,4
"ENSG00000248933.1",9,2,10,18,19,6
"ENSG00000219492.4",8,6,3,11,12,6
"ENSG00000251087.2",3,7,2,11,15,7
"ENSG00000109667.7",17,16,26,48,32,14
"ENSG00000169676.4",1,5,1,21,12,3
"ENSG00000261490.1",16,10,18,33,17,32
"ENSG00000071127.12",3663,3160,3446,4522,4590,2581
"ENSG00000223086.1",43,33,24,40,21,19
"ENSG00000251296.1",5,0,10,10,14,22
"ENSG00000248777.1",1,4,13,11,12,5
"ENSG00000250040.2",11,4,31,49,67,33
"ENSG00000250573.1",3,4,16,18,26,13
"ENSG00000250074.1",2,3,14,14,4,4
"ENSG00000250505.1",7,0,18,16,41,22
"ENSG00000251278.1",1,3,7,8,12,20
"ENSG00000251338.1",4,2,27,22,43,26
"ENSG00000250613.1",2,1,11,18,22,13
"ENSG00000178163.3",1311,1079,2893,3754,2994,1933
"ENSG00000109684.10",6,6,21,39,33,24
"ENSG00000250896.1",15,8,6,11,8,6
"ENSG00000002587.5",4,5,11,10,13,4
"ENSG00000205940.7",36,27,24,45,25,35
"ENSG00000157869.10",418,367,330,453,328,233
"ENSG00000109705.7",70,57,18,15,27,9
"ENSG00000038219.8",2101,1838,1942,2116,2010,1816
"ENSG00000137449.11",308,293,72,109,128,128
"ENSG00000249252.1",28,31,5,4,4,5
"ENSG00000163145.8",13,6,1,10,11,11
"ENSG00000048342.11",65,65,80,129,134,96
"ENSG00000118564.10",709,632,593,686,582,314
"ENSG00000237765.2",155,106,161,150,146,70
"ENSG00000109743.6",7,7,4,12,12,3
"ENSG00000004468.8",8,5,3,10,11,6
"ENSG00000007062.7",14,4,3,25,12,11
"ENSG00000169762.12",697,694,443,638,515,350
"ENSG00000249234.1",20,26,18,10,9,7
"ENSG00000263327.2",121,93,115,119,130,76
"ENSG00000169744.8",10,11,12,26,21,13
"ENSG00000151552.7",272,257,206,306,264,80
"ENSG00000002549.8",1107,972,976,1333,947,316
"ENSG00000118579.7",2184,2062,1820,2134,1798,1191
"ENSG00000047662.4",62,51,71,78,69,52
"ENSG00000163257.6",2395,1978,2436,2888,2483,1753
"ENSG00000109805.5",2534,2282,2194,2706,2203,1217
"ENSG00000178177.10",695,580,652,819,610,505
"ENSG00000235413.3",58,51,52,50,30,31
"ENSG00000145147.15",538,418,120,177,163,86
"ENSG00000163138.14",317,316,313,383,295,204
"ENSG00000185774.10",48,38,54,53,43,37
"ENSG00000152990.9",329,320,13,40,31,10
"ENSG00000249948.2",13,6,10,18,10,7
"ENSG00000248837.1",100,111,111,136,90,76
"ENSG00000249645.1",20,17,41,36,21,33
"ENSG00000251220.2",4,1,10,11,4,1
"ENSG00000250137.1",2,6,11,26,14,10
"ENSG00000109819.4",22,12,6,24,24,12
"ENSG00000249453.1",1,3,10,12,17,12
"ENSG00000109606.8",3952,3604,3747,4345,3583,2164
"ENSG00000207697.1",7,9,13,10,3,12
"ENSG00000243005.2",20,19,14,17,16,3
"ENSG00000261121.1",1,3,23,29,35,32
"ENSG00000109610.5",29,33,17,49,250,143
"ENSG00000181982.13",10,11,7,22,58,52
"ENSG00000153012.7",7,17,10,20,13,6
"ENSG00000109618.7",483,408,498,614,379,254
"ENSG00000038210.9",610,606,569,608,582,371
"ENSG00000168228.10",447,365,444,488,410,261
"ENSG00000053900.6",624,508,492,573,423,289
"ENSG00000157765.7",10,15,6,26,26,7
"ENSG00000091490.6",3072,2814,2115,2607,2249,1429
"ENSG00000250541.1",19,10,6,8,19,9
"ENSG00000250317.4",325,315,237,334,338,114
"ENSG00000168214.16",1408,1318,1223,1589,964,625
"ENSG00000163394.5",6,9,3,20,12,1
"ENSG00000109680.6",52,47,105,164,137,88
"ENSG00000109689.10",298,278,329,389,392,275
"ENSG00000248340.2",10,13,20,20,15,18
"ENSG00000169851.11",23,26,5,54,31,15
"ENSG00000251434.1",171,145,67,93,61,50
"ENSG00000251129.1",811,743,524,570,742,730
"ENSG00000250954.1",7,2,41,48,40,37
"ENSG00000250723.1",5,5,17,14,11,18
"ENSG00000248685.1",11,15,133,109,168,167
"ENSG00000047365.7",27,32,17,40,29,18
"ENSG00000197057.4",16,11,5,36,32,5
"ENSG00000261761.2",85,69,74,104,78,84
"ENSG00000174145.7",25,20,11,49,25,13
"ENSG00000154274.10",7,10,3,3,15,8
"ENSG00000181826.5",123,107,48,68,88,45
"ENSG00000169299.9",1051,947,914,1078,1051,417
"ENSG00000249863.2",38,36,38,52,36,15
"ENSG00000065882.11",1210,1102,851,1143,1118,673
"ENSG00000231160.5",71,64,21,43,27,19
"ENSG00000109787.8",1926,1538,1519,2087,1873,1137
"ENSG00000174123.6",5,12,3,19,4,7
"ENSG00000174125.3",13,11,8,25,40,10
"ENSG00000174130.8",38,21,38,68,100,74
"ENSG00000197712.7",564,439,668,772,831,534
"ENSG00000207944.1",15,21,8,21,14,9
"ENSG00000121895.7",50,42,36,44,21,9
"ENSG00000109790.12",514,461,465,577,416,285
"ENSG00000157796.13",412,391,438,589,435,386
"ENSG00000035928.10",2897,2485,2453,2870,2190,1598
"ENSG00000134962.6",36,40,40,76,49,35
"ENSG00000163682.11",14457,13917,12749,13938,10968,2737
"ENSG00000121897.9",301,330,306,369,288,131
"ENSG00000109814.7",518,527,536,703,590,304
"ENSG00000249348.1",26,19,34,49,61,38
"ENSG00000163683.7",94,84,82,120,106,74
"ENSG00000078140.9",1385,1324,1474,1599,1357,871
"ENSG00000252975.1",32,13,15,14,19,20
"ENSG00000249019.2",54,55,45,44,45,20
"ENSG00000243260.2",51,47,39,21,27,28
"ENSG00000180610.9",113,88,107,88,103,119
"ENSG00000121892.10",4630,4140,4223,5379,4086,3110
"ENSG00000271278.1",14,12,16,11,12,10
"ENSG00000250568.1",15,13,11,16,7,18
"ENSG00000231707.4",46,35,25,50,38,38
"ENSG00000205794.4",55,37,19,20,14,27
"ENSG00000078177.9",1025,958,1114,1403,919,711
"ENSG00000260296.1",8,2,16,8,5,16
"ENSG00000168421.8",172,167,204,247,39,33
"ENSG00000174343.5",3,4,5,15,11,5
"ENSG00000163694.10",639,555,356,400,353,211
"ENSG00000179299.12",12,9,6,9,17,6
"ENSG00000163697.12",31,34,11,60,24,10
"ENSG00000154277.8",9,10,5,4,10,6
"ENSG00000064042.13",32,24,24,45,30,22
"ENSG00000109133.8",1124,1037,864,1270,971,599
"ENSG00000182308.5",16,15,33,57,29,25
"ENSG00000014824.9",1374,1284,1316,1595,1379,833
"ENSG00000249212.1",34,16,24,47,30,48
"ENSG00000188848.11",7,9,6,14,11,9
"ENSG00000124406.12",26,15,23,65,29,21
"ENSG00000183783.6",11,10,0,13,21,9
"ENSG00000177752.10",12,7,5,11,8,3
"ENSG00000151806.9",971,788,690,836,689,412
"ENSG00000163281.7",217,195,194,206,184,154
"ENSG00000273369.1",11,5,3,18,7,6
"ENSG00000163285.7",10,8,18,25,18,12
"ENSG00000151834.11",85,94,5,25,11,9
"ENSG00000249936.2",19,17,15,30,20,5
"ENSG00000170516.12",3,1,54,81,11,3
"ENSG00000163288.9",2,4,5,12,16,0
"ENSG00000169019.9",103,97,83,72,102,17
"ENSG00000145246.9",19,23,38,84,75,41
"ENSG00000145244.7",30,21,12,37,47,9
"ENSG00000259959.1",99,103,76,75,69,40
"ENSG00000170448.7",763,652,623,756,460,367
"ENSG00000163293.7",8,6,4,16,31,18
"ENSG00000198515.9",2,11,2,7,12,7
"ENSG00000074966.6",13,9,21,26,39,23
"ENSG00000135605.8",660,535,627,640,573,503
"ENSG00000202014.1",12,11,8,5,7,14
"ENSG00000109171.10",1053,956,967,1006,898,718
"ENSG00000145248.6",224,161,262,313,164,112
"ENSG00000182223.7",42,42,62,87,52,60
"ENSG00000075539.9",2705,2389,2806,3348,2313,1989
"ENSG00000109180.10",1673,1478,1422,1912,1606,743
"ENSG00000109182.7",9,7,5,24,15,7
"ENSG00000249828.2",9,2,17,24,14,14
"ENSG00000266337.1",14,14,6,5,9,1
"ENSG00000249079.1",23,14,20,26,14,12
"ENSG00000250016.2",17,14,35,34,16,14
"ENSG00000237961.3",35,27,51,65,21,18
"ENSG00000268736.1",10,8,12,3,3,5
"ENSG00000251056.1",44,22,14,13,17,10
"ENSG00000251630.1",25,8,4,12,16,6
"ENSG00000250753.2",68,49,36,50,30,23
"ENSG00000109184.10",589,507,710,763,658,534
"ENSG00000250473.1",9,15,21,16,17,21
"ENSG00000188993.3",14,12,9,31,19,11
"ENSG00000163071.6",8,11,9,21,19,4
"ENSG00000109189.8",305,245,253,285,240,134
"ENSG00000248866.1",28,13,25,16,25,20
"ENSG00000226950.2",413,423,829,969,1120,587
"ENSG00000264585.1",12,8,6,10,3,8
"ENSG00000212588.1",21,24,43,28,30,41
"ENSG00000248375.1",5,7,16,9,7,10
"ENSG00000226887.3",11,7,39,54,61,55
"ENSG00000128045.5",12,10,22,26,14,10
"ENSG00000184178.11",314,277,477,628,494,326
"ENSG00000248115.1",10,17,18,18,21,28
"ENSG00000145216.11",985,725,1005,1247,1036,644
"ENSG00000072201.9",51,49,271,386,379,236
"ENSG00000250930.1",1,2,16,15,9,15
"ENSG00000173966.7",6,6,4,14,12,12
"ENSG00000109220.6",165,165,178,228,233,165
"ENSG00000134853.7",8,11,3,13,22,9
"ENSG00000157404.11",554,492,50,69,186,91
"ENSG00000128052.8",11,19,13,54,49,24
"ENSG00000128039.6",277,268,189,257,159,60
"ENSG00000249700.4",43,30,26,27,36,17
"ENSG00000134851.8",2563,2297,2142,2555,2025,1667
"ENSG00000203615.2",56,46,38,55,46,43
"ENSG00000239040.1",30,22,25,27,22,9
"ENSG00000134852.10",690,577,568,741,433,352
"ENSG00000223305.1",29,18,16,20,18,17
"ENSG00000163440.6",27,32,15,17,12,3
"ENSG00000109255.7",6707,6211,1859,2388,340,150
"ENSG00000090989.13",938,848,906,1066,720,569
"ENSG00000174799.6",474,415,700,725,599,611
"ENSG00000109265.8",15,20,25,51,37,19
"ENSG00000157426.9",382,355,464,565,396,226
"ENSG00000242083.2",6,5,5,16,12,6
"ENSG00000269921.1",20,15,21,21,14,13
"ENSG00000128059.4",1117,988,1221,1708,1137,510
"ENSG00000268171.1",6,7,11,13,7,2
"ENSG00000128050.4",5892,5256,6947,7655,5898,3145
"ENSG00000270109.1",6,12,12,2,4,13
"ENSG00000174780.11",2816,2762,3734,4439,3482,2219
"ENSG00000249693.2",19,24,16,25,47,26
"ENSG00000248590.2",3,4,11,20,16,3
"ENSG00000084093.11",1309,1172,1447,1630,1518,1106
"ENSG00000084092.6",935,842,827,1347,870,437
"ENSG00000047315.10",1775,1552,2617,3170,2621,1327
"ENSG00000150471.11",27,32,15,37,30,9
"ENSG00000205678.3",9,12,4,10,13,3
"ENSG00000145242.9",22,26,8,29,25,8
"ENSG00000243199.1",37,35,27,29,42,12
"ENSG00000249413.2",29,14,26,28,17,4
"ENSG00000250075.1",16,6,9,7,25,15
"ENSG00000145241.6",1577,1255,1494,1685,1462,1281
"ENSG00000035720.3",15,14,11,18,17,7
"ENSG00000033178.8",2288,2243,2552,2688,1998,1330
"ENSG00000270257.1",43,31,30,23,27,28
"ENSG00000248049.2",136,107,190,187,166,196
"ENSG00000250656.2",32,39,40,46,50,39
"ENSG00000270228.1",24,14,20,32,32,20
"ENSG00000109163.6",39,36,34,46,55,29
"ENSG00000232398.1",8,13,16,17,18,33
"ENSG00000153802.7",13,20,26,40,46,24
"ENSG00000187054.10",16,4,11,30,36,15
"ENSG00000198092.5",10,12,10,15,18,9
"ENSG00000083896.8",616,566,778,945,867,551
"ENSG00000171234.9",7,13,4,32,26,4
"ENSG00000213759.4",14,11,10,26,15,5
"ENSG00000135226.12",21,11,15,33,44,28
"ENSG00000251691.2",2,3,1,11,10,2
"ENSG00000215110.6",12,6,4,14,6,4
"ENSG00000249956.3",6,9,6,17,14,3
"ENSG00000156096.8",6,8,6,24,24,2
"ENSG00000187533.9",3,2,3,14,15,4
"ENSG00000109205.12",1,5,9,22,14,4
"ENSG00000171195.6",9,9,8,21,15,4
"ENSG00000132464.7",13,13,6,17,27,7
"ENSG00000132467.2",193,197,362,369,470,322
"ENSG00000018189.8",527,525,702,917,675,654
"ENSG00000132463.9",1536,1361,1634,2087,1741,1141
"ENSG00000173542.4",1692,1520,1769,2069,2127,1610
"ENSG00000156136.5",318,254,412,548,419,219
"ENSG00000080493.9",18,18,12,31,61,32
"ENSG00000145321.8",11,14,5,19,11,3
"ENSG00000056291.13",8,10,9,12,43,7
"ENSG00000156140.4",512,480,677,950,1036,628
"ENSG00000163626.12",446,348,342,496,319,182
"ENSG00000132466.13",4364,3936,5221,6479,5495,3911
"ENSG00000248641.1",24,26,19,17,30,54
"ENSG00000250220.1",23,18,19,31,25,20
"ENSG00000163631.12",7,12,11,17,10,9
"ENSG00000081051.3",9,7,1,17,13,5
"ENSG00000079557.3",4,7,3,16,16,4
"ENSG00000169435.9",10,4,8,19,14,6
"ENSG00000169429.6",59,52,16,22,24,7
"ENSG00000163739.4",13,10,4,20,5,10
"ENSG00000163734.4",69,66,59,100,83,64
"ENSG00000081041.8",49,42,50,75,90,46
"ENSG00000163738.14",227,173,241,350,304,257
"ENSG00000269559.1",8,22,11,24,18,15
"ENSG00000182585.5",13,4,6,16,8,11
"ENSG00000124882.3",47,43,18,36,13,6
"ENSG00000109321.6",8,10,8,28,28,11
"ENSG00000169116.7",4,5,2,13,16,2
"ENSG00000163743.9",174,178,334,415,409,163
"ENSG00000174796.8",221,214,233,291,292,249
"ENSG00000138769.6",8,3,8,25,21,7
"ENSG00000138757.10",2142,1968,2407,3144,2734,1143
"ENSG00000138768.10",1662,1482,2350,2678,2222,1271
"ENSG00000156194.13",14,10,3,32,14,11
"ENSG00000138744.10",66,49,62,96,73,30
"ENSG00000198301.7",288,246,431,547,460,307
"ENSG00000156219.12",21,13,10,29,27,14
"ENSG00000169248.8",9,5,26,49,35,30
"ENSG00000138750.10",950,838,928,946,809,451
"ENSG00000138760.4",619,541,449,616,305,183
"ENSG00000189157.9",10,6,6,13,2,5
"ENSG00000118804.7",7,5,27,22,15,7
"ENSG00000163749.13",18,20,15,24,28,15
"ENSG00000138771.10",43,33,25,61,80,50
"ENSG00000186212.2",10,9,14,34,16,9
"ENSG00000138758.7",1775,1640,2666,3181,2627,1749
"ENSG00000234036.3",11,10,6,16,15,12
"ENSG00000118816.5",3639,3332,4123,5320,4224,1980
"ENSG00000138764.9",165,146,206,217,194,158
"ENSG00000138767.8",676,673,1019,1212,1067,584
"ENSG00000169288.13",129,114,226,276,234,145
"ENSG00000138759.13",59,72,369,556,774,504
"ENSG00000249565.2",30,17,14,34,33,21
"ENSG00000138772.8",51,49,525,666,721,343
"ENSG00000251442.1",9,12,41,34,63,48
"ENSG00000260278.1",15,9,10,15,18,14
"ENSG00000138756.13",2230,1909,2710,3383,4320,3441
"ENSG00000266270.1",19,8,15,23,27,31
"ENSG00000163291.10",538,508,755,1055,888,573
"ENSG00000242175.2",38,21,41,51,69,50
"ENSG00000249307.1",484,439,210,238,321,290
"ENSG00000156269.4",1043,918,671,795,743,437
"ENSG00000196475.4",7,8,4,21,14,3
"ENSG00000163297.12",1284,1158,797,1042,1010,742
"ENSG00000152784.11",5,12,11,18,23,14
"ENSG00000138675.12",47,45,79,63,66,49
"ENSG00000197826.7",12,17,8,10,21,14
"ENSG00000138669.5",23,23,119,203,170,125
"ENSG00000138670.12",60,39,76,55,162,91
"ENSG00000138668.14",2341,1944,3050,3241,2764,3184
"ENSG00000272677.1",9,7,16,17,17,9
"ENSG00000152795.13",3225,2841,2533,3092,2737,1990
"ENSG00000145293.10",409,383,507,666,533,264
"ENSG00000249242.3",6,7,3,11,13,2
"ENSG00000145284.7",8,3,3,11,84,43
"ENSG00000138674.12",4814,4295,6416,7845,6265,3897
"ENSG00000251022.2",551,532,609,679,722,571
"ENSG00000168152.8",125,114,111,145,135,89
"ENSG00000189308.6",743,597,799,1003,913,608
"ENSG00000138663.4",441,421,551,645,495,172
"ENSG00000173085.9",111,89,112,162,187,58
"ENSG00000173083.10",9,14,22,43,107,41
"ENSG00000163312.6",151,137,238,279,278,203
"ENSG00000163319.6",253,215,311,405,337,136
"ENSG00000163322.9",585,545,637,826,664,351
"ENSG00000213608.5",15,9,21,36,19,22
"ENSG00000138678.6",268,231,188,280,159,98
"ENSG00000250546.1",77,50,155,184,171,170
"ENSG00000163623.5",10,9,2,10,10,7
"ENSG00000163624.5",18,13,14,18,18,15
"ENSG00000163625.11",886,786,1337,1674,1720,1350
"ENSG00000180769.4",85,93,86,149,136,152
"ENSG00000201901.1",12,6,9,19,11,6
"ENSG00000138639.13",111,111,235,373,240,173
"ENSG00000109339.14",13,13,16,49,23,15
"ENSG00000163629.8",25,23,17,44,50,17
"ENSG00000145283.7",17,2,9,13,15,2
"ENSG00000163633.6",119,83,148,179,161,133
"ENSG00000251411.1",10,8,9,19,24,20
"ENSG00000172493.16",2356,2038,3947,4900,4606,3979
"ENSG00000235043.2",23,10,16,37,30,40
"ENSG00000145332.9",505,486,684,845,685,450
"ENSG00000248196.1",6,6,13,7,17,8
"ENSG00000248180.1",33,28,19,30,23,25
"ENSG00000170509.7",5,3,10,24,17,15
"ENSG00000198189.6",696,690,753,959,893,344
"ENSG00000170502.8",203,186,273,370,251,147
"ENSG00000152583.8",9,10,18,31,34,37
"ENSG00000249001.1",1,1,5,8,27,19
"ENSG00000152591.8",69,41,37,114,97,47
"ENSG00000152592.9",10,10,11,19,24,16
"ENSG00000183199.6",53,59,52,71,81,32
"ENSG00000118762.3",40,52,34,41,121,92
"ENSG00000118777.6",24,25,2,34,9,8
"ENSG00000163644.10",286,216,276,351,230,189
"ENSG00000138642.10",14,12,21,38,30,15
"ENSG00000138646.4",13,14,8,18,31,11
"ENSG00000138641.11",499,478,409,482,427,306
"ENSG00000177432.6",17,19,76,61,95,88
"ENSG00000248019.2",75,52,95,80,101,76
"ENSG00000138640.10",1572,1242,2170,2691,1743,1584
"ENSG00000271359.1",17,27,38,54,42,26
"ENSG00000180346.2",72,57,87,136,132,87
"ENSG00000185477.4",20,4,10,24,20,7
"ENSG00000251095.2",6,3,137,154,220,192
"ENSG00000145335.11",141,108,173,208,320,215
"ENSG00000138722.5",14,7,12,24,39,16
"ENSG00000184305.10",20,17,13,32,23,12
"ENSG00000187653.10",23,21,31,40,38,17
"ENSG00000248817.1",32,25,0,2,0,1
"ENSG00000152208.7",15,13,6,45,18,11
"ENSG00000172238.3",3,8,4,13,12,4
"ENSG00000163104.13",584,585,879,973,888,573
"ENSG00000163110.10",1136,1005,1585,2134,2284,1430
"ENSG00000138696.6",11,10,12,12,13,7
"ENSG00000182168.10",16,22,131,225,95,64
"ENSG00000248510.2",23,14,0,4,2,0
"ENSG00000163116.5",7,12,12,13,13,2
"ENSG00000138698.10",447,436,837,1117,821,393
"ENSG00000168785.3",71,66,268,323,687,354
"ENSG00000151247.8",1171,984,1178,1405,1067,598
"ENSG00000164024.7",1305,1156,1364,1751,1262,623
"ENSG00000250496.2",21,10,17,8,13,4
"ENSG00000197894.6",2035,1911,2666,3287,2421,856
"ENSG00000246090.2",33,22,27,40,52,60
"ENSG00000172955.13",6,13,7,28,29,11
"ENSG00000187758.3",10,7,0,15,11,8
"ENSG00000196616.8",14,7,7,21,20,8
"ENSG00000248144.1",12,8,5,9,21,3
"ENSG00000138813.5",5,1,1,13,11,7
"ENSG00000145331.9",66,57,85,134,109,55
"ENSG00000138823.8",18,12,11,36,27,10
"ENSG00000248713.1",11,20,135,172,118,31
"ENSG00000070190.8",138,155,230,303,318,232
"ENSG00000109270.8",336,276,551,598,519,254
"ENSG00000164031.12",351,312,470,565,473,419
"ENSG00000164032.7",2515,2385,3329,4013,3762,1185
"ENSG00000245322.2",10,10,9,14,11,5
"ENSG00000164035.5",4,3,10,23,15,4
"ENSG00000138814.12",362,328,918,1019,837,555
"ENSG00000254531.1",28,26,46,64,37,16
"ENSG00000153064.7",17,12,25,51,43,25
"ENSG00000138821.8",518,501,608,821,702,298
"ENSG00000248161.1",5,10,5,17,10,1
"ENSG00000260651.1",14,8,10,4,11,8
"ENSG00000109320.7",319,295,395,505,452,259
"ENSG00000109323.4",565,460,623,885,631,375
"ENSG00000230069.3",39,68,59,68,78,72
"ENSG00000248971.2",78,47,97,88,63,90
"ENSG00000251288.2",3,13,27,19,31,19
"ENSG00000109332.15",3511,3220,3958,5018,4459,2175
"ENSG00000246560.2",23,17,36,54,34,27
"ENSG00000145354.5",354,385,396,541,525,148
"ENSG00000164037.12",20,26,30,37,45,36
"ENSG00000164038.10",153,102,190,264,162,152
"ENSG00000164039.10",67,56,91,132,62,27
"ENSG00000138778.7",2099,1779,2919,3050,2328,2191
"ENSG00000248740.1",53,51,65,70,77,59
"ENSG00000169836.4",6,4,5,10,18,6
"ENSG00000168772.9",5,4,7,14,19,0
"ENSG00000251259.1",4,6,7,22,17,11
"ENSG00000168769.8",957,827,1657,1998,1802,1356
"ENSG00000251586.1",10,12,21,22,23,25
"ENSG00000138777.15",617,580,935,1317,908,406
"ENSG00000249264.1",77,88,54,102,97,37
"ENSG00000236699.4",23,21,17,41,32,29
"ENSG00000138785.10",214,214,249,320,264,159
"ENSG00000138780.10",418,327,570,595,482,288
"ENSG00000251175.1",12,4,5,5,13,12
"ENSG00000145348.12",543,436,731,756,689,511
"ENSG00000164022.12",512,461,703,773,713,368
"ENSG00000138801.4",1059,893,1399,1718,1203,396
"ENSG00000164023.10",2,3,4,10,15,7
"ENSG00000155016.13",19,12,18,23,26,16
"ENSG00000138796.11",582,579,885,1098,841,322
"ENSG00000138795.5",220,222,147,212,126,101
"ENSG00000232021.2",9,7,13,21,24,14
"ENSG00000234492.4",6,3,16,11,30,22
"ENSG00000109475.12",6271,5866,7390,7651,5791,1565
"ENSG00000198856.8",994,906,1176,1481,1339,346
"ENSG00000164089.4",9,4,9,16,16,7
"ENSG00000188517.10",19,22,15,47,58,33
"ENSG00000247950.2",18,14,9,20,25,11
"ENSG00000138802.7",1044,871,1379,1607,1192,837
"ENSG00000005059.11",68,51,356,405,298,153
"ENSG00000138794.5",212,253,335,397,311,112
"ENSG00000273447.1",20,15,10,25,23,9
"ENSG00000123739.6",974,948,1493,1861,1487,673
"ENSG00000205403.8",10,11,10,20,19,6
"ENSG00000109534.12",105,112,183,207,177,154
"ENSG00000180245.4",4,4,7,12,12,4
"ENSG00000183423.7",16,12,12,25,24,15
"ENSG00000138798.7",48,44,204,275,248,173
"ENSG00000170522.5",1478,1294,1385,1784,2145,1319
"ENSG00000248200.2",16,23,20,14,32,34
"ENSG00000138792.5",13,13,25,39,58,22
"ENSG00000251046.2",6,7,7,10,27,29
"ENSG00000164093.11",8,16,8,22,19,9
"ENSG00000174749.5",122,107,240,386,324,190
"ENSG00000260526.1",18,8,13,20,23,8
"ENSG00000138660.7",95,85,147,204,132,88
"ENSG00000145365.10",123,127,105,103,136,49
"ENSG00000073331.13",123,120,68,95,115,99
"ENSG00000251441.2",31,30,18,27,12,15
"ENSG00000138658.11",865,692,913,1016,770,712
"ENSG00000174720.11",361,318,400,490,420,314
"ENSG00000241741.1",25,14,15,16,14,5
"ENSG00000145362.12",49,46,38,92,93,49
"ENSG00000196656.6",9,20,10,18,18,0
"ENSG00000145349.12",33,27,11,25,12,7
"ENSG00000180801.11",6,4,1,28,15,7
"ENSG00000174607.6",71,82,156,222,215,126
"ENSG00000138653.5",11,7,11,21,16,10
"ENSG00000164100.7",8,8,14,18,22,12
"ENSG00000269893.2",1047,1106,1101,1757,1219,383
"ENSG00000164099.3",41,24,33,47,49,27
"ENSG00000154608.9",26,28,36,53,41,12
"ENSG00000260404.2",276,236,350,337,375,447
"ENSG00000225892.3",51,42,82,65,92,134
"ENSG00000248213.2",14,23,19,16,21,40
"ENSG00000145388.10",350,291,451,470,399,343
"ENSG00000150961.10",919,833,1986,2427,1866,1124
"ENSG00000172403.6",45,21,33,82,71,23
"ENSG00000145390.7",208,239,336,419,368,249
"ENSG00000164096.10",747,675,688,1045,899,362
"ENSG00000260091.1",13,16,13,22,28,21
"ENSG00000248280.1",19,13,15,13,24,29
"ENSG00000245958.2",316,245,440,451,389,390
"ENSG00000250950.1",27,18,12,15,19,8
"ENSG00000138735.11",113,79,127,152,194,154
"ENSG00000164109.9",992,1049,1148,1399,1022,261
"ENSG00000173376.9",4,3,5,12,13,4
"ENSG00000050730.11",9,5,6,14,17,4
"ENSG00000164111.10",469,409,1152,1717,1558,646
"ENSG00000123737.8",649,588,718,773,671,328
"ENSG00000145386.5",3368,3165,3249,3887,2917,1422
"ENSG00000138686.5",305,246,461,502,387,250
"ENSG00000138741.6",11,25,70,102,168,146
"ENSG00000138688.11",2388,2105,3381,4011,3498,3052
"ENSG00000164113.6",7,14,7,14,11,1
"ENSG00000181004.5",53,42,57,62,33,20
"ENSG00000138685.8",211,163,21,44,12,8
"ENSG00000273007.1",16,9,5,12,1,5
"ENSG00000170917.9",103,75,85,107,71,48
"ENSG00000145375.7",1096,958,852,1037,805,549
"ENSG00000164056.6",12,13,49,85,51,25
"ENSG00000249464.1",2,5,508,545,468,407
"ENSG00000226655.1",0,0,21,12,26,21
"ENSG00000228489.1",0,0,10,4,10,6
"ENSG00000151458.7",453,424,594,683,500,347
"ENSG00000196159.7",64,58,37,107,87,36
"ENSG00000223620.3",183,184,74,72,77,74
"ENSG00000248491.1",1,2,19,18,3,1
"ENSG00000164066.8",416,317,552,587,411,337
"ENSG00000151475.4",7,6,0,16,11,9
"ENSG00000164070.7",475,401,1101,1240,885,563
"ENSG00000261668.1",14,23,17,15,18,13
"ENSG00000142731.6",909,773,951,1116,934,668
"ENSG00000164073.5",262,213,270,308,249,187
"ENSG00000164074.10",456,398,597,732,590,407
"ENSG00000138709.13",811,713,1018,1221,957,750
"ENSG00000241651.3",26,22,23,18,17,7
"ENSG00000248394.1",19,8,19,27,19,24
"ENSG00000164040.12",434,397,562,742,739,451
"ENSG00000251432.2",72,48,66,69,78,81
"ENSG00000077684.11",1457,1310,1442,1684,1542,1017
"ENSG00000151466.7",531,404,747,888,733,542
"ENSG00000151470.8",239,234,224,230,201,156
"ENSG00000250102.1",57,21,147,193,130,109
"ENSG00000249416.2",3,1,11,17,7,7
"ENSG00000251676.1",4,0,88,73,57,66
"ENSG00000138650.7",65,47,340,487,172,112
"ENSG00000251388.1",1,9,9,19,17,10
"ENSG00000254535.2",37,29,138,142,132,76
"ENSG00000251199.1",25,29,150,156,123,148
"ENSG00000248191.1",64,61,340,300,289,315
"ENSG00000250144.1",46,44,27,38,48,10
"ENSG00000248869.1",10,13,12,8,3,2
"ENSG00000189184.7",8,14,21,35,18,5
"ENSG00000250033.1",120,94,125,141,132,187
"ENSG00000151012.9",813,741,1130,1481,1352,1167
"ENSG00000250501.2",29,34,150,192,202,99
"ENSG00000151014.4",196,148,291,323,311,189
"ENSG00000109381.15",1089,911,1192,1463,1105,801
"ENSG00000240723.2",12,12,15,5,7,6
"ENSG00000179967.11",98,112,112,118,62,97
"ENSG00000109390.7",492,412,406,592,593,190
"ENSG00000164134.8",2062,1794,2907,3153,2475,1739
"ENSG00000273247.1",116,76,141,172,151,145
"ENSG00000248863.2",5,7,21,11,14,31
"ENSG00000172007.5",93,77,116,166,99,63
"ENSG00000145391.9",20,16,8,28,22,20
"ENSG00000085871.4",162,123,136,156,254,80
"ENSG00000196782.8",38,47,35,43,35,49
"ENSG00000153130.13",281,254,329,335,258,177
"ENSG00000196951.6",33,25,24,45,27,20
"ENSG00000241923.2",14,12,7,14,18,12
"ENSG00000153132.8",13,11,16,26,42,14
"ENSG00000179387.5",258,198,223,300,233,148
"ENSG00000109436.7",24,23,6,40,37,14
"ENSG00000170153.6",5,10,0,12,17,5
"ENSG00000109445.6",722,625,930,1203,919,424
"ENSG00000248810.1",33,25,248,294,320,327
"ENSG00000250189.2",1,0,2,22,10,4
"ENSG00000164136.12",4,6,7,10,16,7
"ENSG00000109452.8",17,24,8,30,20,8
"ENSG00000250326.1",1,1,15,5,8,14
"ENSG00000170185.5",455,432,665,954,737,444
"ENSG00000178972.3",117,60,71,80,52,45
"ENSG00000109458.4",488,417,432,584,585,497
"ENSG00000265623.1",17,9,8,14,9,3
"ENSG00000228981.3",67,57,49,58,39,47
"ENSG00000243175.1",33,31,35,27,31,50
"ENSG00000153147.5",2218,1893,2692,3217,2633,1564
"ENSG00000245112.2",12,13,16,16,18,8
"ENSG00000183090.5",41,18,14,47,24,13
"ENSG00000197465.9",343,305,89,135,116,87
"ENSG00000249741.2",7,5,23,13,28,21
"ENSG00000250361.2",94,83,14,20,27,12
"ENSG00000170180.15",719,694,131,196,211,130
"ENSG00000164161.5",6,12,18,32,13,8
"ENSG00000164162.8",218,199,279,271,236,162
"ENSG00000222594.1",9,9,5,13,25,10
"ENSG00000164163.6",1272,1215,1683,2238,1684,772
"ENSG00000164164.11",899,904,1257,1594,1256,873
"ENSG00000170365.5",7,8,5,15,14,3
"ENSG00000151611.9",25,24,40,56,40,24
"ENSG00000151612.11",26,26,117,246,71,21
"ENSG00000164167.5",251,198,312,380,342,145
"ENSG00000120519.10",150,139,280,364,297,188
"ENSG00000164168.3",296,312,483,504,509,279
"ENSG00000164169.8",261,218,292,295,295,209
"ENSG00000071205.7",24,27,403,569,487,355
"ENSG00000270387.1",2,0,14,15,4,12
"ENSG00000151623.10",23,18,27,47,46,23
"ENSG00000170390.10",14,18,10,34,35,19
"ENSG00000198589.6",4451,4010,8315,9860,7171,5050
"ENSG00000248521.1",14,10,16,10,22,21
"ENSG00000249690.1",56,36,79,101,67,72
"ENSG00000181541.4",81,77,103,104,126,120
"ENSG00000252451.1",6,2,12,22,1,12
"ENSG00000145425.5",10276,9827,12910,13431,10399,3431
"ENSG00000201264.1",6,9,1,10,15,0
"ENSG00000109686.12",21,14,22,47,45,17
"ENSG00000164142.11",24,16,8,30,40,16
"ENSG00000059691.7",368,302,420,489,475,282
"ENSG00000109670.9",547,504,1012,1165,1067,866
"ENSG00000268471.3",93,87,121,139,104,102
"ENSG00000170006.7",12,4,17,24,53,39
"ENSG00000169989.2",13,8,11,28,26,18
"ENSG00000164144.10",214,182,315,335,363,167
"ENSG00000250980.1",11,4,10,8,12,8
"ENSG00000137460.4",90,101,83,111,234,190
"ENSG00000109654.10",53,26,62,101,138,90
"ENSG00000121211.3",270,247,270,348,279,243
"ENSG00000121210.11",616,587,780,1041,717,536
"ENSG00000137462.6",6,12,9,17,11,6
"ENSG00000145423.4",6,5,0,16,17,11
"ENSG00000197410.8",588,575,76,147,114,55
"ENSG00000171566.7",640,585,985,1159,872,335
"ENSG00000171564.7",4,7,8,11,14,5
"ENSG00000171560.10",14,8,3,21,15,10
"ENSG00000171557.12",8,10,7,12,16,5
"ENSG00000151962.3",2,4,6,18,19,4
"ENSG00000164116.12",16,4,7,11,12,7
"ENSG00000061918.8",15,7,9,28,13,10
"ENSG00000151790.4",6,1,2,16,15,5
"ENSG00000256043.2",1,11,1,11,14,3
"ENSG00000120251.14",11,16,8,31,28,12
"ENSG00000164125.11",7,2,12,12,14,12
"ENSG00000164124.6",123,101,48,69,49,31
"ENSG00000171509.11",15,10,12,20,15,9
"ENSG00000205208.4",156,153,209,251,200,100
"ENSG00000171503.7",138,131,239,281,236,133
"ENSG00000171497.4",330,283,388,554,474,223
"ENSG00000052795.8",500,508,738,974,761,588
"ENSG00000109756.4",1855,1673,1778,2026,1330,1240
"ENSG00000168843.9",34,25,27,70,41,30
"ENSG00000248431.1",2,0,13,12,11,13
"ENSG00000250027.1",14,8,14,22,16,29
"ENSG00000145414.4",558,491,517,601,599,345
"ENSG00000151005.3",8,4,6,11,13,5
"ENSG00000198498.5",363,267,364,424,383,249
"ENSG00000145416.9",143,136,164,221,215,160
"ENSG00000273449.1",22,15,32,38,22,29
"ENSG00000183439.5",0,0,14,11,27,10
"ENSG00000250486.2",5,2,13,9,7,11
"ENSG00000248632.1",5,2,12,10,24,9
"ENSG00000170088.9",204,156,213,248,239,184
"ENSG00000109466.9",283,212,242,358,317,199
"ENSG00000229894.2",16,9,15,22,13,15
"ENSG00000052802.8",1954,1863,1466,1985,1393,703
"ENSG00000109472.9",11,6,7,7,11,6
"ENSG00000038295.3",28,11,16,31,25,11
"ENSG00000196104.6",12,3,5,6,16,5
"ENSG00000137628.12",26,17,23,37,60,24
"ENSG00000181381.9",30,35,203,226,185,159
"ENSG00000129116.13",50,47,47,76,56,31
"ENSG00000145439.7",409,316,449,502,409,243
"ENSG00000154447.10",16,11,25,41,27,11
"ENSG00000137601.11",627,533,783,937,811,522
"ENSG00000109572.9",2081,1882,2342,3167,2682,1311
"ENSG00000056050.6",167,130,176,189,133,85
"ENSG00000198948.7",10,10,6,20,22,18
"ENSG00000109576.9",8,9,3,10,11,3
"ENSG00000174473.11",31,29,13,30,9,10
"ENSG00000245213.2",166,152,146,199,147,153
"ENSG00000109586.7",536,460,509,618,545,276
"ENSG00000248774.1",6,22,14,7,11,2
"ENSG00000164104.7",7138,6269,6952,7962,6432,4060
"ENSG00000272870.1",61,63,110,82,85,68
"ENSG00000164105.3",455,382,640,762,706,507
"ENSG00000164106.3",23,20,44,44,26,25
"ENSG00000164107.7",10,10,8,16,6,12
"ENSG00000164117.8",280,274,308,335,286,139
"ENSG00000164118.8",1006,872,853,1005,772,537
"ENSG00000164120.9",76,89,39,75,98,35
"ENSG00000145451.8",9,10,5,20,26,10
"ENSG00000168594.11",13,7,4,21,21,4
"ENSG00000150625.12",10,7,4,19,13,5
"ENSG00000150627.11",15,14,22,43,30,12
"ENSG00000129128.8",1844,1675,2078,2605,1909,1165
"ENSG00000150630.2",11,2,8,14,13,6
"ENSG00000109674.3",329,286,332,385,339,184
"ENSG00000249084.1",11,14,13,7,14,17
"ENSG00000038002.4",65,58,46,97,110,45
"ENSG00000250131.1",3,4,10,3,10,5
"ENSG00000218336.3",35,29,30,60,65,19
"ENSG00000129187.10",787,717,1054,1425,1133,474
"ENSG00000251359.3",6,19,41,40,29,27
"ENSG00000151718.11",313,254,2163,2761,2341,1952
"ENSG00000168564.5",317,283,396,475,416,295
"ENSG00000232648.3",23,26,16,16,20,9
"ENSG00000168556.5",163,112,163,232,225,149
"ENSG00000182552.10",147,181,210,215,199,103
"ENSG00000168538.11",965,912,1153,1374,1099,618
"ENSG00000173320.5",8,10,9,36,16,8
"ENSG00000164303.6",11,6,16,25,27,10
"ENSG00000168310.6",307,266,423,541,378,247
"ENSG00000270426.1",10,9,19,11,28,6
"ENSG00000271646.1",28,13,21,42,38,34
"ENSG00000164305.13",350,302,397,508,420,176
"ENSG00000164306.6",179,182,218,257,227,190
"ENSG00000151725.7",851,776,699,777,731,639
"ENSG00000151726.9",291,290,766,818,1100,686
"ENSG00000251139.1",2,5,7,4,16,15
"ENSG00000251230.1",14,12,42,55,43,22
"ENSG00000151729.6",322,345,388,478,402,162
"ENSG00000164323.8",1158,1079,1427,1827,1259,804
"ENSG00000109762.11",421,449,543,767,495,428
"ENSG00000109771.11",64,51,88,145,101,137
"ENSG00000250410.1",9,4,14,19,16,15
"ENSG00000186352.4",219,215,229,261,228,145
"ENSG00000109775.6",418,324,356,434,311,172
"ENSG00000205129.4",27,16,14,28,24,16
"ENSG00000168491.5",14,10,7,13,4,6
"ENSG00000154553.9",7,9,6,34,29,6
"ENSG00000154556.13",21,26,25,48,46,23
"ENSG00000164342.8",4,9,6,13,19,9
"ENSG00000109794.9",18,16,13,30,30,10
"ENSG00000269302.1",13,7,10,10,15,9
"ENSG00000145476.11",70,70,93,139,142,84
"ENSG00000164344.11",6,12,5,22,8,7
"ENSG00000088926.9",10,12,4,13,25,9
"ENSG00000251165.1",13,15,84,96,61,51
"ENSG00000083857.9",712,641,3103,4562,4579,2404
"ENSG00000250829.2",54,57,78,96,69,84
"ENSG00000272218.1",7,14,20,8,14,9
"ENSG00000250658.1",1,3,18,16,26,36
"ENSG00000250620.1",5,2,14,12,2,4
"ENSG00000251643.1",2,4,25,29,15,23
"ENSG00000179059.5",9,9,462,546,664,349
"ENSG00000179046.4",11,10,38,45,119,113
"ENSG00000184108.3",6,4,19,22,18,37
"ENSG00000248370.1",0,0,175,180,173,91
"ENSG00000180015.11",14,9,8,14,12,9
"ENSG00000245685.2",4,9,12,18,22,16
"ENSG00000109536.7",589,573,854,981,923,630
"ENSG00000153404.9",23,16,22,45,45,19
"ENSG00000164366.3",406,385,334,366,401,193
"ENSG00000260774.1",61,43,36,34,45,40
"ENSG00000073578.12",5666,4849,4663,5784,5114,2170
"ENSG00000248925.1",9,12,10,12,9,14
"ENSG00000249915.3",1866,1777,1463,1756,1736,892
"ENSG00000250848.1",61,46,39,40,53,53
"ENSG00000063438.12",132,118,83,134,187,125
"ENSG00000250645.1",23,16,10,20,13,32
"ENSG00000221990.2",72,58,44,85,65,49
"ENSG00000180104.11",1250,1153,1114,1342,1163,1053
"ENSG00000188242.4",394,376,375,431,380,313
"ENSG00000225138.3",206,150,246,307,507,411
"ENSG00000066230.6",47,32,53,52,63,75
"ENSG00000112877.6",1033,894,969,1162,1015,1142
"ENSG00000171368.10",289,227,189,250,239,289
"ENSG00000268885.1",220,143,182,216,236,292
"ENSG00000271781.1",20,15,15,20,52,46
"ENSG00000188818.8",75,43,20,70,92,60
"ENSG00000206077.6",15,19,4,26,39,24
"ENSG00000028310.13",1594,1373,1271,1524,1546,1430
"ENSG00000071539.9",1226,1091,971,1280,1053,535
"ENSG00000215246.4",5,2,1,0,12,14
"ENSG00000145506.9",11,17,13,23,31,15
"ENSG00000113504.15",1903,1715,198,215,770,534
"ENSG00000174358.11",397,314,520,742,1055,719
"ENSG00000164363.8",20,18,10,31,14,6
"ENSG00000164362.14",178,156,104,132,78,53
"ENSG00000049656.9",1655,1431,1179,1585,1586,976
"ENSG00000250584.2",0,0,10,12,7,2
"ENSG00000142319.14",17,14,7,27,18,6
"ENSG00000153395.5",1037,886,1002,1168,1089,772
"ENSG00000185986.10",195,156,188,179,230,215
"ENSG00000271119.1",55,41,44,37,56,44
"ENSG00000248126.1",16,13,12,25,19,14
"ENSG00000188002.6",478,413,392,485,383,299
"ENSG00000232615.4",25,22,26,18,15,19
"ENSG00000171421.8",346,285,250,349,293,140
"ENSG00000145494.7",1750,1710,1297,1994,1661,383
"ENSG00000113430.5",15,4,15,27,98,96
"ENSG00000170561.8",8,11,5,13,13,4
"ENSG00000248118.1",1,4,71,87,83,37
"ENSG00000145536.11",41,18,23,48,46,16
"ENSG00000164151.7",1810,1712,1667,2258,1882,1376
"ENSG00000133398.3",507,411,435,583,604,319
"ENSG00000037474.10",2253,2162,1926,2366,2372,1553
"ENSG00000145545.7",307,271,220,307,274,138
"ENSG00000272520.1",29,27,15,11,34,27
"ENSG00000112941.8",1521,1192,1107,1398,1285,1043
"ENSG00000200243.1",24,41,35,54,66,28
"ENSG00000078295.11",13,16,14,49,35,15
"ENSG00000124275.10",657,672,613,840,710,525
"ENSG00000124279.7",154,173,168,187,156,100
"ENSG00000247516.3",118,76,85,143,111,58
"ENSG00000112902.7",22,19,8,45,19,20
"ENSG00000150756.9",336,264,219,298,228,190
"ENSG00000248968.1",31,18,15,13,12,4
"ENSG00000150753.7",6561,6161,5776,7635,6040,2028
"ENSG00000271980.1",6,4,12,10,7,10
"ENSG00000164237.4",3454,3276,3937,5347,3942,1775
"ENSG00000259802.1",41,67,49,47,49,36
"ENSG00000145495.10",7818,7049,5301,7419,6571,4255
"ENSG00000145491.7",22,20,7,20,13,8
"ENSG00000164236.7",20,21,28,41,44,49
"ENSG00000272016.1",7,7,11,10,16,11
"ENSG00000112977.11",2415,2107,3827,4772,4242,2344
"ENSG00000169862.14",19,22,22,28,30,16
"ENSG00000248783.1",81,51,65,79,40,43
"ENSG00000248131.1",181,219,161,137,99,104
"ENSG00000251112.2",16,14,14,21,8,21
"ENSG00000249053.1",44,41,36,32,30,30
"ENSG00000039139.9",77,71,36,167,123,45
"ENSG00000038382.13",1274,983,435,640,813,708
"ENSG00000145569.5",8,8,9,11,18,9
"ENSG00000250182.2",175,123,136,154,167,63
"ENSG00000261360.1",14,7,6,11,22,13
"ENSG00000154124.4",1252,1179,943,1087,963,738
"ENSG00000154122.8",657,559,326,397,345,247
"ENSG00000249485.1",21,19,14,13,14,9
"ENSG00000183580.8",9,9,10,11,17,11
"ENSG00000183654.8",8,5,4,12,10,4
"ENSG00000173545.4",698,626,682,983,836,404
"ENSG00000154153.9",11,10,25,18,24,5
"ENSG00000145555.10",43,40,26,69,40,21
"ENSG00000248693.1",11,8,40,30,20,19
"ENSG00000249191.1",8,2,16,12,12,12
"ENSG00000249927.1",5,3,24,13,2,15
"ENSG00000249285.1",10,6,24,30,6,10
"ENSG00000249174.1",120,98,269,342,209,219
"ENSG00000251487.1",60,47,124,157,80,140
"ENSG00000242654.1",29,27,53,62,30,25
"ENSG00000249557.2",11,12,34,58,34,41
"ENSG00000145526.7",86,79,143,237,76,41
"ENSG00000214132.4",16,6,13,52,5,4
"ENSG00000251629.2",63,66,41,68,34,26
"ENSG00000248308.1",10,11,8,10,6,8
"ENSG00000249359.2",4,7,10,11,13,5
"ENSG00000183666.12",495,375,662,775,561,612
"ENSG00000233974.3",453,319,546,564,505,626
"ENSG00000203563.1",4,7,13,14,7,10
"ENSG00000154162.9",58,53,30,25,50,25
"ENSG00000213430.5",28,16,21,19,17,13
"ENSG00000164256.5",206,165,18,45,28,14
"ENSG00000251273.1",0,4,35,24,21,28
"ENSG00000245662.2",2,9,43,38,40,48
"ENSG00000251593.1",21,13,12,25,25,6
"ENSG00000113100.5",11,12,1,12,13,4
"ENSG00000250337.1",234,211,417,469,378,504
"ENSG00000250453.1",9,17,14,15,7,26
"ENSG00000270495.1",59,72,67,88,77,63
"ENSG00000271035.1",69,56,102,104,101,91
"ENSG00000162685.5",175,156,154,181,191,425
"ENSG00000249226.1",120,79,118,156,178,168
"ENSG00000248687.2",15,3,16,17,14,36
"ENSG00000270430.1",7,12,19,25,31,37
"ENSG00000259786.2",85,67,135,145,172,196
"ENSG00000113361.8",19,11,9,22,19,5
"ENSG00000113360.12",2262,2027,1780,2404,2006,1384
"ENSG00000082213.13",511,500,415,576,413,231
"ENSG00000133401.11",181,150,185,286,232,228
"ENSG00000250764.1",52,32,50,56,37,44
"ENSG00000113384.9",2063,1740,1745,2249,1874,1296
"ENSG00000272086.1",70,70,55,61,59,36
"ENSG00000150712.6",1056,911,567,749,532,361
"ENSG00000056097.11",2503,2099,2207,2876,2423,1411
"ENSG00000249142.1",4,6,2,10,10,3
"ENSG00000113387.7",1797,1664,1961,2045,1942,1139
"ENSG00000113389.11",14,14,5,24,68,37
"ENSG00000240376.1",44,35,37,58,39,22
"ENSG00000249572.1",7,21,19,9,23,17
"ENSG00000113407.9",5952,5319,5902,7175,6199,2747
"ENSG00000151388.6",30,24,19,59,52,21
"ENSG00000182631.5",13,7,1,11,18,1
"ENSG00000164175.10",22,11,17,54,54,25
"ENSG00000242110.3",54,41,43,57,47,21
"ENSG00000273294.1",9,7,17,12,19,8
"ENSG00000082196.16",15,12,43,31,33,38
"ENSG00000271771.1",12,12,8,9,6,19
"ENSG00000215158.5",745,607,605,528,438,544
"ENSG00000215156.5",1265,851,784,720,662,895
"ENSG00000039560.9",1991,1746,1585,1957,1622,1210
"ENSG00000250234.1",21,9,6,12,8,14
"ENSG00000205838.8",27,22,28,34,19,20
"ENSG00000113456.14",946,829,875,921,750,389
"ENSG00000113460.8",855,719,804,936,735,444
"ENSG00000168724.10",2453,2149,2108,2387,1920,1474
"ENSG00000113492.9",18,8,6,15,11,17
"ENSG00000113494.12",9,10,10,20,13,10
"ENSG00000152582.8",74,46,35,103,88,33
"ENSG00000168685.10",13,6,11,8,5,7
"ENSG00000145626.7",9,8,13,21,12,5
"ENSG00000168671.5",9,6,5,16,14,2
"ENSG00000164187.6",632,560,483,664,493,277
"ENSG00000145604.11",2716,2364,1838,2334,1190,619
"ENSG00000152620.8",1027,1038,928,1104,767,489
"ENSG00000245711.2",56,60,24,24,24,35
"ENSG00000079215.9",10,8,16,18,24,9
"ENSG00000164190.12",4626,4193,5798,6890,5581,4684
"ENSG00000249850.1",128,103,117,125,127,193
"ENSG00000197603.9",45,46,32,83,82,40
"ENSG00000270558.1",5,10,12,12,5,10
"ENSG00000113569.11",5734,5325,4485,5650,4107,2343
"ENSG00000251880.1",17,18,12,15,9,5
"ENSG00000082068.4",925,773,802,931,856,498
"ENSG00000248216.1",15,1,4,7,10,2
"ENSG00000164318.13",21,29,17,40,28,21
"ENSG00000248730.1",157,137,0,0,3,0
"ENSG00000113594.5",456,460,208,254,614,382
"ENSG00000244968.2",13,5,3,5,10,9
"ENSG00000249740.1",7,6,43,39,20,30
"ENSG00000145623.8",139,112,339,487,460,286
"ENSG00000164327.8",3417,3108,4426,4986,3470,2763
"ENSG00000249089.1",14,17,22,21,14,26
"ENSG00000082074.11",146,128,2824,3278,972,780
"ENSG00000251215.1",1,3,24,14,8,9
"ENSG00000113600.6",8,6,10,17,10,17
"ENSG00000153071.10",243,244,1610,1928,1834,1167
"ENSG00000171522.5",11,12,13,19,27,15
"ENSG00000113638.8",352,322,310,376,260,113
"ENSG00000132356.7",1236,1240,994,1174,1087,728
"ENSG00000212567.1",18,9,15,7,13,7
"ENSG00000145592.9",14191,13850,11759,13776,10806,4107
"ENSG00000132357.9",278,288,200,269,332,214
"ENSG00000112936.14",16,21,7,18,26,11
"ENSG00000171495.12",37,27,19,71,66,29
"ENSG00000039537.9",18,12,13,29,23,16
"ENSG00000083720.8",775,696,772,1024,506,256
"ENSG00000248668.1",33,40,18,16,17,7
"ENSG00000205765.4",822,798,921,1132,878,600
"ENSG00000151876.8",359,283,263,314,207,127
"ENSG00000112964.9",15,18,14,24,17,8
"ENSG00000198865.5",13,12,62,74,98,45
"ENSG00000250722.1",80,57,206,311,361,128
"ENSG00000271788.1",36,37,35,34,36,39
"ENSG00000177738.3",236,212,253,245,237,315
"ENSG00000251131.1",11,11,7,13,17,20
"ENSG00000272382.1",88,45,58,62,42,95
"ENSG00000177721.3",219,150,158,155,161,150
"ENSG00000215068.3",286,290,242,261,306,248
"ENSG00000272144.1",41,19,29,28,23,34
"ENSG00000172262.7",1079,987,1209,1302,1207,1035
"ENSG00000177453.3",13,8,13,26,11,17
"ENSG00000261604.1",65,43,28,24,42,32
"ENSG00000112972.10",6457,6035,4298,5401,4825,2025
"ENSG00000151881.10",141,154,175,175,165,121
"ENSG00000249492.1",37,30,25,24,25,25
"ENSG00000172244.4",229,223,229,210,193,126
"ENSG00000249855.1",123,90,92,88,98,70
"ENSG00000248554.1",22,19,13,13,10,9
"ENSG00000172239.9",2069,1887,1626,1912,1417,719
"ENSG00000248092.3",283,243,190,245,254,182
"ENSG00000249286.1",12,15,9,8,4,13
"ENSG00000112992.12",2231,1992,1689,2260,1897,755
"ENSG00000251141.1",10,16,15,16,12,10
"ENSG00000112996.5",1792,1513,1475,1908,1515,712
"ENSG00000272335.1",136,125,105,131,91,113
"ENSG00000164588.4",10,20,7,15,14,5
"ENSG00000151883.12",14,15,11,31,16,7
"ENSG00000213949.4",12,19,17,39,18,12
"ENSG00000152684.10",550,529,647,871,656,317
"ENSG00000164171.6",28,22,20,50,22,20
"ENSG00000164172.14",246,226,234,323,204,125
"ENSG00000247796.2",40,50,33,33,39,28
"ENSG00000164258.7",565,436,550,681,537,228
"ENSG00000272416.1",16,18,7,16,19,15
"ENSG00000185305.6",885,849,683,739,751,406
"ENSG00000207627.1",4,14,8,11,21,18
"ENSG00000241230.2",59,41,27,32,33,17
"ENSG00000265421.1",43,25,22,22,28,60
"ENSG00000249069.3",345,303,72,74,135,123
"ENSG00000169271.1",14,6,6,8,16,17
"ENSG00000178996.8",463,404,319,409,284,251
"ENSG00000164294.9",18,22,20,51,54,30
"ENSG00000234602.3",33,50,21,47,57,48
"ENSG00000152669.8",74,77,27,44,68,53
"ENSG00000251307.1",5,9,10,7,13,10
"ENSG00000067248.5",896,887,940,1002,903,655
"ENSG00000039123.11",2651,2227,2939,3473,2832,1270
"ENSG00000271410.1",55,44,42,45,34,16
"ENSG00000067113.12",5,10,9,21,20,9
"ENSG00000177058.7",259,193,219,279,257,203
"ENSG00000152670.14",11,11,5,23,21,5
"ENSG00000164509.9",12,5,11,24,17,9
"ENSG00000134352.15",1118,1070,1278,1698,2022,1538
"ENSG00000264281.2",10,24,18,21,25,14
"ENSG00000227908.3",2,13,8,10,7,8
"ENSG00000164512.13",39,41,35,54,65,44
"ENSG00000243592.1",1,3,5,13,12,15
"ENSG00000249697.1",2,0,13,13,3,5
"ENSG00000226221.1",26,23,11,29,15,7
"ENSG00000095015.5",944,937,1563,1847,1275,826
"ENSG00000237705.1",10,14,12,24,7,19
"ENSG00000225230.1",10,4,10,16,7,9
"ENSG00000155542.7",67,53,57,88,75,29
"ENSG00000155545.15",385,323,369,380,396,233
"ENSG00000271828.1",23,17,18,32,22,9
"ENSG00000062194.11",1856,1659,1991,2375,1992,1467
"ENSG00000145632.10",8,12,15,12,15,11
"ENSG00000152932.6",3,6,9,9,12,14
"ENSG00000113448.12",70,65,146,177,213,197
"ENSG00000247345.2",6,4,23,63,18,12
"ENSG00000152931.7",4,4,10,12,15,17
"ENSG00000035499.8",728,589,814,1060,812,427
"ENSG00000251303.1",12,9,9,21,5,5
"ENSG00000250148.1",1,4,44,39,57,79
"ENSG00000164181.9",31,27,564,689,948,613
"ENSG00000049167.9",163,183,182,222,176,107
"ENSG00000164182.6",413,380,353,462,378,223
"ENSG00000188725.3",466,423,517,612,522,303
"ENSG00000251279.1",8,6,11,3,7,13
"ENSG00000130449.5",222,215,469,562,445,308
"ENSG00000251682.1",8,13,16,23,11,20
"ENSG00000250461.1",7,11,12,9,11,19
"ENSG00000213891.3",19,13,20,30,25,20
"ENSG00000068796.12",1819,1566,2584,3347,1906,1272
"ENSG00000086189.5",658,641,966,1147,676,447
"ENSG00000086200.12",1531,1353,1527,1742,1243,610
"ENSG00000241991.1",10,14,17,11,5,2
"ENSG00000240436.1",18,13,13,8,9,7
"ENSG00000186105.7",32,21,8,13,10,6
"ENSG00000164197.7",15,9,2,19,11,1
"ENSG00000153006.10",352,361,333,413,279,217
"ENSG00000153015.11",734,639,653,776,656,436
"ENSG00000049192.10",265,234,276,344,281,202
"ENSG00000205644.5",34,33,23,24,23,16
"ENSG00000250081.1",12,9,23,15,11,12
"ENSG00000123219.8",816,689,555,563,450,413
"ENSG00000113593.7",976,855,828,959,683,504
"ENSG00000113595.10",294,237,230,233,204,131
"ENSG00000113597.13",227,213,187,246,210,101
"ENSG00000253251.2",44,35,31,25,27,19
"ENSG00000197860.5",418,358,334,410,366,272
"ENSG00000123213.18",1054,1022,873,1088,725,425
"ENSG00000112851.10",3970,3633,4114,4420,3803,3168
"ENSG00000252904.1",14,11,9,6,19,7
"ENSG00000153914.11",2830,2438,2226,2594,2119,1927
"ENSG00000253744.1",32,30,18,25,34,13
"ENSG00000069020.14",942,860,1176,1512,1382,1253
"ENSG00000229666.1",24,15,15,39,38,20
"ENSG00000134061.4",6,13,0,9,11,6
"ENSG00000249364.1",273,207,256,274,185,170
"ENSG00000250669.1",11,12,12,13,19,16
"ENSG00000249721.1",28,16,26,39,34,36
"ENSG00000250421.1",130,76,154,148,114,93
"ENSG00000249894.1",9,4,17,22,26,18
"ENSG00000145675.10",393,325,390,557,386,240
"ENSG00000145740.14",943,842,1015,1293,994,482
"ENSG00000134057.10",3397,3123,2557,3221,2386,889
"ENSG00000153044.5",1246,1050,956,1137,967,571
"ENSG00000134056.7",376,319,298,390,332,134
"ENSG00000134058.6",570,608,579,690,510,248
"ENSG00000183323.8",275,221,364,346,300,300
"ENSG00000213830.3",8,14,20,18,13,14
"ENSG00000085231.9",1782,1680,1683,1841,1472,766
"ENSG00000152942.14",599,560,489,632,499,291
"ENSG00000152939.10",16,15,16,24,24,18
"ENSG00000253203.2",149,96,105,138,107,98
"ENSG00000183474.11",163,168,191,223,154,113
"ENSG00000250138.3",133,100,65,88,80,87
"ENSG00000198237.7",36,24,52,51,45,48
"ENSG00000205571.8",29,20,31,34,36,16
"ENSG00000179978.10",33,29,56,60,56,51
"ENSG00000254701.2",43,30,26,69,27,41
"ENSG00000253816.2",244,227,269,293,207,252
"ENSG00000226259.6",42,35,55,87,47,35
"ENSG00000237075.4",14,12,17,13,12,7
"ENSG00000205565.6",15,12,8,10,4,8
"ENSG00000197284.4",41,30,34,28,27,28
"ENSG00000172062.12",135,123,100,144,134,51
"ENSG00000249437.3",35,25,19,20,36,30
"ENSG00000254353.1",8,6,29,20,13,4
"ENSG00000145736.10",99,80,147,132,114,71
"ENSG00000251634.2",18,11,35,24,23,22
"ENSG00000215630.5",527,394,480,567,446,555
"ENSG00000145734.14",2764,2437,2512,2850,2137,2192
"ENSG00000253536.1",17,9,5,14,4,17
"ENSG00000247911.3",9,4,11,11,13,2
"ENSG00000131844.11",977,835,840,1180,845,438
"ENSG00000131711.10",1598,1459,4329,5486,5232,3844
"ENSG00000113048.12",1910,1791,1553,1931,1386,853
"ENSG00000049883.10",244,224,262,313,238,135
"ENSG00000272093.1",74,64,62,90,43,47
"ENSG00000272365.1",3,6,7,11,15,3
"ENSG00000178175.7",15,12,9,35,25,9
"ENSG00000083312.13",2538,2254,3326,3749,2693,1330
"ENSG00000242602.1",26,28,33,24,18,40
"ENSG00000272081.1",14,6,5,19,11,11
"ENSG00000157107.9",554,525,373,498,477,364
"ENSG00000251467.1",23,15,13,20,18,26
"ENSG00000248930.1",6,13,12,15,3,6
"ENSG00000272525.1",19,14,15,22,18,14
"ENSG00000145741.11",6890,6390,5342,6867,5358,2294
"ENSG00000164331.5",307,252,266,338,262,188
"ENSG00000164338.5",357,288,320,345,268,140
"ENSG00000214944.5",36,12,13,62,46,21
"ENSG00000171617.9",22,25,233,289,244,160
"ENSG00000049860.9",2073,1996,1196,1833,1520,512
"ENSG00000164347.13",882,787,756,814,716,343
"ENSG00000164346.5",1111,973,943,1164,930,534
"ENSG00000198780.7",14,8,5,25,23,5
"ENSG00000176928.4",6,10,4,13,4,2
"ENSG00000145700.5",21,21,17,47,26,15
"ENSG00000113161.11",5918,5274,3896,5198,3846,1876
"ENSG00000271815.1",16,22,16,35,16,15
"ENSG00000113163.11",1007,963,1070,1216,978,547
"ENSG00000242198.1",10,9,13,10,14,15
"ENSG00000122008.11",784,698,733,780,627,557
"ENSG00000272040.1",5,7,15,6,18,13
"ENSG00000189045.9",15,9,22,28,29,20
"ENSG00000152359.10",352,282,340,350,272,193
"ENSG00000122012.9",21,13,5,23,23,10
"ENSG00000254893.3",6,4,6,18,15,6
"ENSG00000145703.11",2071,1844,2649,3156,2853,1945
"ENSG00000250574.1",6,5,8,12,9,19
"ENSG00000249713.1",11,12,9,13,7,17
"ENSG00000164220.6",31,33,26,16,43,58
"ENSG00000181104.6",410,373,543,866,619,369
"ENSG00000164251.4",5,8,4,21,13,6
"ENSG00000164252.8",520,492,482,566,572,350
"ENSG00000113231.9",27,23,30,58,41,42
"ENSG00000164253.8",613,573,629,820,618,327
"ENSG00000244363.2",17,11,9,20,22,8
"ENSG00000171540.6",8,8,42,61,29,25
"ENSG00000171530.9",1895,1678,1485,1635,1524,700
"ENSG00000213763.4",13,9,1,14,14,5
"ENSG00000132842.9",1788,1559,2133,2561,2103,1234
"ENSG00000253558.1",15,13,22,29,18,28
"ENSG00000245556.2",117,101,163,164,167,93
"ENSG00000085365.13",582,496,644,836,510,280
"ENSG00000145685.9",481,456,683,881,611,448
"ENSG00000113273.11",154,83,127,193,176,103
"ENSG00000132837.10",28,17,18,27,59,22
"ENSG00000132840.5",4,6,4,20,10,5
"ENSG00000145692.10",9,4,5,16,12,8
"ENSG00000152409.8",469,377,322,371,729,634
"ENSG00000213757.3",7,9,10,21,9,3
"ENSG00000152413.10",539,527,556,610,604,381
"ENSG00000213755.3",11,8,12,7,8,9
"ENSG00000164329.9",1550,1352,1419,1599,1185,813
"ENSG00000164309.10",65,43,66,115,112,106
"ENSG00000177034.10",9,2,13,25,16,18
"ENSG00000113296.10",25,9,19,34,32,13
"ENSG00000164300.11",232,209,106,164,127,64
"ENSG00000251675.1",19,10,9,8,3,2
"ENSG00000248569.1",2,4,6,25,20,2
"ENSG00000220157.4",5,0,9,10,10,7
"ENSG00000039319.12",742,688,691,806,628,396
"ENSG00000152380.5",1,8,2,14,14,7
"ENSG00000189127.3",8,4,1,14,12,5
"ENSG00000228716.2",1713,1485,1255,1457,1266,861
"ENSG00000249655.1",13,5,10,12,6,3
"ENSG00000113318.9",799,758,669,895,659,405
"ENSG00000113319.7",11,8,8,20,35,18
"ENSG00000247572.3",127,98,136,183,149,148
"ENSG00000131730.11",113,76,99,85,103,83
"ENSG00000131732.7",673,616,615,734,633,317
"ENSG00000172497.4",11,11,3,17,20,6
"ENSG00000145687.11",658,568,581,743,620,370
"ENSG00000152348.11",450,451,445,574,412,270
"ENSG00000236447.2",8,6,13,17,12,10
"ENSG00000251495.1",29,31,20,37,28,22
"ENSG00000248192.1",19,8,21,10,11,7
"ENSG00000265684.1",22,15,13,20,11,9
"ENSG00000186468.8",12974,11462,8180,11220,8618,1730
"ENSG00000205464.7",135,152,136,172,139,140
"ENSG00000248393.1",19,12,15,16,12,5
"ENSG00000248870.1",24,17,22,11,24,12
"ENSG00000249100.1",12,7,6,8,13,5
"ENSG00000240411.2",6,13,9,8,14,7
"ENSG00000271862.1",21,16,22,25,27,31
"ENSG00000174695.5",1390,1305,1409,1487,1302,826
"ENSG00000152422.11",245,174,190,187,152,112
"ENSG00000038427.11",91,75,134,196,149,51
"ENSG00000164176.8",12,3,2,22,15,9
"ENSG00000248667.1",14,19,20,38,13,20
"ENSG00000249023.1",5,5,16,14,9,14
"ENSG00000249842.1",10,3,13,17,19,15
"ENSG00000243859.3",55,36,53,74,52,53
"ENSG00000215953.1",6,9,9,11,4,10
"ENSG00000251066.1",103,71,93,106,110,157
"ENSG00000265704.1",15,6,6,10,6,1
"ENSG00000250874.1",70,41,55,90,86,48
"ENSG00000241965.2",5,6,12,9,8,12
"ENSG00000205449.7",54,24,83,89,93,117
"ENSG00000248363.1",13,7,34,31,30,57
"ENSG00000250124.1",6,4,13,21,17,21
"ENSG00000251585.1",3,7,13,16,10,13
"ENSG00000127184.6",3530,3398,3484,4173,3491,970
"ENSG00000145715.10",889,792,852,919,854,688
"ENSG00000241243.2",6,6,4,8,12,10
"ENSG00000272367.1",20,27,25,28,16,46
"ENSG00000134480.9",1246,1049,1186,1368,1105,848
"ENSG00000164180.9",1018,971,597,739,742,498
"ENSG00000197071.1",10,8,13,11,7,1
"ENSG00000247828.3",384,382,548,674,645,634
"ENSG00000207129.1",15,13,13,11,14,28
"ENSG00000081189.9",758,651,1214,1576,910,688
"ENSG00000248309.1",82,56,141,157,97,81
"ENSG00000248555.2",2,0,18,17,8,8
"ENSG00000153140.4",454,347,343,396,260,194
"ENSG00000255647.1",24,14,20,13,13,5
"ENSG00000176055.9",268,268,245,288,248,167
"ENSG00000113356.6",312,238,314,422,182,146
"ENSG00000176018.8",544,478,726,688,631,549
"ENSG00000164199.11",2747,2429,2140,2628,2913,2745
"ENSG00000248323.1",20,26,17,14,19,11
"ENSG00000113369.4",2245,2128,1728,2083,1793,1057
"ENSG00000113391.12",117,92,198,215,208,173
"ENSG00000249353.2",91,95,115,126,112,93
"ENSG00000248483.4",25,12,49,61,45,58
"ENSG00000272406.1",5,3,10,2,6,10
"ENSG00000251023.1",10,16,12,14,12,15
"ENSG00000185261.9",14,12,17,38,25,15
"ENSG00000270133.1",3,3,5,11,11,1
"ENSG00000133302.8",563,546,417,485,353,291
"ENSG00000175471.15",85,61,41,69,56,40
"ENSG00000153347.5",16,19,67,97,42,40
"ENSG00000198677.6",2322,2179,2334,2772,2065,1434
"ENSG00000164291.12",215,186,268,291,229,158
"ENSG00000175449.9",337,318,308,372,363,190
"ENSG00000145757.11",58,28,39,67,47,43
"ENSG00000250240.1",28,21,29,28,6,7
"ENSG00000164292.8",5703,5172,6811,8903,6121,3872
"ENSG00000173221.9",265,279,225,289,237,136
"ENSG00000251348.1",212,164,238,259,164,156
"ENSG00000118985.10",943,914,728,911,584,510
"ENSG00000250955.1",11,8,5,11,4,2
"ENSG00000175426.6",14,12,13,26,30,16
"ENSG00000153113.19",2365,2003,1879,2293,1853,1502
"ENSG00000164307.8",887,826,1070,1524,1115,612
"ENSG00000248734.2",15,9,25,19,24,11
"ENSG00000247121.2",33,29,18,24,25,15
"ENSG00000164308.12",112,67,115,126,96,73
"ENSG00000113441.11",1571,1518,1255,1652,1115,655
"ENSG00000251606.1",43,35,30,35,31,30
"ENSG00000145721.7",28,27,22,31,19,20
"ENSG00000058729.6",432,371,489,520,416,231
"ENSG00000174136.7",3,5,1,26,15,10
"ENSG00000153922.6",2886,2666,2571,2853,1921,1609
"ENSG00000248489.1",13,16,12,14,8,5
"ENSG00000174132.8",76,56,41,80,58,22
"ENSG00000250806.2",15,21,2,0,5,2
"ENSG00000113532.8",111,96,27,25,17,12
"ENSG00000173930.8",114,119,15,32,15,7
"ENSG00000205359.5",17,7,16,19,26,19
"ENSG00000247402.2",7,4,5,20,13,6
"ENSG00000250682.1",81,54,121,144,120,86
"ENSG00000145730.16",93,70,213,293,155,112
"ENSG00000145723.12",61,63,64,91,97,48
"ENSG00000145725.15",1789,1589,1521,1898,1378,880
"ENSG00000181751.5",323,287,175,307,195,108
"ENSG00000112874.5",308,289,225,311,204,105
"ENSG00000251026.1",210,153,234,246,250,153
"ENSG00000239808.2",25,27,23,29,28,20
"ENSG00000251574.2",54,58,82,160,101,90
"ENSG00000253584.1",72,61,97,105,99,63
"ENSG00000232159.2",20,17,24,28,36,18
"ENSG00000145743.11",195,177,284,383,329,201
"ENSG00000272523.1",74,71,63,84,82,44
"ENSG00000151422.8",504,445,571,723,599,491
"ENSG00000249921.2",10,4,3,4,13,3
"ENSG00000176857.4",35,26,17,13,19,21
"ENSG00000249476.1",11,7,10,7,28,18
"ENSG00000198961.5",3400,3010,3129,3695,3012,1769
"ENSG00000112893.5",1538,1438,1037,1354,1122,797
"ENSG00000202512.1",25,10,8,11,25,7
"ENSG00000186952.10",22,18,15,26,34,9
"ENSG00000164209.12",409,371,446,484,450,305
"ENSG00000145777.10",16,15,44,55,70,35
"ENSG00000134987.7",1357,1217,1511,1987,1522,681
"ENSG00000214784.4",4,9,14,12,11,1
"ENSG00000152495.6",40,28,46,42,52,33
"ENSG00000248268.1",31,19,50,49,71,37
"ENSG00000164211.8",1810,1866,1364,1653,1569,801
"ENSG00000246859.2",63,57,30,28,27,24
"ENSG00000134986.9",15,11,9,16,15,3
"ENSG00000129595.8",23,15,671,778,442,381
"ENSG00000224032.2",665,627,685,950,679,185
"ENSG00000238363.1",12,8,18,30,13,2
"ENSG00000251187.1",0,2,14,15,14,8
"ENSG00000251076.1",0,0,41,44,388,243
"ENSG00000268358.1",5,13,210,266,99,96
"ENSG00000134982.12",1191,1038,1665,1976,1622,1263
"ENSG00000250045.2",4,5,6,16,10,12
"ENSG00000153037.8",103,125,121,150,105,67
"ENSG00000129625.8",551,452,502,700,576,356
"ENSG00000249947.2",5,3,10,28,5,15
"ENSG00000270067.1",13,6,27,12,22,22
"ENSG00000172795.11",5470,5184,5072,5775,4094,2390
"ENSG00000171444.13",201,175,159,189,184,185
"ENSG00000047188.11",1515,1330,1157,1378,1092,682
"ENSG00000080709.10",7,17,4,26,17,0
"ENSG00000152503.5",34,22,20,54,53,22
"ENSG00000248175.1",26,23,31,31,22,18
"ENSG00000164219.5",261,259,252,332,259,142
"ENSG00000271797.1",10,15,13,16,12,7
"ENSG00000164221.8",246,252,223,183,194,192
"ENSG00000145780.6",402,410,461,508,515,336
"ENSG00000249249.1",19,18,19,9,12,7
"ENSG00000134970.13",590,583,468,619,417,209
"ENSG00000129596.4",2,3,2,18,10,4
"ENSG00000145782.8",704,604,631,696,664,395
"ENSG00000177879.10",597,514,462,607,535,308
"ENSG00000172901.15",85,59,120,109,133,79
"ENSG00000185641.5",42,33,31,34,38,11
"ENSG00000271918.1",50,63,54,49,47,50
"ENSG00000145781.4",288,243,274,317,284,195
"ENSG00000092421.12",50,29,59,87,125,96
"ENSG00000248445.1",6,8,8,13,15,22
"ENSG00000169570.5",92,81,185,253,147,112
"ENSG00000197744.5",20,30,13,40,18,17
"ENSG00000172869.10",2592,2292,4555,5526,5047,3691
"ENSG00000248885.1",16,19,16,17,16,17
"ENSG00000248979.2",10,7,12,11,17,16
"ENSG00000206786.1",5,1,9,15,7,20
"ENSG00000264536.1",1,1,1,8,13,20
"ENSG00000145779.7",500,421,1146,1282,1128,766
"ENSG00000243333.2",10,6,9,21,20,20
"ENSG00000133835.10",1379,1197,1780,2287,1532,660
"ENSG00000184838.10",151,121,72,65,16,8
"ENSG00000229855.4",15,2,8,13,1,3
"ENSG00000151304.5",294,308,297,296,256,195
"ENSG00000113083.8",26,9,13,12,20,23
"ENSG00000164185.4",2,11,6,14,18,12
"ENSG00000064692.14",14,4,10,27,18,4
"ENSG00000205302.2",1401,1253,992,1154,946,555
"ENSG00000064652.6",172,174,106,128,116,72
"ENSG00000168938.5",58,34,42,62,126,56
"ENSG00000061455.10",11,9,16,22,10,7
"ENSG00000168944.11",588,570,565,775,530,465
"ENSG00000250539.1",98,78,91,121,82,130
"ENSG00000151292.13",516,435,528,640,612,381
"ENSG00000168916.11",138,114,15,63,45,35
"ENSG00000242814.2",29,24,32,39,39,28
"ENSG00000249423.1",3,5,7,17,16,18
"ENSG00000155324.5",37,31,99,91,64,26
"ENSG00000164904.11",8,12,2,26,25,5
"ENSG00000164902.9",364,320,354,426,295,199
"ENSG00000113368.7",3319,2828,2536,3171,2222,1328
"ENSG00000173926.5",1364,1151,1007,1234,1552,873
"ENSG00000164241.9",121,84,102,121,138,102
"ENSG00000145794.12",24,16,13,39,47,17
"ENSG00000164244.16",2060,1904,1700,2358,1686,812
"ENSG00000230561.3",12,15,25,34,30,35
"ENSG00000245937.3",368,293,374,527,441,254
"ENSG00000064651.9",642,637,680,941,897,588
"ENSG00000138829.6",52,33,41,89,94,43
"ENSG00000113396.8",34,15,227,337,82,72
"ENSG00000066583.7",831,736,674,881,526,215
"ENSG00000145808.4",15,8,9,36,25,13
"ENSG00000169567.7",3054,3104,1553,2051,1528,193
"ENSG00000186687.11",1002,965,764,1058,790,496
"ENSG00000158985.9",1048,997,794,973,747,532
"ENSG00000158987.15",416,314,382,439,414,324
"ENSG00000217128.7",2316,1894,2274,2807,2389,1665
"ENSG00000164398.8",76,64,95,102,154,81
"ENSG00000164399.4",8,8,25,55,26,37
"ENSG00000164400.4",10,9,24,17,28,42
"ENSG00000227616.1",27,22,50,58,69,74
"ENSG00000235775.1",8,2,15,22,23,33
"ENSG00000224015.1",69,49,130,135,143,93
"ENSG00000072682.14",1319,1172,1141,1674,1364,717
"ENSG00000224431.1",61,53,60,66,33,48
"ENSG00000131435.8",487,447,599,768,766,420
"ENSG00000197208.5",426,331,372,356,266,251
"ENSG00000233006.2",215,134,170,184,121,94
"ENSG00000263597.1",13,11,14,8,3,17
"ENSG00000197375.8",838,754,818,1072,582,469
"ENSG00000197536.6",36,27,50,49,31,31
"ENSG00000238160.1",5,6,30,52,20,19
"ENSG00000234290.2",11,3,25,11,13,13
"ENSG00000125347.9",493,353,497,615,409,287
"ENSG00000113522.9",2410,2097,2642,3150,2611,2015
"ENSG00000223442.1",22,17,10,18,10,24
"ENSG00000131437.11",312,237,268,300,176,108
"ENSG00000205089.3",20,24,15,28,7,13
"ENSG00000164402.9",7246,6362,5843,7460,3457,2520
"ENSG00000198944.4",14,9,13,12,24,9
"ENSG00000164403.10",892,787,1047,1240,778,599
"ENSG00000164404.4",11,6,10,12,11,6
"ENSG00000164405.6",1297,1215,1319,1542,1263,315
"ENSG00000164406.7",56,42,43,47,46,50
"ENSG00000072364.8",2553,2374,2558,2872,2601,2277
"ENSG00000235253.1",61,45,39,43,36,45
"ENSG00000202417.1",11,16,8,7,6,4
"ENSG00000225364.1",18,7,5,16,7,10
"ENSG00000155329.7",236,217,251,216,214,146
"ENSG00000170606.9",4716,4070,4328,5126,3900,2263
"ENSG00000053108.12",25,23,12,48,40,22
"ENSG00000113583.6",523,443,371,437,344,203
"ENSG00000213585.6",3597,3086,3186,4262,3531,1755
"ENSG00000271737.1",19,7,10,11,9,2
"ENSG00000081059.15",508,361,350,364,362,413
"ENSG00000113558.14",1990,1809,1847,2000,1843,820
"ENSG00000113575.5",1446,1371,1254,1766,1522,535
"ENSG00000006837.7",43,22,28,36,52,33
"ENSG00000270177.1",24,9,11,8,14,11
"ENSG00000119048.3",495,459,391,434,420,272
"ENSG00000248559.1",11,4,16,12,11,27
"ENSG00000237190.3",556,498,430,527,435,185
"ENSG00000043143.16",814,823,553,736,597,440
"ENSG00000152700.9",704,609,686,801,674,464
"ENSG00000113615.8",1481,1297,1292,1623,1331,700
"ENSG00000164615.3",783,719,581,748,584,323
"ENSG00000145833.11",2015,1725,1844,2185,2099,1559
"ENSG00000181904.8",763,696,710,725,681,470
"ENSG00000113621.10",229,210,157,270,188,100
"ENSG00000132570.10",197,195,154,229,149,173
"ENSG00000244921.2",17,14,17,10,7,15
"ENSG00000248923.1",34,34,24,42,61,56
"ENSG00000247627.2",50,35,25,52,35,64
"ENSG00000152705.6",5,9,4,15,16,9
"ENSG00000069011.11",2762,2663,353,469,638,439
"ENSG00000224186.4",239,180,100,79,98,80
"ENSG00000249647.2",98,90,6,3,17,11
"ENSG00000113648.12",3268,2800,2808,3609,3152,2277
"ENSG00000249639.1",3,8,27,20,61,5
"ENSG00000181965.4",37,32,13,5,14,13
"ENSG00000250167.1",39,33,12,13,11,8
"ENSG00000145824.8",24,10,11,13,19,11
"ENSG00000251045.1",43,45,8,5,22,21
"ENSG00000145832.8",13,8,6,24,12,10
"ENSG00000120708.12",27,22,47,77,85,36
"ENSG00000164621.5",7,10,10,8,15,11
"ENSG00000113658.12",1216,1029,1206,1442,1189,719
"ENSG00000271824.1",6,3,7,15,10,11
"ENSG00000069018.13",13,12,12,31,22,12
"ENSG00000249803.1",147,138,304,347,250,148
"ENSG00000250284.1",3,6,32,44,40,32
"ENSG00000152377.8",15,10,26,50,62,42
"ENSG00000146021.10",145,115,118,178,139,137
"ENSG00000177733.4",733,556,773,765,878,869
"ENSG00000226306.6",37,20,35,25,20,36
"ENSG00000250159.2",77,82,50,78,55,37
"ENSG00000120729.5",48,55,43,76,32,36
"ENSG00000078795.12",63,38,42,68,57,53
"ENSG00000031003.6",779,704,496,512,493,468
"ENSG00000061492.7",8,7,10,30,34,7
"ENSG00000112983.13",3492,3138,2446,3028,2588,1929
"ENSG00000112984.7",2389,2074,2080,2487,1757,939
"ENSG00000094880.6",1222,1182,1172,1418,1066,478
"ENSG00000146013.6",8,13,1,15,20,4
"ENSG00000158402.14",791,814,669,843,597,414
"ENSG00000120709.6",1628,1559,1385,1691,1568,975
"ENSG00000120733.9",5883,5283,4974,6117,5026,3638
"ENSG00000132563.11",61,47,26,62,35,15
"ENSG00000120738.7",1485,1254,1017,1448,2092,2537
"ENSG00000120705.8",2780,2511,2839,3553,2934,1358
"ENSG00000197830.2",21,23,13,14,20,21
"ENSG00000113013.8",7478,6610,8611,10630,10485,5385
"ENSG00000222937.1",16,11,23,16,22,6
"ENSG00000206989.1",20,7,8,12,18,5
"ENSG00000044115.16",4258,3695,3458,4473,4316,2034
"ENSG00000265361.1",5,5,11,10,16,6
"ENSG00000146006.7",60,44,57,41,70,53
"ENSG00000120725.8",807,680,747,1035,971,609
"ENSG00000249593.2",30,39,66,51,50,66
"ENSG00000242683.1",8,3,2,2,12,11
"ENSG00000015479.13",8700,7794,8177,8940,7021,4930
"ENSG00000252213.1",64,74,110,131,124,64
"ENSG00000200959.1",29,45,27,40,31,3
"ENSG00000199545.1",56,49,41,56,39,52
"ENSG00000253015.1",14,13,12,18,17,11
"ENSG00000120727.8",1162,989,1028,1416,1376,447
"ENSG00000170482.12",49,46,48,49,58,45
"ENSG00000170476.11",9,10,7,8,11,7
"ENSG00000228672.2",170,133,107,191,142,160
"ENSG00000170469.6",88,86,84,66,101,71
"ENSG00000170464.5",79,71,91,145,96,85
"ENSG00000184584.8",1522,1293,1122,1466,1425,765
"ENSG00000131508.11",1730,1577,1331,1702,1457,717
"ENSG00000171604.7",2664,2376,2703,3407,2542,1462
"ENSG00000250635.1",107,70,76,64,50,67
"ENSG00000249526.1",22,22,12,16,13,25
"ENSG00000146005.3",14,20,19,38,17,10
"ENSG00000158458.15",10,15,8,29,18,13
"ENSG00000245146.2",55,54,35,50,51,45
"ENSG00000185129.4",336,331,367,441,405,367
"ENSG00000182700.3",60,50,65,110,65,42
"ENSG00000254363.2",11,3,5,2,17,8
"ENSG00000120306.5",1608,1465,880,1060,793,381
"ENSG00000250069.1",81,66,34,29,19,37
"ENSG00000113068.5",880,722,647,871,609,344
"ENSG00000113070.6",14,8,14,18,32,15
"ENSG00000113073.10",31,18,22,34,53,26
"ENSG00000249637.1",32,34,27,33,29,9
"ENSG00000131503.16",226,167,190,150,167,163
"ENSG00000254996.1",45,43,42,76,47,53
"ENSG00000213523.5",688,564,701,900,797,424
"ENSG00000243056.1",26,12,19,19,23,22
"ENSG00000113108.13",399,433,492,563,457,474
"ENSG00000176087.10",1158,1122,1160,1628,1388,665
"ENSG00000131495.4",1182,1034,929,1062,925,297
"ENSG00000113119.8",610,509,534,768,501,371
"ENSG00000113141.11",2355,1991,1835,2389,2054,1243
"ENSG00000120314.14",927,898,908,1155,923,648
"ENSG00000170445.8",1069,927,912,1272,1111,779
"ENSG00000112855.10",548,567,505,567,562,251
"ENSG00000146007.6",622,534,509,715,590,364
"ENSG00000202515.1",35,57,47,17,30,7
"ENSG00000204970.5",16,12,13,49,29,12
"ENSG00000204969.5",21,23,26,53,42,18
"ENSG00000255408.2",33,27,28,57,43,11
"ENSG00000204967.6",18,10,7,33,28,16
"ENSG00000204965.4",21,11,13,48,43,14
"ENSG00000081842.13",20,19,11,35,37,16
"ENSG00000204963.4",27,13,14,40,21,22
"ENSG00000204962.4",15,14,8,25,30,13
"ENSG00000204961.5",25,22,13,34,28,23
"ENSG00000250120.2",16,9,7,38,24,8
"ENSG00000249158.2",32,10,12,52,30,11
"ENSG00000251664.2",34,30,17,50,54,17
"ENSG00000239389.3",42,15,24,62,47,16
"ENSG00000248383.3",16,12,10,16,18,11
"ENSG00000243232.3",18,12,8,32,21,10
"ENSG00000171815.3",10,15,8,16,16,5
"ENSG00000112852.4",30,11,11,29,30,12
"ENSG00000113205.2",24,15,14,36,44,17
"ENSG00000081818.1",28,23,17,53,49,13
"ENSG00000113209.6",16,15,17,47,42,14
"ENSG00000113211.3",12,20,20,72,27,14
"ENSG00000255622.1",17,18,11,25,21,5
"ENSG00000113212.4",28,20,21,45,32,12
"ENSG00000120322.2",28,21,16,48,36,13
"ENSG00000196963.2",11,15,4,23,27,9
"ENSG00000177839.4",12,17,13,36,24,17
"ENSG00000120324.4",14,11,15,22,12,8
"ENSG00000197479.4",20,25,10,38,39,20
"ENSG00000120328.4",14,17,23,47,36,29
"ENSG00000187372.9",16,16,5,28,13,6
"ENSG00000120327.4",12,16,6,36,23,8
"ENSG00000146001.4",12,19,11,13,24,13
"ENSG00000262096.1",16,13,5,16,24,9
"ENSG00000113248.3",23,14,15,41,31,8
"ENSG00000120329.4",1,9,8,11,18,3
"ENSG00000178913.5",813,670,1454,1484,1595,1140
"ENSG00000272070.1",5,9,10,38,32,35
"ENSG00000204956.4",12,16,20,36,45,22
"ENSG00000081853.13",10,12,17,41,44,16
"ENSG00000254245.1",25,22,30,48,47,47
"ENSG00000254221.1",14,15,24,31,37,30
"ENSG00000262576.1",25,11,60,118,65,67
"ENSG00000253910.1",11,8,51,94,77,76
"ENSG00000253485.1",19,26,33,83,84,62
"ENSG00000262209.1",19,21,36,75,67,52
"ENSG00000253731.1",29,21,33,75,71,57
"ENSG00000253537.1",12,7,14,27,35,15
"ENSG00000253953.1",22,9,14,18,22,15
"ENSG00000253767.1",20,11,20,42,40,28
"ENSG00000261934.1",7,10,8,26,33,26
"ENSG00000253305.1",14,10,14,29,49,30
"ENSG00000253846.1",18,6,16,25,26,31
"ENSG00000254122.1",12,15,17,33,19,17
"ENSG00000253873.1",19,11,7,34,35,20
"ENSG00000248449.1",2,2,3,6,13,10
"ENSG00000253159.1",13,18,16,39,23,15
"ENSG00000240184.2",5,7,9,23,19,15
"ENSG00000242419.1",8,9,5,25,16,5
"ENSG00000240764.2",14,4,11,18,26,8
"ENSG00000131504.11",8126,7478,11066,15199,14986,8991
"ENSG00000246422.2",65,47,121,114,148,161
"ENSG00000240974.1",23,18,38,38,48,50
"ENSG00000228737.2",25,22,23,38,38,37
"ENSG00000171720.5",1727,1591,1425,2111,1513,646
"ENSG00000164620.4",163,107,120,127,185,118
"ENSG00000197948.6",649,598,632,792,780,755
"ENSG00000120318.11",967,887,2621,3132,2768,2000
"ENSG00000156453.9",232,206,133,242,385,177
"ENSG00000081791.4",1322,1161,1104,1468,1198,777
"ENSG00000113555.4",37,27,15,46,64,21
"ENSG00000013561.13",872,844,750,1054,881,396
"ENSG00000254099.1",11,13,7,6,9,13
"ENSG00000113552.11",767,696,558,777,532,220
"ENSG00000131507.9",962,859,925,1143,758,353
"ENSG00000187678.8",468,434,679,834,1588,1100
"ENSG00000231185.2",61,31,33,48,68,54
"ENSG00000113578.13",22,12,16,21,13,9
"ENSG00000145819.11",44,48,81,115,129,72
"ENSG00000113580.10",1526,1359,1527,1726,1651,988
"ENSG00000231579.3",15,10,5,5,14,10
"ENSG00000145817.12",613,494,538,674,711,329
"ENSG00000183775.6",5,11,6,20,13,8
"ENSG00000248125.1",7,10,25,20,35,36
"ENSG00000186314.7",751,617,593,634,531,380
"ENSG00000249363.1",49,49,43,30,35,53
"ENSG00000156463.13",6,23,14,36,22,8
"ENSG00000251556.1",8,1,7,11,1,15
"ENSG00000133706.13",5741,5130,6090,7236,5941,3350
"ENSG00000239602.1",12,16,8,10,11,20
"ENSG00000091009.6",2704,2492,2204,2642,1967,1473
"ENSG00000113649.7",4562,4003,3803,4632,3776,3116
"ENSG00000173250.2",4,15,10,9,8,10
"ENSG00000156475.14",7,11,8,8,14,6
"ENSG00000169302.10",11,8,4,11,11,7
"ENSG00000113657.8",22,15,8,34,23,17
"ENSG00000176049.11",15,9,17,14,26,8
"ENSG00000133710.11",104,105,220,194,255,290
"ENSG00000196800.2",10,5,15,14,12,12
"ENSG00000178172.2",20,10,20,26,26,22
"ENSG00000249503.1",8,7,22,26,12,20
"ENSG00000145868.12",784,679,602,739,651,479
"ENSG00000164270.13",12,14,7,19,23,7
"ENSG00000169252.4",7,10,12,23,55,49
"ENSG00000169247.7",37,24,46,69,95,64
"ENSG00000173210.15",24,35,17,68,52,43
"ENSG00000157510.9",29,9,11,28,35,10
"ENSG00000164284.10",493,550,522,671,545,321
"ENSG00000145882.6",482,462,342,454,265,220
"ENSG00000249669.3",5,9,6,13,11,5
"ENSG00000113712.12",4272,3794,3846,4828,4182,2269
"ENSG00000230551.3",651,564,495,540,513,570
"ENSG00000241112.1",45,55,33,24,39,32
"ENSG00000183111.7",21,20,11,14,32,11
"ENSG00000155846.12",723,633,991,1288,1478,1311
"ENSG00000199047.1",11,4,8,1,11,7
"ENSG00000132915.6",21,12,21,53,41,19
"ENSG00000155850.7",285,269,231,278,191,148
"ENSG00000164296.6",83,69,82,111,101,82
"ENSG00000113716.8",2277,2105,2239,2625,2200,1496
"ENSG00000248696.1",12,9,15,12,13,12
"ENSG00000241907.1",21,15,16,26,15,11
"ENSG00000238369.1",12,14,7,6,10,5
"ENSG00000182578.9",48,33,36,90,50,28
"ENSG00000214485.5",41,34,26,39,22,10
"ENSG00000113721.9",46,28,43,56,82,52
"ENSG00000113722.12",2,13,1,7,11,4
"ENSG00000011083.4",15,9,7,28,17,8
"ENSG00000070808.11",15,8,15,23,26,23
"ENSG00000183876.8",8,3,8,23,20,19
"ENSG00000070814.13",4634,3899,4414,5424,4411,4035
"ENSG00000019582.10",25,15,23,36,34,18
"ENSG00000164587.7",14349,15464,11336,15760,11460,1789
"ENSG00000070614.10",1707,1499,2074,2766,1887,1337
"ENSG00000171992.8",39,31,31,72,54,26
"ENSG00000086589.7",1150,1079,768,1089,742,386
"ENSG00000132912.8",2232,1883,1833,2274,1457,918
"ENSG00000237693.4",7,7,3,19,8,13
"ENSG00000145908.8",41,42,234,240,294,277
"ENSG00000197083.7",0,4,31,16,33,46
"ENSG00000211445.7",103,71,63,99,101,51
"ENSG00000145901.10",3886,3497,2508,3097,2568,1919
"ENSG00000197043.9",1039,1023,627,841,403,206
"ENSG00000198624.8",569,568,749,909,710,561
"ENSG00000196743.4",1002,943,887,1217,580,292
"ENSG00000186334.5",5,5,1,13,14,15
"ENSG00000186335.4",8,16,64,55,46,35
"ENSG00000123643.8",1113,1039,692,851,1072,642
"ENSG00000086570.8",134,88,58,157,160,94
"ENSG00000271795.1",10,21,11,22,16,17
"ENSG00000113140.6",131,125,266,442,359,171
"ENSG00000177556.7",252,214,166,224,201,93
"ENSG00000145907.10",4494,4198,4021,5112,3808,2313
"ENSG00000145888.6",11,15,5,15,14,14
"ENSG00000155511.13",26,22,9,39,31,18
"ENSG00000055147.13",440,416,386,432,399,211
"ENSG00000037749.7",373,311,318,434,412,228
"ENSG00000164574.11",1589,1473,1360,1772,1698,1060
"ENSG00000245275.3",61,87,67,81,56,52
"ENSG00000253119.1",11,15,5,13,8,5
"ENSG00000164576.7",345,303,380,451,454,341
"ENSG00000155506.12",14011,12181,9630,12725,10190,7985
"ENSG00000241187.1",4,4,10,5,3,12
"ENSG00000170271.6",1406,1248,532,699,1320,932
"ENSG00000263361.1",14,6,9,6,10,13
"ENSG00000155508.9",1387,1403,1121,1402,1011,485
"ENSG00000082516.8",1239,1133,1263,1584,1127,593
"ENSG00000082515.12",637,620,394,565,447,175
"ENSG00000226650.4",23,18,23,72,37,15
"ENSG00000170624.9",13,4,4,11,4,7
"ENSG00000135077.4",17,3,4,23,13,1
"ENSG00000155868.7",119,94,133,168,117,112
"ENSG00000113263.8",10,9,5,15,18,7
"ENSG00000170613.4",11,9,2,20,28,7
"ENSG00000055163.14",30,28,36,73,63,27
"ENSG00000135074.11",41,48,360,497,115,101
"ENSG00000172548.10",8,9,4,16,13,5
"ENSG00000039600.6",5,12,13,19,11,4
"ENSG00000113272.9",308,299,311,487,383,199
"ENSG00000155858.5",484,449,342,502,385,241
"ENSG00000113282.9",1862,1747,1773,2295,1949,1150
"ENSG00000164330.12",22,13,1,24,21,12
"ENSG00000145860.7",1217,1078,982,1252,1015,695
"ENSG00000164332.6",306,299,223,277,219,153
"ENSG00000113312.6",608,538,661,839,690,407
"ENSG00000170234.8",766,710,522,599,560,563
"ENSG00000170231.11",7,16,1,19,14,8
"ENSG00000135083.10",32,31,7,21,26,28
"ENSG00000145861.7",9,15,3,5,17,2
"ENSG00000221886.3",86,95,64,125,139,58
"ENSG00000164609.5",720,694,704,805,822,469
"ENSG00000164611.8",2006,1851,1397,1635,1298,612
"ENSG00000118322.8",24,26,17,38,59,15
"ENSG00000145864.8",11,12,2,8,8,0
"ENSG00000145863.6",6,6,4,15,10,8
"ENSG00000022355.10",3,4,7,10,14,4
"ENSG00000113327.10",36,27,7,18,8,5
"ENSG00000250061.1",52,46,34,46,14,25
"ENSG00000250114.1",11,8,7,16,9,6
"ENSG00000113328.14",5866,5889,3978,4765,3033,1140
"ENSG00000170584.6",1156,1052,846,1048,825,410
"ENSG00000072571.15",1341,1140,1181,1272,949,642
"ENSG00000038274.12",733,535,553,630,549,215
"ENSG00000241956.5",21,19,1,5,2,0
"ENSG00000229119.3",18,18,12,19,15,3
"ENSG00000145934.11",37,27,30,83,58,18
"ENSG00000113645.9",14,18,22,61,34,19
"ENSG00000113643.4",2089,1829,2678,3110,2490,1215
"ENSG00000120137.6",2905,2871,3408,4175,3822,2456
"ENSG00000233913.6",67,61,45,70,58,11
"ENSG00000184347.10",32,23,25,54,76,42
"ENSG00000040275.12",491,426,612,789,526,402
"ENSG00000134516.11",1004,905,6499,8125,6496,4183
"ENSG00000204767.3",26,14,137,145,123,90
"ENSG00000234511.4",7,7,13,8,14,8
"ENSG00000043462.7",114,105,632,866,815,546
"ENSG00000235172.3",7,5,98,145,153,100
"ENSG00000182132.8",10,9,4,11,11,8
"ENSG00000204764.8",7,10,13,20,26,11
"ENSG00000181163.9",15886,14038,15857,19193,14335,8954
"ENSG00000156427.7",8,5,6,10,18,10
"ENSG00000072803.13",795,736,792,924,936,449
"ENSG00000072786.8",320,290,437,479,537,467
"ENSG00000168246.5",4,9,1,12,15,4
"ENSG00000174705.7",62,48,36,65,91,35
"ENSG00000214357.4",16,9,9,28,18,10
"ENSG00000253683.1",15,13,21,12,19,7
"ENSG00000213386.3",3,3,1,10,13,3
"ENSG00000120129.5",1578,1456,884,1108,1177,822
"ENSG00000113719.11",1688,1575,1495,1972,1424,983
"ENSG00000204758.3",11,7,13,7,9,5
"ENSG00000037241.3",229,268,212,213,217,99
"ENSG00000113732.4",561,475,380,538,476,108
"ENSG00000254328.1",20,14,8,5,4,10
"ENSG00000212402.1",14,14,16,6,16,9
"ENSG00000164463.8",607,544,447,500,479,398
"ENSG00000113734.13",237,218,207,232,187,103
"ENSG00000183072.9",5,7,8,14,13,1
"ENSG00000113739.6",124,117,270,301,240,192
"ENSG00000145919.6",475,436,324,485,332,203
"ENSG00000113742.8",575,571,599,654,654,603
"ENSG00000185056.9",3,12,1,11,2,0
"ENSG00000184845.3",7,2,7,35,22,5
"ENSG00000164466.8",2884,2624,2119,2811,2333,1347
"ENSG00000270839.1",19,14,6,12,15,19
"ENSG00000113749.5",10,4,4,10,16,8
"ENSG00000145920.10",4,12,8,13,8,18
"ENSG00000051596.5",1004,916,678,860,669,270
"ENSG00000182230.7",6,9,14,24,21,11
"ENSG00000248596.2",213,191,90,108,90,110
"ENSG00000170085.13",468,409,214,308,388,315
"ENSG00000251667.1",16,20,5,7,18,20
"ENSG00000122203.10",1444,1270,1199,1412,1216,778
"ENSG00000250909.1",15,14,11,13,17,29
"ENSG00000251414.1",53,57,30,29,36,24
"ENSG00000175414.6",16,21,11,23,21,16
"ENSG00000048162.15",456,391,471,507,414,217
"ENSG00000146066.2",1079,1068,735,1008,828,321
"ENSG00000175416.8",747,650,456,678,620,340
"ENSG00000113194.8",1114,1083,1213,1609,1364,725
"ENSG00000146083.7",1545,1332,1237,1692,1270,1179
"ENSG00000074276.6",32,36,36,61,69,32
"ENSG00000169258.6",310,234,178,197,259,229
"ENSG00000175766.7",9,2,5,15,12,10
"ENSG00000048140.13",779,674,997,1233,1017,600
"ENSG00000113763.6",14,16,12,31,41,15
"ENSG00000160883.6",12,17,16,21,29,7
"ENSG00000087206.12",1353,1109,883,1124,908,706
"ENSG00000113761.7",746,585,613,717,586,392
"ENSG00000251666.1",50,35,30,18,17,39
"ENSG00000160867.10",1078,996,658,848,495,314
"ENSG00000165671.14",3019,2573,3159,3956,3253,2401
"ENSG00000240729.1",16,9,11,19,4,16
"ENSG00000270706.1",24,15,22,13,6,15
"ENSG00000169228.9",420,346,339,420,414,249
"ENSG00000213347.6",496,365,334,393,361,275
"ENSG00000169230.5",681,741,587,692,687,210
"ENSG00000169223.10",3029,2519,1714,2786,2298,1014
"ENSG00000169220.13",1185,1119,839,1150,742,580
"ENSG00000131183.6",19,13,9,24,18,9
"ENSG00000131187.5",240,237,161,235,165,57
"ENSG00000198055.6",2436,2286,2265,2846,2474,1555
"ENSG00000246334.2",174,167,112,143,158,128
"ENSG00000131188.7",173,183,157,198,171,182
"ENSG00000113758.9",1526,1330,1163,1682,1206,841
"ENSG00000196923.9",2023,1715,2115,2488,2326,2143
"ENSG00000248996.1",33,27,25,22,46,26
"ENSG00000146094.9",325,257,498,608,602,641
"ENSG00000183258.7",2014,1775,1648,1987,1564,1014
"ENSG00000146067.11",2081,1997,1895,1862,1639,2037
"ENSG00000184840.7",3193,2744,2382,3492,3173,1311
"ENSG00000027847.9",240,237,241,305,318,220
"ENSG00000247679.2",13,6,17,24,20,23
"ENSG00000246596.2",23,15,9,11,40,34
"ENSG00000249849.1",0,2,45,30,57,42
"ENSG00000170074.15",10,11,58,56,107,88
"ENSG00000170089.11",356,306,310,365,210,134
"ENSG00000249129.1",11,10,13,16,18,18
"ENSG00000218227.3",52,69,46,72,51,11
"ENSG00000145911.5",1018,951,1023,1216,1040,840
"ENSG00000145916.14",1389,1205,1295,1788,1588,1174
"ENSG00000145912.4",965,886,881,1132,872,319
"ENSG00000197451.6",3590,3189,4835,6098,4717,3412
"ENSG00000175309.10",924,754,1127,1220,1194,1260
"ENSG00000050767.11",122,89,147,212,27,27
"ENSG00000245688.1",18,19,11,19,0,0
"ENSG00000113240.8",456,392,381,347,315,263
"ENSG00000169131.6",70,73,155,198,154,168
"ENSG00000250420.4",508,395,1292,1169,1350,1766
"ENSG00000253725.1",1,1,34,29,38,75
"ENSG00000178338.6",207,215,299,339,349,374
"ENSG00000198939.3",11,7,16,25,30,34
"ENSG00000178187.3",7,5,7,15,9,10
"ENSG00000113262.10",19,9,7,18,27,14
"ENSG00000234284.2",5,13,41,49,48,32
"ENSG00000177932.6",13,7,163,275,270,175
"ENSG00000087116.9",20,25,22,62,65,27
"ENSG00000176783.10",1138,1003,991,1264,1004,741
"ENSG00000249140.1",26,16,11,23,4,28
"ENSG00000244945.1",40,30,33,31,27,42
"ENSG00000169045.13",8822,7406,6719,7803,5774,5122
"ENSG00000250999.1",16,21,33,45,32,60
"ENSG00000204659.4",12,6,12,7,7,6
"ENSG00000127022.10",16245,14577,11871,17675,14877,6677
"ENSG00000161021.7",1400,1299,1354,1472,1300,1175
"ENSG00000161013.12",2728,2253,2482,3422,3128,2173
"ENSG00000161011.15",4021,3291,3278,4076,4230,2575
"ENSG00000161010.10",740,737,745,845,729,774
"ENSG00000222448.1",7,3,11,9,6,11
"ENSG00000245317.2",49,36,36,32,39,26
"ENSG00000197226.8",2770,2288,3939,4801,3411,2839
"ENSG00000113269.9",617,523,1000,1239,896,396
"ENSG00000146090.11",12,12,19,28,38,33
"ENSG00000050748.13",772,798,582,659,557,466
"ENSG00000253908.1",16,7,9,7,21,5
"ENSG00000248367.1",35,12,10,14,14,12
"ENSG00000131459.8",13,13,15,41,19,10
"ENSG00000113300.7",1184,1021,971,1168,917,745
"ENSG00000250749.1",28,17,20,15,26,19
"ENSG00000037280.11",41,31,41,73,118,69
"ENSG00000260841.1",5,11,9,23,12,13
"ENSG00000131446.11",1743,1528,1731,2383,2345,1172
"ENSG00000245060.2",346,323,335,376,398,211
"ENSG00000196670.9",710,654,672,707,702,585
"ENSG00000113303.7",19,26,42,69,56,65
"ENSG00000168903.8",19,19,44,64,81,77
"ENSG00000165810.12",929,798,2272,2614,2194,2164
"ENSG00000214295.4",10,12,20,14,26,24
"ENSG00000248473.1",18,11,4,0,7,1
"ENSG00000250222.1",16,9,15,24,20,2
"ENSG00000146054.13",296,244,197,253,183,121
"ENSG00000250900.2",16,9,3,4,13,7
"ENSG00000146063.14",1302,1066,899,1216,938,883
"ENSG00000204628.7",35793,32123,29664,37889,27259,10196
"ENSG00000233937.2",416,359,347,319,362,309
"ENSG00000183718.4",527,406,485,481,484,511
"ENSG00000248275.1",131,98,79,120,119,41
"ENSG00000248103.1",390,319,333,301,294,311
"ENSG00000222533.1",15,7,12,11,10,9
"ENSG00000238035.4",132,109,112,130,101,97
"ENSG00000112679.10",528,471,361,550,384,303
"ENSG00000137265.10",8,13,4,13,17,11
"ENSG00000112685.9",1292,1137,1091,1510,1098,523
"ENSG00000230433.1",9,13,11,15,8,20
"ENSG00000188996.4",33,26,13,19,11,26
"ENSG00000219712.1",24,9,16,35,13,22
"ENSG00000164379.4",1,2,9,18,10,3
"ENSG00000054598.5",13,4,5,18,19,8
"ENSG00000112699.6",311,299,365,548,404,183
"ENSG00000250903.4",216,190,248,228,225,228
"ENSG00000236086.3",6,7,12,6,10,13
"ENSG00000164385.5",2,2,0,14,10,5
"ENSG00000145949.8",9,16,12,39,21,21
"ENSG00000124535.11",1482,1403,1423,1795,1787,1117
"ENSG00000021355.8",1753,1489,2054,2411,1767,854
"ENSG00000170542.5",2593,2309,2746,3418,3035,1656
"ENSG00000124570.13",2827,2667,2492,3232,3031,1524
"ENSG00000244041.3",282,273,182,258,208,203
"ENSG00000124588.15",2238,1922,1744,2096,1760,1105
"ENSG00000224846.1",23,19,19,16,15,15
"ENSG00000270346.1",346,297,331,397,422,381
"ENSG00000271361.1",234,227,273,262,381,320
"ENSG00000261015.1",27,25,23,26,37,32
"ENSG00000137275.9",601,503,596,695,576,460
"ENSG00000272277.1",72,73,61,73,72,59
"ENSG00000137274.8",239,188,149,198,136,99
"ENSG00000137267.5",581,537,761,1007,992,401
"ENSG00000216819.1",8,10,7,10,11,11
"ENSG00000230269.2",59,58,49,79,83,39
"ENSG00000137285.9",251,201,263,427,291,190
"ENSG00000180822.7",1074,914,1007,1140,1003,788
"ENSG00000137266.10",853,731,1104,1501,1095,1066
"ENSG00000272320.1",80,44,100,116,94,91
"ENSG00000168994.9",8,6,99,102,106,69
"ENSG00000270504.1",0,0,3,12,11,11
"ENSG00000145945.5",8,7,25,19,29,21
"ENSG00000260604.1",30,28,304,391,533,526
"ENSG00000145965.5",19,10,22,25,26,18
"ENSG00000272248.1",29,29,20,33,16,18
"ENSG00000230648.1",21,20,14,27,18,16
"ENSG00000112739.12",3856,3478,3590,3977,3391,3037
"ENSG00000145975.9",43,35,38,43,33,46
"ENSG00000185689.11",39,22,18,20,32,25
"ENSG00000198721.8",1448,1229,1197,1426,1259,565
"ENSG00000234817.2",6,6,10,1,11,5
"ENSG00000153046.13",2226,1947,2610,2918,2300,1814
"ENSG00000124787.9",127,118,165,171,178,51
"ENSG00000272142.1",2,13,15,23,9,19
"ENSG00000271978.1",7,10,9,8,8,12
"ENSG00000219607.2",84,75,196,301,300,181
"ENSG00000214113.6",821,726,532,728,634,262
"ENSG00000145982.7",545,444,420,522,379,237
"ENSG00000269985.1",30,31,26,19,34,29
"ENSG00000270174.1",43,39,13,21,15,22
"ENSG00000124785.4",3,0,1,14,10,6
"ENSG00000124491.11",15,14,5,44,12,14
"ENSG00000216863.5",3,4,25,44,22,24
"ENSG00000112799.4",3,10,2,9,10,9
"ENSG00000261211.1",37,20,33,42,54,40
"ENSG00000124782.15",6923,6208,5858,7138,5536,5279
"ENSG00000225092.2",152,133,80,82,81,81
"ENSG00000124783.8",2632,2455,2750,3528,3145,1855
"ENSG00000164304.11",16,11,8,22,11,11
"ENSG00000220472.1",17,30,8,40,21,14
"ENSG00000124784.4",564,524,610,875,582,439
"ENSG00000096696.9",63,48,42,102,115,33
"ENSG00000168566.11",862,775,908,1118,772,475
"ENSG00000153162.8",25,11,15,30,19,10
"ENSG00000239264.4",431,441,601,827,585,299
"ENSG00000219294.5",16,10,7,5,13,10
"ENSG00000188428.12",344,310,391,381,385,197
"ENSG00000124802.7",241,214,296,288,270,109
"ENSG00000124786.8",264,248,259,384,313,177
"ENSG00000181355.16",9,14,10,26,13,14
"ENSG00000137203.6",76,49,56,90,52,30
"ENSG00000111846.11",113,116,127,175,143,135
"ENSG00000137434.7",26,11,8,9,17,12
"ENSG00000111845.4",410,408,481,597,561,350
"ENSG00000111843.9",2157,2076,2261,2701,3166,1004
"ENSG00000272097.1",16,24,28,37,25,26
"ENSG00000137210.9",985,906,1307,1635,1815,571
"ENSG00000153157.8",431,372,531,513,557,618
"ENSG00000222383.1",16,14,13,24,20,19
"ENSG00000111837.7",172,124,274,280,359,403
"ENSG00000124827.6",12,13,16,16,22,11
"ENSG00000197977.3",53,56,56,76,147,129
"ENSG00000224531.4",345,370,508,491,482,250
"ENSG00000244476.2",113,61,97,91,76,102
"ENSG00000111859.12",33,28,64,129,84,47
"ENSG00000205269.4",7,18,72,107,188,119
"ENSG00000111863.8",234,176,149,244,82,64
"ENSG00000229896.2",16,7,12,9,13,13
"ENSG00000095951.12",2554,2189,2094,2488,1949,1699
"ENSG00000078401.6",6,4,0,14,11,1
"ENSG00000212802.3",66,68,52,69,58,12
"ENSG00000112137.12",332,287,394,527,573,353
"ENSG00000215022.3",54,47,64,64,77,59
"ENSG00000145979.13",469,466,766,936,777,322
"ENSG00000272379.1",31,23,23,35,46,37
"ENSG00000145990.6",167,163,914,1137,1768,1592
"ENSG00000237786.1",2,3,21,20,41,13
"ENSG00000124523.10",501,464,349,438,444,303
"ENSG00000261071.1",24,20,12,15,19,17
"ENSG00000225921.2",403,336,294,334,327,191
"ENSG00000010017.9",2937,2741,2136,2502,2039,1322
"ENSG00000050393.7",968,864,955,1120,938,656
"ENSG00000180537.8",1164,1027,446,600,419,227
"ENSG00000220868.2",27,17,5,10,4,7
"ENSG00000112149.5",41,55,54,120,126,85
"ENSG00000234261.1",183,177,14,23,23,29
"ENSG00000271888.1",43,37,39,46,48,23
"ENSG00000008083.9",3387,3072,3232,3793,3504,2867
"ENSG00000235488.1",94,44,52,52,43,74
"ENSG00000201367.1",13,7,14,11,9,19
"ENSG00000047579.15",278,248,386,513,378,278
"ENSG00000007944.10",1222,1033,1686,2050,1618,1278
"ENSG00000137198.5",1638,1478,1327,1771,1849,1019
"ENSG00000124788.13",112,106,177,180,193,248
"ENSG00000229931.1",25,39,65,81,56,53
"ENSG00000272341.1",19,28,42,53,69,67
"ENSG00000112186.7",4,8,8,13,17,3
"ENSG00000137414.5",1136,1013,1002,1253,1108,671
"ENSG00000124789.7",6164,5242,4668,5738,4736,3000
"ENSG00000272269.1",945,866,619,796,719,496
"ENSG00000137177.14",3494,3052,2257,2844,1655,1323
"ENSG00000220920.1",42,36,28,17,7,10
"ENSG00000137364.4",785,670,673,825,498,303
"ENSG00000165097.9",1387,1382,1360,1735,949,653
"ENSG00000124795.10",5474,5195,4087,4773,3724,2760
"ENSG00000137393.8",9,7,5,20,18,5
"ENSG00000228412.2",11,15,0,0,5,4
"ENSG00000172197.9",642,507,384,466,336,257
"ENSG00000112242.10",1247,1189,1199,1579,1202,976
"ENSG00000240869.2",69,119,89,84,117,61
"ENSG00000252949.1",31,24,20,18,27,10
"ENSG00000224707.1",74,52,65,57,64,44
"ENSG00000145996.7",1085,917,913,1140,940,602
"ENSG00000233848.1",21,17,17,22,7,13
"ENSG00000124766.4",11,16,41,77,69,39
"ENSG00000112273.5",14,2,3,4,15,10
"ENSG00000124532.10",1026,855,798,1020,837,540
"ENSG00000112293.10",52,61,68,96,102,69
"ENSG00000112294.8",926,856,796,920,871,571
"ENSG00000137261.9",16,14,9,39,18,10
"ENSG00000111802.9",582,588,444,558,465,203
"ENSG00000112304.6",573,608,437,474,383,203
"ENSG00000112308.8",2293,2222,2661,3356,3485,2185
"ENSG00000272402.1",25,20,29,14,23,18
"ENSG00000112312.5",1722,1454,1292,1585,1292,642
"ENSG00000111913.11",26,15,16,55,42,27
"ENSG00000214975.4",11,5,7,10,7,1
"ENSG00000079691.15",27,18,25,53,62,35
"ENSG00000079689.9",3,7,9,43,47,21
"ENSG00000164508.3",17,6,93,145,39,10
"ENSG00000146047.4",16,7,118,110,26,32
"ENSG00000146039.6",16,13,14,22,18,5
"ENSG00000124568.6",7,10,2,20,9,3
"ENSG00000124564.13",5,8,5,18,10,4
"ENSG00000112337.6",11,5,7,21,13,2
"ENSG00000112343.8",356,317,478,567,621,541
"ENSG00000272462.2",114,130,124,120,140,92
"ENSG00000124610.3",3,10,4,7,10,5
"ENSG00000198366.5",176,193,155,241,155,66
"ENSG00000196176.7",430,467,248,353,239,80
"ENSG00000124529.3",3401,3631,2505,3068,2532,701
"ENSG00000124693.2",11632,10932,8594,10482,6803,3333
"ENSG00000137259.2",1062,1013,855,1031,868,354
"ENSG00000187837.2",40272,37340,26570,30689,24391,17328
"ENSG00000010704.14",33,33,30,54,75,65
"ENSG00000197061.3",4136,4818,3191,3817,2420,343
"ENSG00000187475.4",25,26,23,17,38,61
"ENSG00000180596.7",4462,4369,3257,3912,2430,1410
"ENSG00000180573.8",7380,7181,4805,6093,4444,2287
"ENSG00000168298.4",13281,12080,10777,12160,8690,7352
"ENSG00000158373.7",4253,3769,2872,3994,2595,1408
"ENSG00000217159.2",8,7,12,5,8,23
"ENSG00000197697.3",57,28,24,52,28,49
"ENSG00000188987.2",1588,1718,1565,1735,748,391
"ENSG00000216331.1",82,80,91,70,70,70
"ENSG00000197409.6",1944,1664,1901,2376,1384,962
"ENSG00000197846.3",2933,2742,2748,3479,2193,1208
"ENSG00000217275.2",120,101,116,134,119,138
"ENSG00000198518.5",4486,4137,4017,5922,3300,1234
"ENSG00000187990.4",2822,2838,3339,3921,2604,1409
"ENSG00000168274.3",3175,2802,3096,4352,2680,759
"ENSG00000196966.3",14,9,6,13,6,11
"ENSG00000218281.1",33,28,15,16,25,5
"ENSG00000124575.5",2192,1882,1409,1520,916,682
"ENSG00000256316.1",1199,1111,627,789,391,161
"ENSG00000197459.2",874,761,315,329,258,107
"ENSG00000168242.3",5,3,4,11,13,8
"ENSG00000158406.2",1027,1016,859,1252,1316,648
"ENSG00000186470.9",109,112,178,238,182,119
"ENSG00000124508.12",516,415,627,807,823,599
"ENSG00000026950.12",232,209,394,415,242,281
"ENSG00000124549.10",218,162,262,242,269,294
"ENSG00000111801.11",127,86,140,160,123,143
"ENSG00000112763.11",590,502,541,617,557,469
"ENSG00000124557.8",2,11,7,15,21,8
"ENSG00000228223.1",663,566,650,826,735,602
"ENSG00000182952.4",839,808,953,1189,887,487
"ENSG00000146109.3",983,805,910,1043,890,519
"ENSG00000233631.2",8,6,14,13,11,6
"ENSG00000181315.6",224,226,255,310,245,155
"ENSG00000261584.1",12,5,32,21,25,51
"ENSG00000241549.4",241,227,225,239,217,181
"ENSG00000243307.2",57,35,36,31,42,43
"ENSG00000224843.2",29,15,25,31,21,28
"ENSG00000222800.1",8,8,18,7,13,21
"ENSG00000272468.1",378,307,255,254,325,232
"ENSG00000124635.7",6024,6031,4537,5141,3961,1994
"ENSG00000196787.2",14947,13884,10132,13638,10033,4875
"ENSG00000197903.6",11852,11326,9119,12157,10107,4298
"ENSG00000198339.3",2462,2543,1422,1636,1415,689
"ENSG00000184825.4",4076,3749,3443,4509,3073,1145
"ENSG00000265565.1",26,26,15,25,25,12
"ENSG00000112812.11",323,286,286,469,259,174
"ENSG00000158553.3",16,14,12,22,12,9
"ENSG00000204789.3",202,178,230,245,117,141
"ENSG00000124613.4",280,256,403,417,294,292
"ENSG00000271755.1",33,33,45,63,39,34
"ENSG00000096654.11",450,389,583,726,456,327
"ENSG00000238648.1",40,29,10,20,19,4
"ENSG00000217862.2",44,28,18,27,26,22
"ENSG00000185130.4",2122,2007,1294,1930,1101,485
"ENSG00000196747.3",6405,6175,4245,5122,3467,1637
"ENSG00000203813.4",4890,4681,3866,4606,2684,1533
"ENSG00000182611.3",18,33,18,23,19,7
"ENSG00000196374.5",12,7,9,11,7,11
"ENSG00000197238.3",1313,1357,1207,1338,1149,72
"ENSG00000197914.2",1410,1351,1036,1295,977,178
"ENSG00000184348.2",1259,1286,1153,1555,1181,476
"ENSG00000233822.3",4038,3602,2648,3359,2515,1577
"ENSG00000217646.1",10,7,7,5,5,11
"ENSG00000198374.3",851,762,441,686,496,251
"ENSG00000184357.3",1977,1827,1884,2043,1455,1251
"ENSG00000197153.3",536,473,578,754,319,116
"ENSG00000233224.1",33,31,15,25,22,18
"ENSG00000196331.5",3515,3381,2516,3129,2443,1535
"ENSG00000238610.1",20,22,14,13,8,44
"ENSG00000168131.2",112,120,69,89,116,154
"ENSG00000168126.3",157,147,91,113,105,92
"ENSG00000124657.1",139,128,82,107,140,88
"ENSG00000272009.1",41,18,46,41,32,16
"ENSG00000197279.3",61,56,104,114,78,59
"ENSG00000219891.2",16,9,40,58,35,26
"ENSG00000219392.1",25,25,20,20,20,15
"ENSG00000269293.2",238,238,280,297,295,130
"ENSG00000196812.4",39,40,35,45,23,38
"ENSG00000261839.1",3,10,8,10,3,2
"ENSG00000198315.6",2226,2078,2358,2810,2342,1959
"ENSG00000226314.3",88,94,81,100,88,81
"ENSG00000176933.4",45,61,63,72,108,81
"ENSG00000137185.7",419,407,484,556,507,374
"ENSG00000187626.7",207,198,158,283,173,131
"ENSG00000189134.3",6,3,0,14,10,4
"ENSG00000197062.7",218,210,227,247,221,209
"ENSG00000137338.4",384,378,331,323,279,235
"ENSG00000235109.3",353,352,228,253,279,193
"ENSG00000189298.9",540,435,440,611,476,347
"ENSG00000158691.10",739,689,725,863,713,621
"ENSG00000187987.5",38,40,24,33,15,36
"ENSG00000232040.2",41,50,98,93,83,88
"ENSG00000225173.1",12,16,16,21,12,7
"ENSG00000204713.6",1205,980,1016,1208,1123,847
"ENSG00000197935.6",41,36,42,59,81,44
"ENSG00000204681.6",779,646,578,681,644,878
"ENSG00000204623.4",87,84,53,77,66,62
"ENSG00000066379.10",352,296,371,445,330,143
"ENSG00000204619.3",166,124,204,245,181,109
"ENSG00000204613.6",0,0,12,21,30,23
"ENSG00000204610.8",0,1,8,14,38,9
"ENSG00000234127.4",0,2,9,13,14,10
"ENSG00000231074.4",59,69,94,111,114,72
"ENSG00000204599.10",22,29,38,75,33,29
"ENSG00000204592.5",380,310,767,1218,923,330
"ENSG00000204590.8",926,790,782,1043,1053,566
"ENSG00000204576.7",144,134,122,166,120,51
"ENSG00000204574.8",2071,1868,2106,2628,2296,1612
"ENSG00000204569.5",615,504,732,896,687,518
"ENSG00000204568.7",612,579,676,865,729,212
"ENSG00000137343.13",27,36,40,51,40,38
"ENSG00000204564.7",161,173,132,237,162,89
"ENSG00000204560.5",1083,979,961,1297,990,593
"ENSG00000146112.7",258,205,244,321,241,233
"ENSG00000137404.10",188,131,65,102,118,47
"ENSG00000137337.10",1146,961,934,1148,988,650
"ENSG00000196230.8",5544,5919,4267,5657,4359,1462
"ENSG00000137312.10",2859,2601,2429,3147,2507,1578
"ENSG00000137331.11",41,61,27,38,40,17
"ENSG00000204580.7",1169,1096,695,1025,935,475
"ENSG00000213780.6",9,13,6,17,8,9
"ENSG00000137411.12",1323,1259,1122,1337,1097,862
"ENSG00000204536.9",677,673,638,775,595,538
"ENSG00000137310.7",130,117,116,146,170,61
"ENSG00000234745.5",3,2,23,19,86,25
"ENSG00000204520.8",123,104,77,105,113,52
"ENSG00000204516.5",263,257,197,251,225,112
"ENSG00000198563.9",66,52,58,41,54,47
"ENSG00000204498.6",150,142,143,177,173,75
"ENSG00000204472.8",30,20,114,162,221,113
"ENSG00000204469.8",10542,9305,9178,11851,9136,6729
"ENSG00000204463.8",6844,6223,5431,7258,6279,3484
"ENSG00000204444.6",51,32,50,45,49,23
"ENSG00000204438.6",145,123,214,259,252,131
"ENSG00000204435.9",246,219,168,357,314,94
"ENSG00000204427.7",116,101,123,119,151,55
"ENSG00000204420.4",0,1,1,17,10,11
"ENSG00000213722.4",472,468,523,752,591,277
"ENSG00000213719.4",9376,8355,10555,13017,12301,5219
"ENSG00000204410.10",108,62,68,89,72,70
"ENSG00000204396.6",94,62,57,71,105,57
"ENSG00000204394.8",7190,6213,8099,11126,9315,4520
"ENSG00000204392.6",441,506,420,504,367,156
"ENSG00000204387.8",3321,3023,2137,2585,2082,635
"ENSG00000204386.6",1059,980,779,1283,1057,324
"ENSG00000204385.6",147,126,165,195,180,116
"ENSG00000204371.7",1962,1832,1727,2074,1425,893
"ENSG00000204366.3",8,12,13,22,5,2
"ENSG00000204356.7",1042,868,983,1266,994,500
"ENSG00000204351.7",1920,1670,1750,2212,1809,1415
"ENSG00000204348.5",144,128,148,221,155,94
"ENSG00000204344.10",213,241,268,272,266,152
"ENSG00000244731.3",17,14,24,43,13,21
"ENSG00000224389.4",7,5,17,26,15,9
"ENSG00000168477.13",311,304,354,429,402,192
"ENSG00000213676.6",2089,1977,1546,2054,1734,1022
"ENSG00000204315.3",43,36,22,35,22,8
"ENSG00000204314.6",32,27,42,36,43,31
"ENSG00000221988.8",85,73,59,74,48,12
"ENSG00000204310.6",309,252,254,312,292,202
"ENSG00000204308.6",1147,1089,1069,1490,1172,485
"ENSG00000204305.9",57,58,76,67,81,100
"ENSG00000204304.7",1823,1572,1565,1846,1592,1162
"ENSG00000213654.5",97,59,146,204,207,169
"ENSG00000204267.9",10,18,9,25,10,9
"ENSG00000204264.4",0,0,33,72,19,9
"ENSG00000240065.3",5,3,10,10,9,1
"ENSG00000168394.9",27,24,64,82,49,26
"ENSG00000204256.8",2135,1957,2098,2639,2120,1663
"ENSG00000204248.6",18,6,26,21,23,52
"ENSG00000204231.6",232,215,275,281,255,182
"ENSG00000112473.12",1306,1188,1065,1552,1445,617
"ENSG00000204228.3",326,321,211,230,131,69
"ENSG00000204227.4",480,439,501,697,608,342
"ENSG00000223501.4",1129,1065,1078,1362,1031,602
"ENSG00000231500.2",40737,39875,35359,40019,30494,8743
"ENSG00000227057.3",730,655,802,954,834,432
"ENSG00000204220.5",485,426,515,550,492,422
"ENSG00000237441.5",781,729,630,776,847,661
"ENSG00000231925.7",1467,1261,1294,1897,1246,786
"ENSG00000236104.2",23,20,19,36,27,9
"ENSG00000204209.6",703,587,571,725,688,409
"ENSG00000237649.3",1863,1780,1420,1693,1365,896
"ENSG00000112511.13",1151,1075,713,888,863,558
"ENSG00000112514.11",1524,1390,1180,1738,1431,458
"ENSG00000197283.8",353,323,612,734,726,872
"ENSG00000213588.4",12,13,22,27,36,13
"ENSG00000030110.8",275,257,398,535,526,262
"ENSG00000096433.6",3100,2799,1139,1367,1173,1146
"ENSG00000137288.5",896,811,711,779,679,411
"ENSG00000161904.7",1371,1107,1052,1401,1184,883
"ENSG00000124493.9",18,26,18,40,40,23
"ENSG00000137309.15",26881,25246,22482,31121,26418,17515
"ENSG00000186577.7",424,393,513,705,612,259
"ENSG00000220583.1",9,13,3,24,23,9
"ENSG00000272325.1",2054,1764,2075,2726,2175,1465
"ENSG00000124614.9",168,155,156,176,125,78
"ENSG00000124507.6",288,246,241,312,174,158
"ENSG00000124664.6",12,3,4,18,20,20
"ENSG00000196114.3",5,1,8,11,14,18
"ENSG00000196821.5",3771,3249,3493,3751,3278,2531
"ENSG00000216636.1",31,20,20,23,32,21
"ENSG00000265123.1",18,12,15,7,10,14
"ENSG00000220643.1",20,10,6,6,7,12
"ENSG00000272288.1",28,33,20,23,24,14
"ENSG00000217130.1",36,43,17,39,30,7
"ENSG00000124562.5",1843,1807,1552,1764,1348,588
"ENSG00000065060.12",3293,2921,2750,3491,3150,1995
"ENSG00000064995.12",602,579,573,613,589,409
"ENSG00000064999.12",974,918,1140,1256,1239,861
"ENSG00000187762.5",11,11,21,12,11,21
"ENSG00000124678.13",11,13,5,21,25,7
"ENSG00000146197.7",395,292,357,384,356,425
"ENSG00000272374.1",72,61,66,67,46,66
"ENSG00000065029.10",776,662,503,613,597,533
"ENSG00000023892.9",1035,859,813,996,787,676
"ENSG00000112033.9",1014,844,1350,1688,1749,1678
"ENSG00000112039.3",654,582,422,542,451,262
"ENSG00000198755.6",14929,14302,11770,14702,11541,3726
"ENSG00000007866.14",466,389,414,572,533,430
"ENSG00000112041.8",28,28,34,69,73,51
"ENSG00000219023.1",11,7,15,7,12,2
"ENSG00000096060.10",3076,2769,2308,3016,2621,1757
"ENSG00000157343.4",8,8,5,12,14,8
"ENSG00000137392.5",9,11,1,13,4,0
"ENSG00000197753.6",1,11,2,8,12,3
"ENSG00000096063.10",3935,3549,4424,4960,4142,2665
"ENSG00000112053.9",10,13,14,35,24,10
"ENSG00000112062.6",1389,1329,1406,1904,1890,873
"ENSG00000237719.1",23,15,26,24,32,19
"ENSG00000156711.12",28,29,41,52,93,107
"ENSG00000246982.2",139,123,120,125,104,137
"ENSG00000096070.15",1263,1104,1234,1630,1393,1248
"ENSG00000180316.7",12,9,3,24,27,8
"ENSG00000189325.6",28,10,5,17,18,6
"ENSG00000010030.9",9,13,5,31,13,8
"ENSG00000112078.9",3286,3090,5104,6496,5921,3515
"ENSG00000240733.2",9,8,17,19,16,9
"ENSG00000112079.8",1003,932,1204,1522,1323,1087
"ENSG00000264878.1",12,7,15,8,11,6
"ENSG00000112081.12",4213,3589,3787,4786,4129,2483
"ENSG00000124762.9",76,66,267,345,861,527
"ENSG00000255587.3",20,12,6,28,27,8
"ENSG00000124772.7",49,39,37,48,69,37
"ENSG00000137168.7",970,916,1060,1259,867,348
"ENSG00000198663.12",3222,3041,3363,4321,3719,2341
"ENSG00000164530.9",24,9,9,12,22,6
"ENSG00000137409.14",4859,4460,3791,5257,4220,2099
"ENSG00000146192.10",38,16,23,37,33,21
"ENSG00000226976.1",18,17,11,24,16,5
"ENSG00000137193.9",45103,41190,11886,15611,8544,5002
"ENSG00000172738.7",81,78,43,50,55,44
"ENSG00000065491.8",1515,1390,984,1184,1007,747
"ENSG00000112130.12",629,512,780,943,762,542
"ENSG00000137200.8",2312,2027,2337,2899,2106,1386
"ENSG00000198937.8",283,274,246,297,224,107
"ENSG00000112139.10",31,34,39,57,166,119
"ENSG00000225945.1",7,7,5,15,21,2
"ENSG00000156639.7",753,749,1061,1467,1502,1170
"ENSG00000243313.2",14,13,21,16,10,24
"ENSG00000218521.1",8,12,12,12,13,17
"ENSG00000183826.12",112,83,190,191,253,213
"ENSG00000124767.6",4743,4255,4202,5136,3518,1545
"ENSG00000124721.13",1178,1067,1536,1827,1614,1694
"ENSG00000219273.1",31,15,12,29,15,28
"ENSG00000231150.1",5,0,5,16,14,7
"ENSG00000112164.5",8,7,51,55,133,119
"ENSG00000112167.5",209,178,226,263,218,136
"ENSG00000217165.1",29,37,52,48,49,26
"ENSG00000164626.8",1135,952,922,1294,1189,723
"ENSG00000095981.6",6,6,7,19,11,9
"ENSG00000164627.13",18,13,8,35,45,8
"ENSG00000146122.12",15,20,6,21,49,29
"ENSG00000124615.13",38,46,153,227,476,265
"ENSG00000180211.5",14,13,20,23,27,16
"ENSG00000204091.3",7,12,297,411,392,243
"ENSG00000156564.8",13,12,12,12,17,5
"ENSG00000124602.5",39,39,47,62,62,50
"ENSG00000124596.12",679,655,578,765,577,412
"ENSG00000112212.7",28,17,24,42,19,22
"ENSG00000124701.5",38,31,28,40,35,32
"ENSG00000001167.10",701,727,743,834,774,461
"ENSG00000161912.13",58,43,64,87,114,102
"ENSG00000161911.7",5,7,3,16,12,5
"ENSG00000095970.12",10,2,3,15,9,2
"ENSG00000112195.8",12,13,102,162,223,145
"ENSG00000124731.8",12,4,8,16,9,15
"ENSG00000234753.1",43,47,47,74,68,17
"ENSG00000137166.10",755,621,685,791,798,716
"ENSG00000112559.9",4,1,1,12,10,1
"ENSG00000112561.13",109,89,108,181,186,133
"ENSG00000096088.12",9,9,11,26,21,5
"ENSG00000137218.6",159,162,134,150,135,73
"ENSG00000124593.10",389,352,319,395,364,323
"ENSG00000164663.9",840,726,632,723,723,715
"ENSG00000227516.1",7,13,5,5,2,11
"ENSG00000124641.10",626,604,701,950,706,363
"ENSG00000112578.5",781,709,733,907,730,478
"ENSG00000112576.8",4591,4061,3650,5013,4471,1860
"ENSG00000223946.1",10,8,12,3,8,5
"ENSG00000137413.11",1805,1599,1558,2038,1642,1116
"ENSG00000261068.1",1,14,6,4,11,5
"ENSG00000188112.4",69,71,38,72,80,51
"ENSG00000112599.8",74,72,49,71,75,89
"ENSG00000048544.5",1021,933,805,1017,794,414
"ENSG00000124496.8",29,29,322,422,579,579
"ENSG00000024048.6",3279,3027,3720,4271,3781,2414
"ENSG00000206848.1",12,16,12,9,8,4
"ENSG00000112619.6",12,15,18,18,26,29
"ENSG00000124659.5",456,401,439,500,556,436
"ENSG00000112624.8",875,868,813,947,724,606
"ENSG00000146223.10",3197,2966,3540,4071,3739,2203
"ENSG00000221821.2",16,15,6,18,18,7
"ENSG00000171611.5",4,6,7,26,17,10
"ENSG00000137161.12",777,708,720,952,700,582
"ENSG00000231113.2",44,44,50,86,46,43
"ENSG00000181524.6",40,53,43,42,27,17
"ENSG00000124713.5",28,25,15,16,32,27
"ENSG00000124587.9",1386,1201,1513,1885,1577,999
"ENSG00000112640.10",1750,1517,1493,1949,1260,737
"ENSG00000124733.3",751,638,599,858,768,393
"ENSG00000124702.13",2995,2762,2327,3264,2617,926
"ENSG00000124541.6",651,595,661,816,764,465
"ENSG00000272223.1",9,5,12,15,11,12
"ENSG00000044090.4",3905,3575,3246,4078,3542,2463
"ENSG00000137171.10",876,786,1120,1308,1021,756
"ENSG00000112651.7",1379,1249,1194,1780,1220,484
"ENSG00000112655.11",685,657,1166,1582,338,271
"ENSG00000112658.6",1789,1625,1612,2021,1839,1274
"ENSG00000112659.9",1622,1330,1564,2011,1836,1566
"ENSG00000112667.8",1788,1705,1189,1662,1168,567
"ENSG00000146216.7",28,21,16,61,40,10
"ENSG00000137204.10",19,7,12,20,26,14
"ENSG00000146215.9",7,8,21,40,30,10
"ENSG00000171467.11",2510,2344,4212,5421,3262,2527
"ENSG00000179157.4",16,15,9,18,7,11
"ENSG00000124574.10",857,706,918,1200,865,772
"ENSG00000171462.10",34,26,57,80,69,37
"ENSG00000137221.10",649,587,696,865,701,638
"ENSG00000204052.4",24,23,17,26,25,17
"ENSG00000171453.13",638,555,704,955,681,339
"ENSG00000137207.7",1139,1042,917,1286,1225,621
"ENSG00000271754.1",16,7,17,11,10,20
"ENSG00000124571.13",4670,4273,4602,5256,4141,2582
"ENSG00000219470.1",52,36,65,29,40,58
"ENSG00000170734.7",1023,925,1096,1226,973,644
"ENSG00000203362.2",53,62,43,44,48,38
"ENSG00000172432.14",3943,3465,3965,5021,5502,4610
"ENSG00000124688.9",662,615,642,837,730,382
"ENSG00000172426.11",61,61,45,99,64,63
"ENSG00000096080.7",501,463,527,658,638,348
"ENSG00000112715.16",15667,13984,12652,15228,15877,14096
"ENSG00000237686.2",117,99,1742,1948,3474,2258
"ENSG00000181577.11",10,12,53,78,197,121
"ENSG00000231881.1",36,24,20,31,44,36
"ENSG00000180992.5",1143,1066,1152,1377,1127,493
"ENSG00000137216.14",2829,2421,1678,2253,2058,1446
"ENSG00000137225.8",28,33,32,44,44,48
"ENSG00000112759.12",3173,2745,1510,2299,1999,846
"ENSG00000096384.15",51554,47567,40851,53158,44762,22135
"ENSG00000157593.12",916,716,674,991,858,321
"ENSG00000146232.10",277,222,260,417,388,222
"ENSG00000178233.13",19,7,3,20,18,14
"ENSG00000272442.2",25,18,16,30,27,6
"ENSG00000146221.8",17,8,20,49,21,29
"ENSG00000124608.4",1295,1062,1325,1641,1481,1262
"ENSG00000096401.7",1718,1574,1667,1883,1726,1003
"ENSG00000196284.9",352,279,266,370,272,198
"ENSG00000270900.1",10,5,7,5,4,16
"ENSG00000219384.1",8,8,4,12,5,12
"ENSG00000124813.16",118,83,62,89,38,41
"ENSG00000112782.11",10,17,12,26,28,16
"ENSG00000172348.10",15,3,1,16,11,3
"ENSG00000146233.3",6,7,9,29,13,7
"ENSG00000153291.11",6,16,0,11,13,5
"ENSG00000180113.11",31,23,177,264,108,56
"ENSG00000112818.5",14,9,11,19,16,4
"ENSG00000069122.14",18,16,11,39,40,10
"ENSG00000153292.11",24,17,17,50,55,14
"ENSG00000146072.6",165,154,450,615,661,409
"ENSG00000270761.1",33,38,15,46,20,12
"ENSG00000198087.7",3331,3014,1992,2449,1912,1554
"ENSG00000216813.1",26,22,28,19,15,19
"ENSG00000164393.4",6,10,4,23,20,6
"ENSG00000153294.7",5,8,8,13,16,9
"ENSG00000124818.10",13,7,8,24,16,4
"ENSG00000244694.3",13,12,3,16,23,7
"ENSG00000146085.7",956,816,749,889,739,260
"ENSG00000031691.6",293,258,269,238,175,152
"ENSG00000112077.11",9155,8390,2560,3582,3375,1538
"ENSG00000124812.10",2,3,3,15,15,9
"ENSG00000008197.4",19,10,4,13,22,9
"ENSG00000008196.8",12,10,5,16,11,3
"ENSG00000170927.10",72,59,38,104,108,45
"ENSG00000112118.13",5836,5299,4410,5616,5248,2907
"ENSG00000170915.8",704,645,320,415,611,296
"ENSG00000096093.10",342,289,283,363,314,241
"ENSG00000065308.4",654,587,646,851,866,605
"ENSG00000225791.2",33,45,64,51,50,32
"ENSG00000216775.2",118,92,162,244,191,159
"ENSG00000096092.5",34,26,40,43,35,13
"ENSG00000244067.1",8,9,3,13,15,5
"ENSG00000182793.6",5,4,6,19,11,2
"ENSG00000174156.9",15,2,3,10,12,3
"ENSG00000170899.6",47,34,10,24,23,5
"ENSG00000202198.1",316481,400118,302703,321638,382327,155675
"ENSG00000112144.11",112,99,110,143,166,86
"ENSG00000112146.12",794,648,673,765,899,617
"ENSG00000137270.10",1,5,5,13,25,7
"ENSG00000012660.9",4918,4244,3124,3938,2898,1974
"ENSG00000264056.1",14,21,7,8,2,5
"ENSG00000217527.1",123,99,52,46,39,23
"ENSG00000001084.6",401,319,403,482,437,305
"ENSG00000124743.5",25,10,6,8,6,7
"ENSG00000137269.10",8,11,5,16,14,6
"ENSG00000146147.10",23,16,16,40,28,15
"ENSG00000137251.11",13,12,8,22,6,7
"ENSG00000168143.8",7,7,2,27,26,10
"ENSG00000137252.5",4,8,4,20,12,5
"ENSG00000124749.12",20,10,12,30,40,19
"ENSG00000151914.13",739,600,1999,2615,2354,2233
"ENSG00000151917.13",21,18,31,48,44,49
"ENSG00000168116.9",654,567,735,832,851,435
"ENSG00000112200.12",3681,3144,3308,3781,3686,2591
"ENSG00000226803.3",208,171,156,188,197,189
"ENSG00000112208.10",995,948,1010,1052,927,641
"ENSG00000112210.7",358,310,301,346,286,187
"ENSG00000146143.13",697,532,728,804,597,393
"ENSG00000272316.1",22,19,72,61,53,42
"ENSG00000239650.3",34,20,27,44,16,40
"ENSG00000215190.4",181,156,174,212,198,161
"ENSG00000198225.4",10,6,7,11,5,2
"ENSG00000112245.6",879,705,790,1052,941,594
"ENSG00000118482.7",3393,3079,3660,4205,3463,2937
"ENSG00000188107.9",103,107,158,191,249,184
"ENSG00000227706.3",7922,6505,7413,9642,8679,8943
"ENSG00000230910.2",12,21,30,70,55,26
"ENSG00000135298.9",543,551,576,774,529,429
"ENSG00000168216.6",383,338,261,393,295,166
"ENSG00000219085.1",49,19,9,25,19,14
"ENSG00000219881.1",31,37,28,12,23,14
"ENSG00000082293.8",25,20,19,43,43,22
"ENSG00000112280.11",26,23,20,44,50,21
"ENSG00000237643.1",763,727,570,729,594,197
"ENSG00000224349.2",13,6,12,10,10,9
"ENSG00000082269.12",384,286,492,609,477,389
"ENSG00000154079.5",245,218,219,263,207,128
"ENSG00000112305.10",373,296,292,422,321,200
"ENSG00000262803.1",13,2,15,5,12,8
"ENSG00000112309.6",25,20,4,30,10,16
"ENSG00000119900.7",17,4,8,6,14,4
"ENSG00000079841.14",33,32,30,58,40,20
"ENSG00000185760.11",219,187,75,116,20,14
"ENSG00000233844.1",22,19,4,22,0,1
"ENSG00000135314.8",215,194,174,189,223,155
"ENSG00000229852.2",155,110,114,68,106,78
"ENSG00000234882.1",12,12,11,12,14,16
"ENSG00000235174.1",58,38,35,63,48,7
"ENSG00000080007.6",9,5,4,11,12,5
"ENSG00000164430.11",6,3,4,10,25,3
"ENSG00000135297.11",944,782,942,1133,976,531
"ENSG00000156508.13",223345,214613,159843,200505,155293,43928
"ENSG00000119899.11",285,249,242,327,255,127
"ENSG00000156535.9",28,38,126,181,139,53
"ENSG00000111799.16",40,53,38,96,102,35
"ENSG00000112695.7",1266,1257,1057,1463,1294,135
"ENSG00000112697.11",847,866,596,826,735,399
"ENSG00000225793.2",19,14,31,20,40,16
"ENSG00000118407.10",28,27,38,74,45,38
"ENSG00000112701.13",1470,1365,1527,1697,1475,1313
"ENSG00000217488.2",29,23,16,20,15,31
"ENSG00000252498.1",23,16,14,17,14,11
"ENSG00000200091.1",18,10,11,28,13,19
"ENSG00000196586.9",887,794,192,277,231,152
"ENSG00000112706.7",13,12,5,15,20,9
"ENSG00000269964.2",4,5,10,10,7,0
"ENSG00000146243.9",109,81,133,170,92,70
"ENSG00000146247.13",3649,3044,2919,3535,2896,2540
"ENSG00000217512.1",18,20,15,13,26,8
"ENSG00000118418.10",214,204,270,322,230,212
"ENSG00000270362.1",69,53,57,57,53,36
"ENSG00000135338.9",147,145,183,237,150,127
"ENSG00000261970.1",23,20,17,22,4,28
"ENSG00000272137.1",23,19,14,14,12,18
"ENSG00000198478.6",525,472,385,457,236,176
"ENSG00000112742.5",1259,1170,1071,1165,863,510
"ENSG00000218418.2",15,17,11,31,20,20
"ENSG00000083123.10",384,372,428,517,273,198
"ENSG00000272129.1",8,4,10,7,10,10
"ENSG00000233967.2",28,21,17,26,8,23
"ENSG00000260645.1",29,19,14,10,4,10
"ENSG00000112773.11",120,133,287,345,231,166
"ENSG00000226453.1",28,18,55,86,51,62
"ENSG00000005700.10",1043,1000,1106,1296,1068,652
"ENSG00000146242.5",11,12,373,565,382,255
"ENSG00000118420.12",235,204,377,433,326,283
"ENSG00000083097.10",212,198,296,314,312,213
"ENSG00000013375.11",1507,1336,1424,1794,1423,719
"ENSG00000013392.6",109,90,131,163,163,99
"ENSG00000065833.7",323,348,292,411,390,213
"ENSG00000065609.10",17,13,11,48,32,21
"ENSG00000065615.9",357,355,449,553,499,303
"ENSG00000135324.5",555,471,196,233,129,68
"ENSG00000135315.7",246,246,236,279,257,209
"ENSG00000231776.1",1,0,14,16,6,3
"ENSG00000112837.12",865,744,758,1084,881,733
"ENSG00000228290.2",5,8,15,14,22,15
"ENSG00000135318.7",9,13,9,27,17,15
"ENSG00000135317.8",1165,1147,894,1192,994,467
"ENSG00000135316.13",2603,2239,2430,2922,2399,1448
"ENSG00000236016.3",78,53,44,42,40,32
"ENSG00000203875.6",2389,2292,2574,3231,2717,773
"ENSG00000272008.1",10,11,12,17,6,13
"ENSG00000188994.8",2231,1947,2087,2439,2326,2001
"ENSG00000218313.1",85,76,48,47,52,52
"ENSG00000164411.6",32,9,29,23,17,12
"ENSG00000111850.6",159,126,171,213,147,82
"ENSG00000226524.2",11,13,29,31,29,53
"ENSG00000203872.6",59,56,105,140,111,161
"ENSG00000203871.4",2,3,9,25,18,21
"ENSG00000213204.4",22,13,16,16,15,22
"ENSG00000164414.12",53,54,38,57,62,39
"ENSG00000146282.13",824,700,774,853,817,504
"ENSG00000135336.10",1083,904,1060,1035,897,578
"ENSG00000135334.8",1413,1335,1212,1526,1064,865
"ENSG00000118432.11",8,10,44,59,74,41
"ENSG00000220267.1",5,2,39,31,31,67
"ENSG00000234426.1",4,2,53,75,52,38
"ENSG00000111880.11",690,572,683,781,624,387
"ENSG00000146278.10",979,758,672,948,732,530
"ENSG00000154548.8",2,7,3,11,19,3
"ENSG00000146281.5",223,228,8,16,23,10
"ENSG00000146276.7",9,5,4,23,9,11
"ENSG00000111886.9",8,4,8,17,13,12
"ENSG00000198833.6",848,752,696,1031,816,511
"ENSG00000025039.10",40,22,51,30,60,31
"ENSG00000135299.12",17,25,178,215,86,69
"ENSG00000083099.6",359,302,405,447,423,230
"ENSG00000112159.7",8834,7755,8666,10403,8084,6068
"ENSG00000217653.1",75,60,96,85,66,60
"ENSG00000118412.8",1114,1015,1031,1173,1124,977
"ENSG00000135355.3",3,9,2,11,13,4
"ENSG00000112182.10",138,130,261,401,309,255
"ENSG00000135341.13",1677,1577,1804,2137,1716,1038
"ENSG00000135333.9",16,19,12,31,61,15
"ENSG00000261366.1",17,19,19,24,19,13
"ENSG00000172469.10",276,258,231,314,227,82
"ENSG00000172461.6",9,4,3,11,10,5
"ENSG00000233797.1",8,7,4,5,10,10
"ENSG00000014123.9",997,855,1001,1186,859,531
"ENSG00000112218.7",156,123,167,283,139,96
"ENSG00000123545.5",237,240,255,303,327,109
"ENSG00000186231.12",67,62,97,119,87,64
"ENSG00000146263.7",1310,1197,1010,1070,990,779
"ENSG00000184486.7",75,76,13,16,20,8
"ENSG00000112234.4",817,683,606,811,645,381
"ENSG00000146267.11",23,7,3,15,17,9
"ENSG00000132423.6",227,173,180,309,208,74
"ENSG00000132424.10",4398,3808,3717,4302,3770,3871
"ENSG00000228506.1",182,148,132,199,154,106
"ENSG00000123552.13",450,432,511,554,494,319
"ENSG00000228439.3",31,22,38,36,33,45
"ENSG00000112237.8",751,779,661,779,681,340
"ENSG00000272017.1",39,33,14,19,47,17
"ENSG00000112238.11",9,11,1,19,12,4
"ENSG00000216378.1",0,1,2,18,9,10
"ENSG00000112246.5",9,13,9,20,23,12
"ENSG00000112249.9",1613,1376,1672,1991,1716,1107
"ENSG00000260000.2",33,52,31,70,35,22
"ENSG00000164418.15",12,6,6,30,13,11
"ENSG00000085382.7",765,643,557,686,688,407
"ENSG00000187772.6",724,657,818,1043,920,427
"ENSG00000112276.9",16,12,3,7,9,3
"ENSG00000132429.5",28,25,9,7,11,3
"ENSG00000085377.9",729,624,740,905,708,349
"ENSG00000231628.1",15,4,16,25,7,5
"ENSG00000216639.1",16,9,4,2,15,13
"ENSG00000057657.10",69,72,57,61,94,62
"ENSG00000057663.8",573,544,817,891,564,279
"ENSG00000112297.10",51,43,34,66,68,34
"ENSG00000130347.8",273,217,177,207,163,90
"ENSG00000130348.7",481,411,404,530,413,191
"ENSG00000130349.5",127,137,156,163,144,125
"ENSG00000178409.9",268,210,191,231,245,109
"ENSG00000164494.7",296,327,384,473,370,180
"ENSG00000112320.7",13,9,8,30,35,9
"ENSG00000146285.9",10,10,3,16,20,8
"ENSG00000025796.9",1308,1240,1175,1546,1473,1035
"ENSG00000272476.1",271,305,202,264,328,142
"ENSG00000225093.1",10,18,9,16,19,11
"ENSG00000081087.10",325,288,279,378,347,160
"ENSG00000112333.7",8,7,2,18,14,5
"ENSG00000112335.10",2007,1907,1415,1827,1425,723
"ENSG00000135537.12",219,171,214,209,280,152
"ENSG00000118689.10",1246,1089,1417,1708,1289,979
"ENSG00000228976.1",5,8,8,10,3,10
"ENSG00000118690.8",51,48,45,64,28,51
"ENSG00000080546.9",317,276,368,447,429,228
"ENSG00000183137.10",859,730,843,916,640,502
"ENSG00000243587.6",57,51,86,151,132,112
"ENSG00000203799.6",38,18,46,32,46,60
"ENSG00000135535.10",7248,6578,4138,5814,4648,2587
"ENSG00000260273.1",19,8,19,9,21,12
"ENSG00000185250.11",20,34,34,30,23,16
"ENSG00000135587.4",282,205,195,265,201,134
"ENSG00000135596.13",658,485,618,709,634,547
"ENSG00000112365.4",285,229,261,327,316,194
"ENSG00000155085.11",34,29,41,61,75,44
"ENSG00000112367.6",130,120,221,258,252,118
"ENSG00000146360.7",10,10,11,15,13,3
"ENSG00000112290.8",186,190,286,388,420,287
"ENSG00000168438.10",647,577,630,785,569,297
"ENSG00000203797.5",10,8,7,26,18,6
"ENSG00000004809.9",15,7,3,22,36,13
"ENSG00000155111.10",537,492,558,713,586,433
"ENSG00000213150.2",12,12,14,9,25,16
"ENSG00000213149.3",12,12,7,24,25,30
"ENSG00000123505.10",984,922,948,945,891,570
"ENSG00000155115.6",325,288,356,429,428,217
"ENSG00000197498.8",642,561,741,808,828,405
"ENSG00000112394.12",28,23,306,386,239,178
"ENSG00000173214.5",701,600,666,817,714,768
"ENSG00000230177.1",54,40,70,90,81,86
"ENSG00000271789.1",27,28,38,36,51,57
"ENSG00000009413.11",1294,1255,1161,1351,1291,1425
"ENSG00000272356.1",67,56,54,95,78,85
"ENSG00000220392.1",3,5,5,12,12,13
"ENSG00000218676.1",57,31,19,20,32,13
"ENSG00000231889.3",161,148,108,131,135,77
"ENSG00000056972.14",477,403,374,511,393,253
"ENSG00000255389.1",8,14,10,17,15,16
"ENSG00000010810.13",690,628,1403,1733,1963,1470
"ENSG00000112761.14",12,12,9,37,23,8
"ENSG00000074935.9",430,343,511,561,467,299
"ENSG00000203778.3",24,15,43,70,55,11
"ENSG00000112769.14",37,24,15,75,37,23
"ENSG00000251258.1",16,13,65,89,125,65
"ENSG00000155130.5",9,13,2,25,11,8
"ENSG00000196591.7",2794,2564,2509,3165,2343,1126
"ENSG00000228624.3",52,44,27,28,40,36
"ENSG00000111816.6",4,13,15,22,26,6
"ENSG00000178425.9",338,306,258,326,182,96
"ENSG00000123500.5",30,46,17,30,14,22
"ENSG00000218428.1",8,10,4,1,14,3
"ENSG00000187189.9",332,274,294,377,375,211
"ENSG00000111817.12",29,23,86,121,118,66
"ENSG00000189241.6",893,906,971,1252,974,537
"ENSG00000164451.9",6,4,1,12,21,2
"ENSG00000111832.8",482,417,325,504,388,143
"ENSG00000111834.8",15,6,13,27,16,16
"ENSG00000153975.5",636,529,525,553,472,377
"ENSG00000196911.5",279,276,265,347,220,151
"ENSG00000173612.5",6,9,11,15,20,7
"ENSG00000185002.5",5,16,18,29,23,13
"ENSG00000170162.9",8,12,3,20,9,5
"ENSG00000047936.6",19,20,13,40,40,20
"ENSG00000047932.9",689,626,773,1009,788,447
"ENSG00000164465.14",238,194,104,196,195,101
"ENSG00000218233.1",8,19,15,22,27,19
"ENSG00000153989.7",717,690,680,738,705,433
"ENSG00000196376.6",6,10,28,49,21,12
"ENSG00000230202.1",102,95,49,71,49,35
"ENSG00000111860.9",609,521,563,638,667,483
"ENSG00000169075.7",18,18,22,27,29,15
"ENSG00000198523.5",29,17,21,17,21,20
"ENSG00000217330.1",15,15,16,16,9,17
"ENSG00000111877.13",493,397,463,583,457,325
"ENSG00000111875.7",695,614,575,646,548,290
"ENSG00000253194.1",22,17,11,18,15,18
"ENSG00000111879.14",624,556,654,690,476,565
"ENSG00000111885.5",7785,6763,4768,6874,5332,3588
"ENSG00000216316.1",91,59,75,65,69,114
"ENSG00000146350.9",347,280,530,664,449,415
"ENSG00000152661.7",4,2,57,111,55,31
"ENSG00000025156.8",689,619,453,590,352,263
"ENSG00000111897.6",1462,1284,1038,1394,1132,720
"ENSG00000135549.10",217,192,224,268,273,110
"ENSG00000272472.1",8,10,8,16,2,9
"ENSG00000164434.7",6,5,4,21,13,2
"ENSG00000172594.8",6,22,10,13,26,10
"ENSG00000186439.8",41,23,47,57,57,43
"ENSG00000236548.1",13,12,10,13,31,12
"ENSG00000146373.12",2163,1946,741,871,779,563
"ENSG00000111907.16",1245,1025,706,879,379,270
"ENSG00000111906.13",1832,1698,1324,1798,1432,592
"ENSG00000237742.2",3,6,42,41,56,24
"ENSG00000135547.4",12,6,14,23,13,9
"ENSG00000111912.14",483,433,659,774,728,485
"ENSG00000232131.1",17,11,9,10,21,8
"ENSG00000111911.5",492,524,468,577,305,251
"ENSG00000066651.13",694,580,555,668,450,379
"ENSG00000231842.1",4,2,6,21,13,11
"ENSG00000213133.4",3,4,7,10,12,4
"ENSG00000203760.4",541,456,366,420,361,171
"ENSG00000118518.11",267,257,280,293,280,183
"ENSG00000093144.14",523,453,533,575,537,337
"ENSG00000251768.1",15,13,7,3,13,15
"ENSG00000213131.3",4,3,1,1,11,10
"ENSG00000184530.8",7,13,1,13,5,0
"ENSG00000172673.6",6,4,11,25,15,8
"ENSG00000152894.10",20,22,12,38,35,9
"ENSG00000196569.7",62,21,45,77,60,41
"ENSG00000146376.6",1447,1297,1034,1125,1074,657
"ENSG00000198945.3",160,160,298,345,385,288
"ENSG00000164483.12",4,14,6,16,12,6
"ENSG00000164484.7",12,8,2,31,22,1
"ENSG00000079819.12",1591,1227,1581,1913,745,609
"ENSG00000118507.11",43,26,40,58,33,25
"ENSG00000118520.9",28,25,29,42,24,33
"ENSG00000112282.13",1568,1446,1441,1724,1433,901
"ENSG00000154269.10",1232,1017,1990,2415,1468,951
"ENSG00000252560.1",0,1,12,18,3,9
"ENSG00000180658.2",37,33,67,70,25,68
"ENSG00000236761.4",64,51,87,114,66,67
"ENSG00000197594.7",22,14,14,21,36,8
"ENSG00000079931.10",9,8,10,12,9,12
"ENSG00000079950.9",922,826,710,881,753,589
"ENSG00000135569.3",4,2,2,11,12,5
"ENSG00000112299.7",13,4,4,19,10,6
"ENSG00000112303.9",10,7,7,22,14,8
"ENSG00000146409.6",1002,951,1100,1506,679,352
"ENSG00000112306.7",19758,19734,17452,19670,14872,5191
"ENSG00000206754.1",27,14,18,21,18,16
"ENSG00000221500.1",19,26,18,32,19,4
"ENSG00000200534.1",16,28,12,19,12,6
"ENSG00000112319.13",17,14,17,36,77,28
"ENSG00000028839.5",1297,1115,913,1191,935,521
"ENSG00000146411.5",67,45,47,50,35,14
"ENSG00000118515.7",317,325,400,496,151,76
"ENSG00000118514.9",10,3,10,18,32,19
"ENSG00000112339.10",2983,2779,2584,3250,2329,1174
"ENSG00000232876.1",13,11,4,14,5,14
"ENSG00000118513.14",4045,3548,5092,6241,4189,3128
"ENSG00000236703.1",24,34,28,43,28,25
"ENSG00000135541.16",736,619,1438,1628,1179,1213
"ENSG00000234084.1",9,2,19,23,18,14
"ENSG00000231028.4",45,43,25,68,46,23
"ENSG00000171408.9",14,11,24,29,48,57
"ENSG00000227844.1",0,2,5,9,33,24
"ENSG00000237596.2",0,0,27,24,58,44
"ENSG00000146410.7",330,297,361,538,363,163
"ENSG00000029363.11",3287,2835,3213,3571,3053,2344
"ENSG00000135525.14",552,457,113,137,113,65
"ENSG00000197442.8",650,575,1395,1641,2279,1867
"ENSG00000234263.1",7,12,23,20,41,30
"ENSG00000212242.1",1,4,15,8,17,15
"ENSG00000112357.8",180,195,138,174,164,63
"ENSG00000182747.4",6,9,4,11,23,5
"ENSG00000016402.8",10,5,2,19,6,3
"ENSG00000027697.8",700,552,414,527,323,108
"ENSG00000237499.2",56,62,103,67,86,73
"ENSG00000118503.10",161,153,341,349,302,275
"ENSG00000112378.11",8,10,11,22,15,10
"ENSG00000112379.8",38,38,31,59,59,28
"ENSG00000051620.6",953,813,838,950,842,517
"ENSG00000135540.7",29,21,21,58,37,23
"ENSG00000024862.12",366,343,336,480,360,134
"ENSG00000203734.7",19,30,25,39,28,22
"ENSG00000135597.14",610,516,389,507,466,384
"ENSG00000146386.7",39,26,5,10,83,23
"ENSG00000112406.4",362,355,400,463,520,315
"ENSG00000231329.3",13,6,8,17,25,15
"ENSG00000164440.10",16,5,5,4,15,15
"ENSG00000164442.8",2107,2061,1044,1392,1184,618
"ENSG00000236013.1",2,4,8,24,26,23
"ENSG00000252107.1",20,9,14,7,7,20
"ENSG00000234147.1",62,61,84,117,75,31
"ENSG00000222764.1",0,0,11,10,9,21
"ENSG00000218351.2",1,2,10,11,8,9
"ENSG00000009844.11",887,717,861,1058,711,359
"ENSG00000112414.10",21,18,2140,2709,1882,1186
"ENSG00000010818.4",159,159,459,555,215,155
"ENSG00000224460.1",9,5,24,31,12,4
"ENSG00000146416.12",1798,1654,1905,2260,1295,893
"ENSG00000225752.1",14,9,15,13,6,13
"ENSG00000217648.1",8,3,13,21,15,10
"ENSG00000189007.11",841,778,922,1043,809,697
"ENSG00000218896.1",24,32,23,29,26,20
"ENSG00000268402.1",42,31,34,53,36,13
"ENSG00000223203.1",7,20,13,20,13,6
"ENSG00000034693.10",253,219,255,305,263,115
"ENSG00000229036.3",97,88,95,114,102,101
"ENSG00000001036.9",1160,1028,920,1373,1120,402
"ENSG00000112419.10",1078,968,2606,3022,2828,2216
"ENSG00000135521.8",544,457,578,583,644,468
"ENSG00000270890.1",11,9,14,11,7,18
"ENSG00000118495.14",380,323,1566,1897,1838,1221
"ENSG00000169976.5",1443,1402,1443,1883,1503,517
"ENSG00000135604.9",6,4,44,31,35,31
"ENSG00000152818.14",159,126,333,533,318,224
"ENSG00000112425.9",56,61,49,73,28,31
"ENSG00000118496.4",1005,898,904,1100,863,554
"ENSG00000235652.3",36,7,59,31,41,25
"ENSG00000146414.11",1774,1540,1554,1987,1588,1440
"ENSG00000152822.9",12,16,14,24,17,21
"ENSG00000118508.4",244,169,270,280,379,166
"ENSG00000118492.12",37,22,14,46,64,20
"ENSG00000233452.2",217,158,236,309,363,227
"ENSG00000227748.1",27,19,85,132,134,105
"ENSG00000164506.10",4994,4393,5856,6962,7761,6024
"ENSG00000225135.1",22,32,74,65,78,84
"ENSG00000203727.3",261,228,23,25,30,28
"ENSG00000227681.1",472,452,393,482,337,199
"ENSG00000226249.1",92,105,97,104,101,96
"ENSG00000234675.1",83,34,76,69,48,88
"ENSG00000230205.1",23,16,39,19,49,33
"ENSG00000224658.1",20,4,25,19,23,26
"ENSG00000111961.12",340,335,744,941,626,396
"ENSG00000111962.7",11,5,10,20,12,7
"ENSG00000055208.13",872,724,1056,1272,1036,1003
"ENSG00000177688.5",24,16,14,44,33,46
"ENSG00000178199.9",16,14,5,21,16,5
"ENSG00000131013.3",1168,898,1107,1214,1029,603
"ENSG00000055211.8",520,460,312,363,314,165
"ENSG00000237502.2",22,23,8,12,11,7
"ENSG00000220848.4",55,35,29,31,34,39
"ENSG00000186625.9",899,776,610,746,629,323
"ENSG00000131023.8",1303,1183,1475,1904,1396,961
"ENSG00000120253.9",2876,2749,2439,2914,2086,1322
"ENSG00000120265.12",2983,2830,2497,3216,2617,936
"ENSG00000219433.2",76,66,38,59,25,38
"ENSG00000231760.2",33,29,39,37,36,33
"ENSG00000120256.5",283,221,47,62,58,42
"ENSG00000268592.2",131,120,26,27,26,23
"ENSG00000164520.7",14,10,4,13,6,6
"ENSG00000203722.3",10,6,5,12,3,5
"ENSG00000131015.4",106,93,5,13,14,7
"ENSG00000111981.4",85,61,111,171,213,166
"ENSG00000218358.2",18,4,6,4,11,6
"ENSG00000155918.3",5,1,3,10,13,4
"ENSG00000131019.6",5,8,5,20,11,5
"ENSG00000198729.4",959,940,347,392,1152,810
"ENSG00000009765.10",5,6,5,4,23,12
"ENSG00000120278.10",21,17,9,21,34,30
"ENSG00000120254.11",2112,1989,1774,2335,1949,1223
"ENSG00000218996.1",23,17,7,5,12,11
"ENSG00000232290.1",13,2,5,22,16,14
"ENSG00000219747.1",10,10,16,22,15,18
"ENSG00000213087.3",19,14,8,18,23,8
"ENSG00000131016.12",68,76,15,54,30,25
"ENSG00000181472.4",481,431,339,379,337,223
"ENSG00000155906.12",439,452,478,513,375,227
"ENSG00000219395.2",11,10,15,31,23,33
"ENSG00000146476.6",396,353,373,472,301,102
"ENSG00000120262.8",12,7,4,20,26,9
"ENSG00000091831.17",12,12,8,22,20,12
"ENSG00000131018.18",151,161,154,306,272,105
"ENSG00000120279.6",7,3,11,7,85,42
"ENSG00000146469.8",19,4,24,13,41,22
"ENSG00000224893.1",22,18,44,63,51,48
"ENSG00000112029.5",1211,1116,1071,1145,1031,526
"ENSG00000227627.1",17,18,14,10,12,14
"ENSG00000112031.11",446,360,382,378,421,299
"ENSG00000091844.3",15,20,23,18,26,16
"ENSG00000218426.5",112,108,79,129,89,20
"ENSG00000112038.13",23,17,9,24,37,14
"ENSG00000074706.9",14,7,4,14,14,10
"ENSG00000153721.13",1798,1618,903,1294,1104,764
"ENSG00000213079.5",2372,2109,1906,2385,2005,1439
"ENSG00000146426.13",111,113,155,198,182,160
"ENSG00000218757.1",14,11,20,14,10,12
"ENSG00000235381.1",47,49,44,40,32,34
"ENSG00000029639.6",310,301,278,255,237,133
"ENSG00000171217.5",67,49,55,52,47,46
"ENSG00000074771.3",12,4,8,12,9,7
"ENSG00000271551.1",21,8,9,17,10,6
"ENSG00000049618.17",3195,2924,3263,3988,3879,2881
"ENSG00000270487.1",22,18,16,19,18,19
"ENSG00000218596.2",30,26,25,35,37,32
"ENSG00000233044.1",13,8,11,16,17,17
"ENSG00000215712.6",436,405,402,505,396,182
"ENSG00000217783.2",35,25,25,38,29,18
"ENSG00000175048.12",980,908,1319,1504,1741,1643
"ENSG00000219448.1",5,15,24,31,29,45
"ENSG00000130340.10",2479,2202,2663,3314,2854,2010
"ENSG00000234361.1",48,29,35,40,35,29
"ENSG00000229502.1",58,63,39,64,55,50
"ENSG00000236324.1",19,16,20,15,21,17
"ENSG00000220867.1",42,28,31,25,35,39
"ENSG00000078269.9",1417,1320,1836,2163,1733,1482
"ENSG00000233496.1",14,14,14,12,17,8
"ENSG00000122335.9",234,182,227,333,221,96
"ENSG00000272047.1",356,327,296,318,230,71
"ENSG00000188451.7",34,24,45,34,34,34
"ENSG00000236537.1",120,185,134,113,95,72
"ENSG00000130338.8",1202,1008,945,1318,931,710
"ENSG00000146433.8",1323,1192,1345,1519,1264,929
"ENSG00000218226.1",410,328,366,448,317,313
"ENSG00000214239.1",28,21,30,34,13,26
"ENSG00000146425.6",646,549,569,760,596,269
"ENSG00000164674.11",32,42,25,30,40,22
"ENSG00000092820.13",5215,4428,3512,4494,4547,2767
"ENSG00000203711.7",21,16,27,19,19,13
"ENSG00000130363.7",165,204,232,308,386,281
"ENSG00000271913.1",4,9,13,11,11,9
"ENSG00000164691.12",20,17,3,10,23,2
"ENSG00000164694.12",20,23,17,42,46,22
"ENSG00000112096.12",2339,2154,1954,2370,1804,1142
"ENSG00000220305.1",6,5,10,14,7,21
"ENSG00000146457.10",1676,1366,1339,1693,1464,1114
"ENSG00000120437.7",2626,2383,1726,2039,1513,536
"ENSG00000120438.7",5787,5106,4337,5846,5033,1679
"ENSG00000112110.5",1074,937,1066,1208,1017,545
"ENSG00000146453.8",7,12,4,17,18,14
"ENSG00000197081.8",7793,6849,4380,5928,6332,3876
"ENSG00000268257.2",60,59,19,20,29,27
"ENSG00000213073.4",144,121,98,124,132,145
"ENSG00000270949.1",61,56,56,42,77,73
"ENSG00000175003.8",15,11,8,27,22,22
"ENSG00000112499.8",10,7,6,20,11,7
"ENSG00000146477.4",11,5,6,39,26,7
"ENSG00000198670.7",22,21,19,46,37,19
"ENSG00000122194.14",16,10,7,26,9,2
"ENSG00000272841.1",102,103,58,77,73,33
"ENSG00000085511.15",2882,2576,2197,2617,1919,1677
"ENSG00000026652.9",721,605,947,1362,523,487
"ENSG00000185345.14",23,18,10,23,31,29
"ENSG00000112530.7",7,14,5,19,19,7
"ENSG00000270419.1",67,47,41,38,37,49
"ENSG00000112531.12",3312,2909,3036,3207,3405,2555
"ENSG00000112539.10",11,7,4,24,12,6
"ENSG00000112541.9",13,22,9,23,28,10
"ENSG00000164458.5",7,5,4,27,17,4
"ENSG00000176381.4",1,13,1,13,6,6
"ENSG00000198818.5",797,778,522,770,604,261
"ENSG00000233231.1",55,33,37,50,29,55
"ENSG00000060762.14",643,494,510,647,555,300
"ENSG00000261420.1",21,21,18,15,29,24
"ENSG00000071242.7",25,26,19,30,30,22
"ENSG00000026297.11",1420,1241,1211,1559,1170,730
"ENSG00000197146.2",114,104,109,101,90,68
"ENSG00000227598.1",111,88,57,85,67,66
"ENSG00000265828.1",28,33,28,35,41,14
"ENSG00000213066.7",545,499,409,480,406,395
"ENSG00000272980.1",27,26,34,14,28,15
"ENSG00000166984.7",13,9,4,18,11,6
"ENSG00000112494.5",3,10,9,26,18,12
"ENSG00000120440.9",13,6,6,12,26,10
"ENSG00000203690.7",6,16,12,17,28,12
"ENSG00000198221.7",64,36,61,59,43,37
"ENSG00000130396.16",6659,5713,5504,6547,6005,4894
"ENSG00000235994.4",5,10,6,20,21,20
"ENSG00000229921.2",4,1,40,55,84,63
"ENSG00000125337.12",12,9,14,18,29,14
"ENSG00000153303.12",12,27,16,52,51,22
"ENSG00000164488.7",23,20,15,43,37,13
"ENSG00000112562.14",103,72,93,142,108,103
"ENSG00000186340.10",37,12,19,64,54,24
"ENSG00000184465.11",3052,2556,1599,2102,1785,1651
"ENSG00000265654.1",14,19,21,14,16,12
"ENSG00000185127.5",593,580,628,787,772,384
"ENSG00000130024.10",1059,985,925,966,736,658
"ENSG00000232640.1",29,33,34,36,31,13
"ENSG00000184786.4",62,61,42,58,50,55
"ENSG00000130023.11",509,432,485,553,398,314
"ENSG00000266896.1",34,24,20,31,16,28
"ENSG00000232197.1",0,0,10,10,1,2
"ENSG00000198719.7",18,17,9,27,27,16
"ENSG00000112584.9",957,873,878,983,976,625
"ENSG00000008018.8",3288,3283,3027,3437,3050,747
"ENSG00000112592.8",728,657,601,760,665,382
"ENSG00000071994.6",2605,2276,2378,3048,2648,1524
"ENSG00000217874.2",10,9,13,8,25,23
"ENSG00000234986.1",1,3,6,3,24,25
"ENSG00000213863.2",19,15,11,10,59,58
"ENSG00000230423.1",26,20,15,10,55,30
"ENSG00000225532.1",24,13,8,16,42,60
"ENSG00000242474.1",7,5,15,26,10,8
"ENSG00000177706.8",22,11,10,19,41,12
"ENSG00000197461.9",181,140,289,358,354,240
"ENSG00000223855.1",50,25,77,83,61,73
"ENSG00000188191.10",379,361,656,931,949,610
"ENSG00000237181.1",22,20,126,169,235,172
"ENSG00000164818.11",1443,1237,1570,2062,1741,1084
"ENSG00000164828.13",4416,3647,2829,3662,3108,2421
"ENSG00000239857.2",376,320,310,365,303,214
"ENSG00000273151.1",656,495,473,467,416,420
"ENSG00000105963.9",33,36,20,40,41,32
"ENSG00000240230.1",444,422,389,502,439,433
"ENSG00000073067.9",14,13,4,24,16,21
"ENSG00000146540.10",1391,1154,1098,1389,1304,914
"ENSG00000164849.7",133,76,55,70,60,37
"ENSG00000224079.1",25,16,10,10,6,20
"ENSG00000226291.1",20,15,7,6,6,23
"ENSG00000164850.10",102,68,63,58,40,95
"ENSG00000178381.7",166,146,111,136,151,71
"ENSG00000229043.2",97,116,135,124,106,100
"ENSG00000164853.8",10,7,4,6,13,2
"ENSG00000164877.14",5470,4818,4191,4961,3493,3887
"ENSG00000225981.1",44,35,24,19,19,21
"ENSG00000273230.1",93,103,91,78,112,114
"ENSG00000164880.11",6877,6140,5923,7643,6929,5545
"ENSG00000198517.5",163,165,148,177,204,175
"ENSG00000164855.11",26,24,16,26,19,28
"ENSG00000157778.4",536,515,415,475,449,268
"ENSG00000230487.3",41,44,53,73,48,17
"ENSG00000231476.1",0,3,28,33,16,5
"ENSG00000225968.4",49,36,75,105,90,54
"ENSG00000236081.1",24,16,104,128,141,112
"ENSG00000002822.11",1527,1243,1262,1310,1179,1161
"ENSG00000176349.7",589,469,264,188,376,565
"ENSG00000265089.1",15,17,7,7,14,31
"ENSG00000122687.13",398,399,427,517,501,286
"ENSG00000106268.11",299,305,257,289,241,130
"ENSG00000106266.4",1031,889,715,941,663,610
"ENSG00000106263.13",9099,8457,9783,12168,9954,6157
"ENSG00000136213.7",367,302,413,601,419,299
"ENSG00000175873.3",37,43,69,66,55,51
"ENSG00000106003.8",77,46,44,66,95,61
"ENSG00000106009.11",1502,1350,1290,1666,1509,1114
"ENSG00000106012.13",558,457,408,435,531,455
"ENSG00000136295.10",904,864,960,1318,1544,1128
"ENSG00000174945.9",44,56,50,63,60,69
"ENSG00000146535.9",1472,1310,1257,1739,1279,852
"ENSG00000198286.5",1705,1490,748,928,491,472
"ENSG00000146555.14",69,55,33,88,76,32
"ENSG00000164916.9",6495,5919,5233,6641,6366,5182
"ENSG00000238781.1",14,15,28,15,6,2
"ENSG00000242802.2",1069,897,879,1049,842,836
"ENSG00000157927.12",326,358,251,301,317,241
"ENSG00000218823.1",17,16,13,24,19,20
"ENSG00000196204.7",623,454,519,718,576,416
"ENSG00000146587.13",579,522,769,838,880,803
"ENSG00000157954.10",1981,1752,1470,1940,1589,1061
"ENSG00000164638.6",99,114,107,154,101,59
"ENSG00000182095.10",4373,4135,5854,7074,3443,3531
"ENSG00000241269.1",87,68,76,93,50,64
"ENSG00000188365.3",96,56,89,92,47,66
"ENSG00000272953.1",22,14,19,36,14,10
"ENSG00000234432.3",43,34,49,44,23,36
"ENSG00000273084.1",13,6,12,15,9,11
"ENSG00000155034.14",538,413,498,648,435,360
"ENSG00000230733.2",191,170,247,274,232,168
"ENSG00000207973.1",16,13,13,1,3,6
"ENSG00000075624.9",43750,38836,33634,44028,40897,20049
"ENSG00000075618.13",12406,10646,12110,15068,11258,7395
"ENSG00000011275.14",2139,1920,1924,2298,1843,1669
"ENSG00000237738.1",20,12,16,20,25,30
"ENSG00000235944.3",65,33,64,112,116,82
"ENSG00000122674.8",206,179,216,192,165,137
"ENSG00000155026.12",12,16,8,10,19,12
"ENSG00000122512.10",456,381,444,507,380,254
"ENSG00000106305.5",278,208,259,369,336,138
"ENSG00000207217.1",11,19,8,16,7,10
"ENSG00000086232.8",7332,6466,4988,6065,5335,3521
"ENSG00000157999.5",345,268,178,212,182,156
"ENSG00000240718.2",22,19,17,26,14,5
"ENSG00000252929.1",20,11,6,9,10,6
"ENSG00000231704.1",19,11,16,14,10,11
"ENSG00000106346.7",823,746,760,890,950,835
"ENSG00000008256.11",1071,981,1044,1221,997,760
"ENSG00000178397.8",234,208,296,276,255,140
"ENSG00000136238.13",3520,3342,3305,4535,3349,1811
"ENSG00000164535.10",503,507,459,512,392,267
"ENSG00000136240.5",1985,1792,1708,2583,2159,921
"ENSG00000269781.1",186,160,145,195,152,158
"ENSG00000215045.4",17,24,20,36,29,12
"ENSG00000136247.10",566,504,453,665,585,233
"ENSG00000146576.8",411,335,291,414,348,192
"ENSG00000236609.3",18,21,14,29,20,8
"ENSG00000205903.2",1453,1345,1519,1626,1562,1819
"ENSG00000260054.1",498,401,432,556,564,433
"ENSG00000164631.14",1103,981,963,1149,1123,880
"ENSG00000187953.6",405,342,421,479,425,432
"ENSG00000146574.11",127,118,130,172,113,68
"ENSG00000226943.3",11,4,3,21,9,1
"ENSG00000242731.2",2,5,4,13,17,1
"ENSG00000239696.2",6,7,23,17,32,55
"ENSG00000106392.6",756,764,1084,1323,966,630
"ENSG00000230825.1",4,3,8,14,12,10
"ENSG00000215018.5",14,12,23,55,39,19
"ENSG00000272894.1",35,18,19,25,10,16
"ENSG00000164654.11",812,741,653,829,560,360
"ENSG00000106399.7",549,566,316,499,359,55
"ENSG00000219545.5",336,305,227,357,278,163
"ENSG00000270314.1",7,13,11,5,13,18
"ENSG00000234718.5",7,4,7,10,15,8
"ENSG00000233108.1",24,9,14,20,14,6
"ENSG00000106415.8",512,421,598,654,482,372
"ENSG00000233264.2",51,54,50,73,31,54
"ENSG00000003147.13",692,544,524,556,332,212
"ENSG00000227719.1",23,25,12,8,12,5
"ENSG00000229970.3",99,76,82,100,92,56
"ENSG00000272328.1",50,44,37,58,47,29
"ENSG00000197320.4",44,20,1,12,7,1
"ENSG00000229091.2",213,159,235,277,320,201
"ENSG00000234356.1",52,41,71,85,74,84
"ENSG00000236414.1",100,74,122,115,100,172
"ENSG00000189043.5",1415,1588,1950,2611,2162,732
"ENSG00000106443.10",995,888,1797,2180,1553,1274
"ENSG00000005108.11",21,16,67,96,73,83
"ENSG00000106460.14",508,511,456,515,388,219
"ENSG00000146530.7",8287,6987,4905,5613,3866,3585
"ENSG00000006747.10",72,72,19,33,61,34
"ENSG00000122644.8",2127,1970,722,919,345,201
"ENSG00000229618.1",2,0,8,15,15,7
"ENSG00000006468.9",266,234,168,218,126,73
"ENSG00000136267.9",30,12,15,26,35,20
"ENSG00000187546.9",10,8,9,17,30,19
"ENSG00000273477.1",35,26,21,20,19,27
"ENSG00000214960.5",331,295,268,289,350,326
"ENSG00000224683.1",4,13,8,8,14,3
"ENSG00000229688.3",116,97,101,96,207,207
"ENSG00000171243.7",460,346,102,151,67,33
"ENSG00000224280.1",2,7,3,18,18,4
"ENSG00000106524.4",917,865,1064,1368,1050,607
"ENSG00000136261.10",1598,1584,1678,2001,1613,683
"ENSG00000235837.1",20,21,20,24,22,14
"ENSG00000106537.7",500,511,612,947,382,111
"ENSG00000106546.8",10,8,5,18,12,3
"ENSG00000071189.17",948,839,755,997,818,683
"ENSG00000229937.4",15,8,22,29,23,20
"ENSG00000048052.17",31,39,34,65,60,25
"ENSG00000122691.8",114,102,112,133,3,2
"ENSG00000223838.1",16,8,5,10,1,0
"ENSG00000105849.5",338,322,372,421,309,187
"ENSG00000173452.9",9,15,4,15,7,4
"ENSG00000243004.1",8,1,2,3,14,11
"ENSG00000183742.8",270,249,364,390,778,570
"ENSG00000228598.1",4,1,2,10,13,6
"ENSG00000233834.2",14,11,8,16,32,12
"ENSG00000105855.5",9,15,9,20,22,23
"ENSG00000004846.12",31,28,22,46,36,11
"ENSG00000164651.12",34,31,19,30,36,10
"ENSG00000219451.3",7,4,8,11,10,4
"ENSG00000232790.2",12,16,16,26,12,20
"ENSG00000234839.1",11,12,7,8,5,12
"ENSG00000105866.9",385,318,307,453,313,222
"ENSG00000105877.13",85,70,55,144,136,51
"ENSG00000164649.15",398,376,43,54,207,106
"ENSG00000136237.14",81,54,183,170,231,206
"ENSG00000105889.10",214,187,260,388,424,327
"ENSG00000233476.2",145,138,132,159,146,49
"ENSG00000232759.1",67,73,90,112,72,72
"ENSG00000225541.1",50,18,29,16,34,14
"ENSG00000232949.1",58,64,73,79,92,100
"ENSG00000238033.1",170,183,194,163,197,225
"ENSG00000136244.7",15,12,8,12,15,10
"ENSG00000196683.6",1443,1467,1472,1714,1239,299
"ENSG00000228649.4",119,121,146,126,117,98
"ENSG00000226329.2",41,33,18,23,28,20
"ENSG00000122591.7",1047,961,1128,1421,955,594
"ENSG00000230658.1",17,31,21,29,24,24
"ENSG00000122550.13",461,377,415,566,374,208
"ENSG00000230042.1",19,18,25,19,11,27
"ENSG00000136243.12",469,408,508,571,537,322
"ENSG00000136235.11",15,6,10,45,23,14
"ENSG00000156928.4",412,354,335,502,371,165
"ENSG00000136231.9",2330,1869,1391,1724,2342,1682
"ENSG00000232627.1",22,16,15,14,22,21
"ENSG00000212264.1",5,6,10,2,13,13
"ENSG00000232818.2",16,24,24,26,17,25
"ENSG00000164548.6",1118,1058,896,976,822,738
"ENSG00000169193.7",43,47,37,44,54,28
"ENSG00000227436.1",7,5,11,3,16,5
"ENSG00000196335.8",16,24,15,46,30,12
"ENSG00000105926.11",611,529,699,781,541,397
"ENSG00000271096.1",14,7,10,8,4,5
"ENSG00000105928.9",122,128,1224,1504,610,525
"ENSG00000070882.8",1560,1396,1830,2328,1709,1150
"ENSG00000234999.1",9,9,19,7,1,22
"ENSG00000172115.4",2675,2298,2660,3235,2992,1705
"ENSG00000153790.7",55,43,64,75,63,60
"ENSG00000270933.1",20,20,24,40,26,47
"ENSG00000050344.8",556,482,554,740,625,429
"ENSG00000273237.1",5,10,14,17,10,19
"ENSG00000122566.16",11852,9885,10875,13096,10936,8092
"ENSG00000122565.14",3687,3457,3240,3563,2950,1713
"ENSG00000086300.11",145,143,201,215,175,82
"ENSG00000214870.4",10,21,17,15,16,10
"ENSG00000222004.3",7,6,61,41,112,128
"ENSG00000005020.8",387,312,511,642,591,355
"ENSG00000105996.5",3,7,0,16,10,3
"ENSG00000105997.18",5,3,6,13,11,4
"ENSG00000253293.3",7,2,2,11,12,3
"ENSG00000106038.8",4,7,5,11,15,2
"ENSG00000233830.2",38,44,18,26,52,15
"ENSG00000106049.4",778,705,642,859,586,280
"ENSG00000106052.9",1475,1364,1496,1653,1365,886
"ENSG00000153814.7",7,7,15,22,5,10
"ENSG00000146592.12",55,42,81,85,174,183
"ENSG00000106066.9",6,12,2,11,6,8
"ENSG00000106069.16",7,17,7,20,23,20
"ENSG00000225264.3",54,44,61,62,71,41
"ENSG00000227855.3",315,277,315,342,379,295
"ENSG00000212024.2",18,15,11,10,15,21
"ENSG00000122574.6",255,180,545,663,474,557
"ENSG00000136193.12",7,7,13,24,25,20
"ENSG00000227014.1",11,10,14,15,14,9
"ENSG00000106080.6",444,399,561,740,600,375
"ENSG00000106086.14",836,708,766,853,651,393
"ENSG00000180354.11",965,785,597,607,1007,712
"ENSG00000230751.1",42,27,21,6,29,42
"ENSG00000180233.9",502,470,476,558,499,394
"ENSG00000235859.4",115,98,97,117,87,131
"ENSG00000106100.6",391,361,381,426,284,281
"ENSG00000006625.13",1030,938,761,913,694,435
"ENSG00000196295.7",955,795,945,946,917,1024
"ENSG00000244480.1",14,9,14,22,23,17
"ENSG00000264520.1",11,10,13,8,11,15
"ENSG00000226874.1",5,3,7,10,12,20
"ENSG00000106105.9",4638,4029,5484,7033,5577,2610
"ENSG00000106113.14",14,16,13,26,37,12
"ENSG00000106125.14",184,182,136,135,99,109
"ENSG00000229263.1",25,24,14,22,3,13
"ENSG00000240583.6",708,622,244,353,125,61
"ENSG00000106128.14",12,5,7,16,19,8
"ENSG00000078549.10",6,12,8,20,14,3
"ENSG00000164600.4",5,11,3,12,9,2
"ENSG00000180347.9",19,14,17,22,31,12
"ENSG00000154678.12",36,21,14,41,44,15
"ENSG00000226468.2",42,29,27,27,37,17
"ENSG00000226421.1",4,11,4,10,8,3
"ENSG00000106355.5",358,414,369,423,364,167
"ENSG00000105778.13",1823,1732,2008,2485,2155,1543
"ENSG00000229358.3",183,158,147,140,111,124
"ENSG00000237004.3",363,234,230,250,250,185
"ENSG00000207573.1",10,6,5,10,2,7
"ENSG00000273014.1",51,23,34,66,31,31
"ENSG00000231952.3",16,14,16,13,20,12
"ENSG00000170852.6",1168,1008,968,1312,1131,595
"ENSG00000205763.9",268,202,197,236,190,148
"ENSG00000122642.6",1038,928,590,861,497,273
"ENSG00000122643.14",422,375,418,506,399,208
"ENSG00000229054.1",10,10,8,4,4,3
"ENSG00000241420.2",18,11,11,5,8,11
"ENSG00000164610.4",307,261,293,337,248,159
"ENSG00000122507.16",46,61,95,131,119,55
"ENSG00000164619.4",14,2,3,6,18,8
"ENSG00000187258.9",8,8,2,15,12,7
"ENSG00000173852.9",899,879,578,693,713,410
"ENSG00000189212.8",8,5,334,440,208,153
"ENSG00000236592.4",3,2,9,12,13,12
"ENSG00000164532.10",11,6,15,25,22,10
"ENSG00000122557.5",660,592,553,771,551,399
"ENSG00000271122.1",89,64,127,157,152,111
"ENSG00000228878.3",21,18,31,43,24,15
"ENSG00000122545.13",1388,1097,1570,1883,1330,712
"ENSG00000122547.6",102,77,9,29,59,31
"ENSG00000164542.8",45,36,34,45,34,18
"ENSG00000011426.6",2438,2097,2000,2264,1777,1223
"ENSG00000136250.7",10,8,5,17,10,4
"ENSG00000155849.11",24,28,89,105,94,75
"ENSG00000086288.7",11,5,2,20,12,4
"ENSG00000106483.7",4,5,3,17,14,6
"ENSG00000010270.9",467,421,623,812,651,335
"ENSG00000226212.2",11,7,14,16,18,15
"ENSG00000228668.1",10,20,12,17,13,12
"ENSG00000211698.2",23,20,44,50,62,86
"ENSG00000211699.2",29,29,28,41,36,46
"ENSG00000233306.2",18,21,32,23,38,34
"ENSG00000211701.2",21,9,23,23,14,27
"ENSG00000078053.12",32,20,30,49,65,32
"ENSG00000006715.11",1077,977,1282,1527,1146,829
"ENSG00000106536.15",127,73,150,202,228,154
"ENSG00000241127.3",86,113,117,169,121,93
"ENSG00000236015.1",11,10,11,13,7,10
"ENSG00000006451.3",676,639,907,1032,781,498
"ENSG00000228554.1",18,12,10,21,21,8
"ENSG00000188185.7",61,44,68,90,82,113
"ENSG00000175741.4",30,24,30,58,47,19
"ENSG00000259826.1",43,45,33,46,56,28
"ENSG00000065883.10",2410,2112,2306,2822,2628,2121
"ENSG00000168303.6",803,768,707,908,714,345
"ENSG00000175600.11",113,94,69,92,76,29
"ENSG00000122641.9",13,5,6,15,12,13
"ENSG00000106571.8",17,17,16,37,42,20
"ENSG00000136197.8",20,8,12,18,19,18
"ENSG00000106588.6",88,117,100,135,100,53
"ENSG00000106591.3",696,546,772,935,598,324
"ENSG00000232006.4",34,26,40,38,43,34
"ENSG00000002746.10",36,23,24,61,30,19
"ENSG00000164543.5",619,562,494,572,636,472
"ENSG00000106603.13",1893,1652,1530,1669,1577,1051
"ENSG00000106605.6",1440,1325,989,1192,738,312
"ENSG00000062582.9",43,36,22,50,33,16
"ENSG00000106608.12",674,563,514,706,543,385
"ENSG00000237972.1",27,19,23,37,27,20
"ENSG00000078967.8",105,104,164,196,123,100
"ENSG00000214783.5",18,16,29,45,39,37
"ENSG00000241057.1",13,19,11,21,11,9
"ENSG00000239556.2",28,25,25,23,28,32
"ENSG00000136206.3",62,53,36,38,67,74
"ENSG00000228434.1",62,57,48,61,51,91
"ENSG00000272655.1",65,57,53,74,94,65
"ENSG00000228903.2",14,7,5,24,15,11
"ENSG00000235314.1",26,20,14,36,32,20
"ENSG00000136279.14",754,671,732,882,949,735
"ENSG00000122678.10",290,261,210,253,253,166
"ENSG00000106624.4",92,100,70,87,96,59
"ENSG00000106628.6",3774,3524,2475,3625,2710,1081
"ENSG00000106631.4",23,15,4,13,6,1
"ENSG00000106633.11",23,17,20,25,25,7
"ENSG00000106636.3",1222,1121,1227,1645,1389,721
"ENSG00000058404.15",21,18,4,33,27,25
"ENSG00000015676.13",1462,1357,1412,1630,1316,845
"ENSG00000146677.6",99,78,57,79,83,14
"ENSG00000015520.10",27,27,12,44,43,25
"ENSG00000136271.6",1089,990,1124,1445,1231,907
"ENSG00000158604.10",1609,1412,1267,1763,1270,713
"ENSG00000105953.10",1758,1660,2355,3229,2962,1379
"ENSG00000122515.10",1028,1003,973,1223,906,1058
"ENSG00000196262.9",12833,11851,12254,14128,11384,5314
"ENSG00000105968.14",2673,2455,2272,2904,2396,1396
"ENSG00000234183.1",20,9,15,23,24,5
"ENSG00000146676.5",879,840,1183,1293,1358,1144
"ENSG00000272768.1",40,30,32,36,20,15
"ENSG00000136286.10",27,30,20,37,45,43
"ENSG00000232956.4",850,673,744,850,744,493
"ENSG00000136280.11",770,586,696,870,795,544
"ENSG00000136274.8",35,23,18,59,62,25
"ENSG00000136270.9",2908,2732,2959,3860,3055,1528
"ENSG00000206838.1",68,67,66,108,75,15
"ENSG00000201772.1",291,251,274,329,213,116
"ENSG00000164742.10",28,34,20,40,39,19
"ENSG00000214765.4",266,250,253,259,184,197
"ENSG00000234536.1",16,17,28,9,23,18
"ENSG00000272556.1",9,17,13,9,24,27
"ENSG00000146678.5",0,3,1,10,5,10
"ENSG00000136205.12",43,25,19,63,50,29
"ENSG00000136273.7",259,248,368,409,336,281
"ENSG00000158683.3",50,38,16,72,79,27
"ENSG00000225507.1",3,6,11,22,17,1
"ENSG00000183696.9",12,20,20,29,42,19
"ENSG00000179869.10",116,111,130,246,213,77
"ENSG00000188730.4",6,11,5,18,9,0
"ENSG00000042813.3",7,13,5,15,15,5
"ENSG00000164500.6",11,7,6,9,20,6
"ENSG00000185811.12",2004,1728,1827,2447,1611,1308
"ENSG00000132436.7",629,622,673,715,561,479
"ENSG00000132437.13",7,7,8,16,23,4
"ENSG00000106070.13",2538,2105,2868,3511,2944,2117
"ENSG00000106078.13",83,76,5,43,46,22
"ENSG00000205628.2",185,136,205,236,190,150
"ENSG00000222355.1",8,13,10,17,6,6
"ENSG00000271306.1",13,20,19,13,22,16
"ENSG00000235454.1",12,13,5,17,9,13
"ENSG00000170419.6",5,9,5,23,24,6
"ENSG00000132432.9",619,681,609,855,779,155
"ENSG00000146648.11",35,29,18,45,51,28
"ENSG00000132434.5",135,128,136,238,193,87
"ENSG00000154978.8",646,620,501,781,561,271
"ENSG00000176826.11",7,4,39,66,118,74
"ENSG00000226278.1",39,59,56,61,50,11
"ENSG00000154997.8",8,13,10,23,21,10
"ENSG00000178665.10",36,26,21,49,37,39
"ENSG00000146729.5",1139,1030,1017,1203,1063,488
"ENSG00000239789.1",80,67,99,87,107,73
"ENSG00000146733.9",328,276,379,500,437,200
"ENSG00000146731.6",4321,4058,4145,5084,4188,1631
"ENSG00000129103.13",2298,1919,1446,2083,1465,806
"ENSG00000164776.5",99,76,85,116,89,100
"ENSG00000106153.12",7342,6743,6393,8008,7147,2482
"ENSG00000237268.2",0,1,25,36,22,68
"ENSG00000185177.8",11,7,9,28,12,2
"ENSG00000182111.8",7,13,1,19,11,9
"ENSG00000233601.1",5,5,43,64,38,18
"ENSG00000223566.1",12,7,11,16,18,10
"ENSG00000197123.5",5,9,4,17,22,4
"ENSG00000234444.5",739,659,581,633,806,573
"ENSG00000227986.1",19,12,13,31,22,25
"ENSG00000228014.1",3,7,17,7,8,11
"ENSG00000228653.2",10,4,11,19,16,12
"ENSG00000173041.7",546,500,290,332,404,239
"ENSG00000223974.1",48,27,20,29,39,21
"ENSG00000196247.7",338,319,268,248,346,305
"ENSG00000271550.1",23,21,14,20,15,17
"ENSG00000197008.5",365,361,306,298,327,262
"ENSG00000234338.1",45,68,47,42,55,82
"ENSG00000198039.7",548,495,288,312,360,208
"ENSG00000223476.1",8,11,17,24,11,7
"ENSG00000270948.1",22,18,16,26,17,32
"ENSG00000152926.10",538,490,546,524,901,1072
"ENSG00000213462.4",800,730,635,804,1224,1124
"ENSG00000234585.2",206,174,117,97,175,206
"ENSG00000227113.2",16,9,19,6,17,17
"ENSG00000226002.1",46,62,46,63,35,50
"ENSG00000164669.8",45,47,42,62,30,38
"ENSG00000232906.1",14,10,17,18,11,19
"ENSG00000146757.9",336,319,291,299,318,218
"ENSG00000228409.1",266,228,203,215,222,176
"ENSG00000206634.1",15,10,4,9,7,3
"ENSG00000224316.1",31,35,19,48,31,33
"ENSG00000196715.5",789,779,592,719,710,471
"ENSG00000169919.12",2893,2374,1175,1834,1965,973
"ENSG00000126522.12",521,416,476,581,708,439
"ENSG00000241258.2",602,572,616,701,878,550
"ENSG00000234185.2",15,14,20,16,19,22
"ENSG00000169902.9",27,21,14,35,38,25
"ENSG00000179406.6",278,237,205,262,289,349
"ENSG00000251451.1",27,26,18,28,25,23
"ENSG00000230189.2",142,145,132,122,142,204
"ENSG00000231234.1",8,11,9,17,12,10
"ENSG00000236928.2",9,6,7,1,11,16
"ENSG00000267941.1",39,18,12,13,16,17
"ENSG00000223473.1",203,177,108,126,158,146
"ENSG00000237310.1",36,55,45,31,42,19
"ENSG00000234500.1",21,3,29,22,32,47
"ENSG00000229180.4",180,143,196,222,349,408
"ENSG00000232559.2",268,280,275,316,296,301
"ENSG00000232491.1",18,16,2,11,5,6
"ENSG00000225573.3",18,13,12,14,14,6
"ENSG00000243335.4",1115,1008,672,832,1039,733
"ENSG00000226824.2",233,182,126,134,157,180
"ENSG00000154710.11",160,145,131,145,207,134
"ENSG00000272831.1",6,13,7,5,14,3
"ENSG00000271064.1",24,17,22,20,28,25
"ENSG00000230583.2",11,13,6,1,11,15
"ENSG00000232546.1",60,49,38,63,67,87
"ENSG00000230295.1",64,49,47,47,80,72
"ENSG00000273142.1",151,121,122,113,170,317
"ENSG00000106609.12",1932,1858,1546,2075,2261,1239
"ENSG00000126524.5",1054,905,1270,1549,1460,762
"ENSG00000198874.8",770,712,539,795,744,550
"ENSG00000230358.2",98,91,67,101,106,116
"ENSG00000067601.6",91,98,76,124,82,106
"ENSG00000106610.10",294,239,193,227,241,191
"ENSG00000228019.1",32,17,15,14,9,12
"ENSG00000273448.1",5,2,21,11,12,11
"ENSG00000235475.1",16,9,10,14,10,23
"ENSG00000158321.11",14,28,15,51,37,20
"ENSG00000185274.7",13,15,10,20,26,5
"ENSG00000183166.6",58,54,98,133,420,280
"ENSG00000254184.3",328,238,186,219,298,247
"ENSG00000225648.1",291,260,218,264,275,234
"ENSG00000179994.6",17,13,11,31,24,6
"ENSG00000196313.7",3242,2717,2101,2614,3285,3082
"ENSG00000272843.1",42,36,26,30,45,66
"ENSG00000106133.13",36,23,38,42,40,36
"ENSG00000155428.8",13,14,12,19,14,15
"ENSG00000174353.13",170,104,100,110,132,124
"ENSG00000267985.1",8,7,3,6,16,12
"ENSG00000229018.4",68,61,33,43,41,37
"ENSG00000233369.3",113,75,74,55,56,52
"ENSG00000205578.4",84,76,35,51,80,74
"ENSG00000130305.12",1051,907,675,906,968,454
"ENSG00000146755.6",13,12,7,29,21,5
"ENSG00000077800.7",12,3,6,12,12,3
"ENSG00000188763.3",30,25,16,15,32,14
"ENSG00000009954.6",5930,5199,4467,5244,5761,4648
"ENSG00000106635.3",686,589,436,544,528,298
"ENSG00000106638.11",1292,1004,827,1203,1153,665
"ENSG00000009950.11",172,180,161,185,214,262
"ENSG00000176428.5",116,95,38,29,69,31
"ENSG00000176410.7",129,143,84,102,114,93
"ENSG00000071462.7",1785,1648,1044,1400,1209,600
"ENSG00000106089.7",213,146,149,193,186,180
"ENSG00000225969.1",8,12,11,3,16,11
"ENSG00000106077.14",328,254,172,221,241,202
"ENSG00000165215.5",26,6,11,14,13,14
"ENSG00000189143.8",13,15,14,25,31,32
"ENSG00000165171.6",51,33,7,30,50,32
"ENSG00000049540.12",42,21,26,64,47,28
"ENSG00000106683.10",737,526,343,502,585,527
"ENSG00000106682.10",9692,8342,6428,7863,7723,4407
"ENSG00000207741.1",23,20,11,16,13,17
"ENSG00000086730.12",59,50,62,53,111,98
"ENSG00000049541.6",1411,1213,864,1137,1121,463
"ENSG00000106665.11",700,597,1119,1332,1970,1700
"ENSG00000006704.6",1377,1221,517,678,676,600
"ENSG00000077809.8",2547,2194,1580,2050,1793,1205
"ENSG00000232729.3",66,47,34,30,38,47
"ENSG00000160828.13",490,392,302,403,346,314
"ENSG00000158517.9",11,10,3,5,5,5
"ENSG00000196275.9",30,33,6,18,29,20
"ENSG00000123965.12",93,75,46,65,64,43
"ENSG00000184616.7",40,43,45,38,46,49
"ENSG00000174374.9",796,691,544,700,682,327
"ENSG00000174428.12",50,29,31,23,52,38
"ENSG00000232561.2",26,16,26,27,20,12
"ENSG00000205509.3",17,5,11,14,12,10
"ENSG00000189011.9",17,9,8,11,18,10
"ENSG00000198750.7",37,55,53,49,33,39
"ENSG00000205583.9",212,150,158,230,177,137
"ENSG00000268891.1",14,13,18,7,16,21
"ENSG00000178809.7",26,13,3,15,22,15
"ENSG00000223705.5",1348,1141,893,1072,1212,1231
"ENSG00000135213.8",2456,2036,1703,2009,2564,2258
"ENSG00000170092.10",261,207,197,205,226,294
"ENSG00000127957.12",699,646,394,467,551,567
"ENSG00000127946.12",1628,1332,1014,1255,1313,1082
"ENSG00000006606.4",24,30,8,11,2,0
"ENSG00000106178.2",52,38,8,9,7,4
"ENSG00000005486.12",741,736,304,548,442,233
"ENSG00000127948.9",3028,2615,1341,1939,2011,1082
"ENSG00000235090.1",35,25,15,9,21,38
"ENSG00000189077.6",668,633,205,300,309,154
"ENSG00000127952.12",392,379,244,310,339,119
"ENSG00000146701.7",7820,7384,5173,7196,7234,3076
"ENSG00000230882.1",22,22,11,15,4,25
"ENSG00000227038.2",20,23,2,4,13,8
"ENSG00000224273.1",4,7,4,5,12,10
"ENSG00000177679.14",36,14,46,52,92,90
"ENSG00000106211.8",5048,4480,2049,3037,3585,1542
"ENSG00000170027.5",6699,6221,3883,5209,5130,3309
"ENSG00000146700.8",120,91,95,172,126,139
"ENSG00000188372.10",224,207,204,302,197,125
"ENSG00000091073.15",473,348,366,454,481,358
"ENSG00000243566.2",20,18,23,22,17,21
"ENSG00000185040.11",15,7,17,25,15,9
"ENSG00000205485.9",573,407,425,497,608,641
"ENSG00000146707.10",194,139,121,154,157,216
"ENSG00000214243.3",4,4,25,26,40,34
"ENSG00000186704.8",81,76,54,74,60,107
"ENSG00000205482.7",26,26,20,41,44,59
"ENSG00000237815.1",13,6,10,15,8,24
"ENSG00000225726.1",10,4,13,12,9,1
"ENSG00000214439.3",59,47,32,42,43,35
"ENSG00000213542.3",21,14,4,10,8,15
"ENSG00000135205.10",20,16,32,43,37,43
"ENSG00000127951.5",5,6,9,22,17,8
"ENSG00000186088.11",18,20,12,26,29,13
"ENSG00000127947.11",1162,1099,787,840,1118,1017
"ENSG00000214293.4",228,212,165,236,242,188
"ENSG00000187257.10",1307,1113,875,1022,965,778
"ENSG00000135211.5",237,204,164,221,184,81
"ENSG00000006576.12",1197,1017,741,840,626,460
"ENSG00000232756.1",25,16,26,22,31,52
"ENSG00000187391.13",44,30,44,94,81,70
"ENSG00000127955.11",13,6,4,10,9,5
"ENSG00000135218.13",39,32,17,17,55,34
"ENSG00000214415.3",13,2,0,13,7,6
"ENSG00000075223.9",21,14,7,31,43,11
"ENSG00000019991.11",8,14,8,21,14,10
"ENSG00000153956.11",16,9,8,25,22,17
"ENSG00000186472.15",96,69,51,149,113,45
"ENSG00000170381.8",19,15,24,40,24,11
"ENSG00000075213.6",86,75,45,53,79,40
"ENSG00000227982.1",4,8,3,6,12,13
"ENSG00000235139.2",13,6,12,18,30,17
"ENSG00000235243.1",33,30,10,15,4,33
"ENSG00000232605.1",78,56,19,23,25,40
"ENSG00000153993.9",16,15,9,14,17,8
"ENSG00000198822.6",13,14,11,28,33,18
"ENSG00000164659.10",2337,2087,926,1190,1320,869
"ENSG00000261462.1",10,3,1,4,3,11
"ENSG00000224046.1",15,14,8,28,28,5
"ENSG00000135164.14",2413,2060,1786,1765,1893,1849
"ENSG00000135185.7",67,60,74,71,67,73
"ENSG00000182165.13",73,33,58,93,88,17
"ENSG00000005469.7",80,75,97,116,88,58
"ENSG00000005471.11",25,21,39,74,105,53
"ENSG00000085563.10",28,22,110,172,979,500
"ENSG00000105784.11",19,24,21,43,59,39
"ENSG00000075303.8",771,681,448,545,537,300
"ENSG00000006634.3",1220,945,746,822,980,571
"ENSG00000008277.10",62,31,103,183,144,107
"ENSG00000075142.9",653,554,458,652,496,188
"ENSG00000254003.1",16,13,6,15,7,5
"ENSG00000182348.5",40,33,11,26,29,9
"ENSG00000164647.4",25,10,9,15,16,5
"ENSG00000157214.9",31,21,20,31,21,13
"ENSG00000105792.15",62,39,34,54,84,37
"ENSG00000105793.11",468,411,379,414,451,276
"ENSG00000157224.11",240,239,136,162,136,75
"ENSG00000058091.12",11,13,18,24,32,19
"ENSG00000157240.2",364,306,277,391,288,181
"ENSG00000243144.2",3,10,21,27,24,18
"ENSG00000127989.9",217,206,156,166,249,126
"ENSG00000127914.12",5352,4637,4146,4398,4958,4885
"ENSG00000001630.11",1765,1495,646,977,932,279
"ENSG00000240720.3",10,4,4,22,11,8
"ENSG00000188693.7",19,12,10,15,7,12
"ENSG00000001631.10",1218,1034,986,1000,1167,870
"ENSG00000243107.1",58,32,37,17,40,86
"ENSG00000221520.1",4,14,8,8,10,12
"ENSG00000001629.5",1260,1174,922,1141,1079,855
"ENSG00000157259.6",1851,1584,1251,1452,1568,946
"ENSG00000244055.1",23,10,15,19,14,7
"ENSG00000242950.2",32,24,32,37,31,34
"ENSG00000127980.11",569,490,422,530,496,296
"ENSG00000127993.10",230,218,129,182,204,103
"ENSG00000234545.3",640,532,371,429,390,343
"ENSG00000105810.5",2427,2340,3348,4074,4020,2703
"ENSG00000205413.3",20,17,33,37,66,52
"ENSG00000177409.7",20,16,18,31,45,31
"ENSG00000188175.5",254,240,41,59,92,45
"ENSG00000004766.11",395,385,302,341,342,206
"ENSG00000127928.8",125,121,114,124,219,192
"ENSG00000237729.2",10,13,20,12,21,21
"ENSG00000225898.1",10,10,24,29,23,49
"ENSG00000105825.7",15,7,29,22,40,23
"ENSG00000127920.5",1,1,5,39,31,22
"ENSG00000105829.7",533,486,467,583,674,246
"ENSG00000236861.2",9,6,6,16,16,19
"ENSG00000164692.13",550,501,1215,1825,1192,552
"ENSG00000127995.12",123,114,98,128,135,77
"ENSG00000127990.11",6,9,10,14,21,8
"ENSG00000242265.1",16,8,15,37,25,7
"ENSG00000158528.7",14,10,5,28,27,13
"ENSG00000105854.8",298,256,157,240,215,158
"ENSG00000005981.8",1,6,9,18,17,6
"ENSG00000004799.7",20,28,12,14,16,16
"ENSG00000158560.10",13,29,31,56,82,37
"ENSG00000004864.9",1202,1139,633,819,1023,539
"ENSG00000127922.5",1421,1138,977,1366,1345,675
"ENSG00000196636.7",737,637,404,551,392,179
"ENSG00000224551.1",18,14,0,7,5,13
"ENSG00000070669.12",2966,2571,3939,4759,5654,2335
"ENSG00000226744.1",13,25,25,14,31,26
"ENSG00000183444.10",78,68,44,69,96,49
"ENSG00000243554.1",71,77,84,70,122,92
"ENSG00000164715.5",1545,1369,1004,1303,1411,1061
"ENSG00000180535.3",15,11,5,12,66,53
"ENSG00000205356.5",528,432,246,352,558,533
"ENSG00000164713.5",480,448,170,267,374,186
"ENSG00000006453.9",889,759,258,323,384,320
"ENSG00000272782.1",74,42,13,14,26,37
"ENSG00000272950.1",18,10,5,2,3,7
"ENSG00000214389.2",62,55,66,75,68,19
"ENSG00000106236.3",7,10,4,17,1,7
"ENSG00000166448.10",18,14,13,10,20,6
"ENSG00000196367.8",7628,6626,5153,6669,7680,5512
"ENSG00000266019.1",84,107,102,56,96,121
"ENSG00000238109.1",32,16,12,15,27,28
"ENSG00000242687.2",130,120,85,139,148,135
"ENSG00000198742.5",975,902,628,829,992,572
"ENSG00000185467.7",13,15,7,22,9,6
"ENSG00000002079.8",42,23,12,16,12,27
"ENSG00000241685.4",989,846,566,860,999,503
"ENSG00000130429.8",2610,2262,1276,1660,1732,890
"ENSG00000106244.8",2166,2036,1587,1933,2187,1809
"ENSG00000106245.5",662,604,557,653,758,468
"ENSG00000106246.13",174,143,100,158,152,103
"ENSG00000160917.10",1439,1172,810,1023,1154,740
"ENSG00000228335.1",17,12,7,7,8,11
"ENSG00000241468.3",2173,2025,1233,1711,1833,642
"ENSG00000198556.9",806,661,516,524,671,700
"ENSG00000160908.14",788,690,585,649,776,589
"ENSG00000196652.7",865,705,682,747,785,498
"ENSG00000221909.2",133,126,124,147,158,87
"ENSG00000197343.6",1731,1470,1453,1639,1810,1646
"ENSG00000244219.2",18,26,19,7,26,22
"ENSG00000197037.6",742,546,447,551,648,502
"ENSG00000224448.1",15,17,16,15,11,13
"ENSG00000106258.9",299,218,193,197,246,255
"ENSG00000160870.8",30,25,29,44,45,21
"ENSG00000160868.10",18,12,6,22,25,17
"ENSG00000021461.12",20,9,6,25,16,16
"ENSG00000146833.11",967,823,726,929,801,496
"ENSG00000106261.12",3285,3062,2398,3145,3134,2233
"ENSG00000166529.10",116,108,98,138,119,80
"ENSG00000166526.12",772,704,677,912,920,718
"ENSG00000168090.5",1052,988,770,858,1119,579
"ENSG00000166508.13",13828,12619,8061,10617,11309,4745
"ENSG00000207547.1",21,9,4,10,7,9
"ENSG00000221838.5",432,437,349,432,388,236
"ENSG00000106290.10",1110,965,773,810,892,645
"ENSG00000242798.1",17,20,17,12,17,24
"ENSG00000166997.3",114,80,113,129,100,76
"ENSG00000214309.3",91,42,55,62,64,37
"ENSG00000188186.6",966,879,657,880,876,292
"ENSG00000146826.10",685,645,401,590,643,538
"ENSG00000197093.6",55,69,110,152,106,96
"ENSG00000213420.3",152,149,177,235,142,152
"ENSG00000066923.13",141,126,140,187,158,145
"ENSG00000239521.3",58,50,31,64,51,48
"ENSG00000214300.6",432,308,278,340,324,381
"ENSG00000078319.7",419,310,272,320,337,190
"ENSG00000242294.2",483,387,311,312,301,334
"ENSG00000121716.14",343,266,239,264,286,317
"ENSG00000085514.11",37,24,25,36,42,30
"ENSG00000078487.13",76,79,66,63,67,50
"ENSG00000146834.9",1068,1004,828,1083,1261,764
"ENSG00000160813.2",763,689,402,478,463,389
"ENSG00000185955.4",14,9,10,20,13,12
"ENSG00000166925.4",2023,1793,1398,1733,1978,1819
"ENSG00000166924.4",73,54,26,58,84,59
"ENSG00000225807.1",20,20,1,2,8,5
"ENSG00000106351.8",393,355,213,216,314,258
"ENSG00000184414.2",24,13,7,10,12,15
"ENSG00000077454.11",2016,1751,1146,1489,1503,1464
"ENSG00000106336.8",62,35,49,50,37,43
"ENSG00000224729.4",23,22,23,12,17,22
"ENSG00000106333.8",322,311,345,440,335,261
"ENSG00000106330.7",273,178,135,175,176,77
"ENSG00000106327.8",6235,5622,3137,4257,4343,3155
"ENSG00000077080.5",36,33,13,31,27,31
"ENSG00000172354.5",3392,3049,1939,2603,2884,1566
"ENSG00000146830.9",4307,3953,2519,3119,3818,3994
"ENSG00000172336.4",612,558,411,483,476,246
"ENSG00000130427.2",6,7,1,19,14,7
"ENSG00000146839.14",78,64,58,156,121,49
"ENSG00000196411.5",4000,3741,1764,2657,2829,1702
"ENSG00000146828.13",481,422,294,363,335,277
"ENSG00000236305.1",15,15,5,10,8,11
"ENSG00000087077.7",2383,2245,1759,2148,2058,1333
"ENSG00000087087.14",3617,3043,2739,3583,3614,2688
"ENSG00000176125.3",53,40,35,61,49,51
"ENSG00000087085.9",131,137,63,113,86,104
"ENSG00000169894.13",22,29,21,57,47,24
"ENSG00000205277.5",86,51,63,139,160,85
"ENSG00000169876.9",82,51,39,141,153,41
"ENSG00000169871.8",1339,1182,1154,1366,1661,1761
"ENSG00000260336.1",325,313,330,424,504,494
"ENSG00000106366.7",139,117,99,133,543,319
"ENSG00000106367.9",670,666,500,559,695,292
"ENSG00000128564.5",46,44,15,46,80,42
"ENSG00000167011.4",7,7,11,9,22,10
"ENSG00000106384.6",17,9,2,21,6,8
"ENSG00000106397.7",2127,1852,1262,1854,2015,1346
"ENSG00000106400.7",1315,1258,951,1058,1132,615
"ENSG00000106404.9",322,272,212,225,369,317
"ENSG00000214253.4",1057,1022,621,867,878,371
"ENSG00000232445.1",50,58,84,136,96,63
"ENSG00000128581.11",59,41,71,126,88,69
"ENSG00000160963.9",16,26,383,403,857,869
"ENSG00000233683.1",0,0,30,10,41,54
"ENSG00000257923.5",3300,2950,2718,3325,3367,3045
"ENSG00000259294.1",63,50,28,39,33,61
"ENSG00000272219.1",66,69,70,73,64,95
"ENSG00000272544.1",19,11,26,14,11,40
"ENSG00000230110.3",14,7,7,17,8,10
"ENSG00000258040.1",20,14,12,5,10,19
"ENSG00000160999.8",21,24,19,52,37,16
"ENSG00000170409.7",13,9,9,15,10,23
"ENSG00000166667.8",209,152,137,139,240,314
"ENSG00000128563.9",873,742,747,907,1023,1020
"ENSG00000239969.1",2,8,5,11,16,9
"ENSG00000239486.1",59,45,55,39,42,50
"ENSG00000239480.1",8,10,8,14,11,12
"ENSG00000160991.11",1395,1198,1173,1293,2206,1431
"ENSG00000160993.3",331,267,187,263,276,190
"ENSG00000161036.6",1026,794,724,849,1001,642
"ENSG00000005075.11",1010,907,639,832,992,548
"ENSG00000168255.14",445,357,268,239,425,504
"ENSG00000205238.5",98,91,73,75,133,147
"ENSG00000105808.13",14,20,15,28,37,37
"ENSG00000173678.10",22,12,18,14,32,39
"ENSG00000233297.4",9,7,11,19,13,9
"ENSG00000222011.4",276,239,277,336,318,315
"ENSG00000213385.3",32,28,22,31,34,24
"ENSG00000161040.12",469,355,776,1013,1245,909
"ENSG00000238324.1",10,8,17,16,19,17
"ENSG00000128606.8",40,30,57,93,70,43
"ENSG00000230257.1",254,246,595,664,889,858
"ENSG00000170632.9",1139,1051,677,908,868,414
"ENSG00000233025.1",34,26,16,16,22,29
"ENSG00000161048.7",241,244,236,241,372,265
"ENSG00000224415.1",29,21,25,17,34,25
"ENSG00000170629.10",8,9,10,11,15,11
"ENSG00000105819.9",1809,1524,1043,1397,1381,630
"ENSG00000105821.10",1192,1084,783,981,980,868
"ENSG00000161057.6",1963,1914,1538,1843,2026,668
"ENSG00000235354.1",33,17,12,9,27,4
"ENSG00000170615.10",35,18,14,44,48,20
"ENSG00000189056.9",6285,5778,152,174,1599,717
"ENSG00000164815.6",476,429,301,425,414,132
"ENSG00000187416.7",12,5,22,25,20,20
"ENSG00000197258.5",109,106,94,133,96,40
"ENSG00000226869.2",3,6,21,35,23,15
"ENSG00000237606.2",0,0,10,12,6,6
"ENSG00000243352.2",8,10,37,50,27,31
"ENSG00000237513.1",0,0,1,0,10,13
"ENSG00000228393.3",93,99,72,83,89,61
"ENSG00000239569.2",253,227,169,184,216,178
"ENSG00000005483.15",3519,2941,2443,2888,3206,2853
"ENSG00000272918.1",102,84,74,85,75,75
"ENSG00000135250.12",2043,1821,1282,1475,1183,976
"ENSG00000271482.1",7,5,2,11,3,10
"ENSG00000213361.2",9,15,9,19,9,7
"ENSG00000244490.1",41,37,29,23,33,37
"ENSG00000242154.1",39,22,25,33,17,28
"ENSG00000091127.9",1076,1006,725,878,839,594
"ENSG00000223886.3",15,13,15,14,13,8
"ENSG00000135249.3",1255,1194,1059,1307,1153,815
"ENSG00000185055.6",31,35,168,189,145,120
"ENSG00000272604.1",15,18,40,47,26,47
"ENSG00000231167.3",14,23,38,48,42,39
"ENSG00000146776.10",305,263,289,314,333,323
"ENSG00000226624.1",15,5,6,2,13,12
"ENSG00000128536.11",24,33,34,83,97,74
"ENSG00000008282.3",620,606,393,502,530,237
"ENSG00000105835.7",2073,1807,1563,2022,1590,706
"ENSG00000253276.1",425,333,215,297,278,124
"ENSG00000228742.5",410,384,317,301,544,372
"ENSG00000105851.6",2059,1636,1140,1437,1030,576
"ENSG00000005249.8",6156,5597,4793,5384,4170,2845
"ENSG00000243193.2",119,80,52,68,72,83
"ENSG00000105856.9",1543,1308,1102,1320,968,707
"ENSG00000272072.1",80,64,41,58,23,43
"ENSG00000164597.9",1927,1726,1607,2126,1832,1153
"ENSG00000228341.1",15,13,13,8,17,7
"ENSG00000172209.4",82,83,63,50,89,58
"ENSG00000105865.6",261,223,210,254,256,137
"ENSG00000272854.1",18,20,5,12,8,8
"ENSG00000075790.6",875,750,584,730,636,438
"ENSG00000238832.1",21,10,6,7,8,2
"ENSG00000250474.1",3,3,9,18,28,9
"ENSG00000091137.7",19,20,16,36,34,19
"ENSG00000241764.3",67,60,40,61,34,22
"ENSG00000105879.7",370,315,278,320,424,284
"ENSG00000091138.8",16,15,13,26,12,8
"ENSG00000091140.8",2331,2179,1795,2163,2157,1016
"ENSG00000091136.9",1693,1389,1346,1811,1205,805
"ENSG00000273055.1",13,12,8,8,9,13
"ENSG00000091128.8",20,35,10,48,30,15
"ENSG00000091129.15",28,15,12,63,54,28
"ENSG00000135241.12",654,577,424,497,524,312
"ENSG00000231006.1",13,20,12,14,12,7
"ENSG00000177683.9",306,405,295,386,339,256
"ENSG00000128590.4",289,288,212,232,261,92
"ENSG00000184903.5",577,476,434,512,460,314
"ENSG00000228540.1",8,19,5,6,7,13
"ENSG00000173114.8",134,81,98,105,80,109
"ENSG00000243621.1",31,20,22,14,39,13
"ENSG00000227948.3",69,73,65,48,61,35
"ENSG00000128512.15",160,162,161,245,200,157
"ENSG00000198839.5",510,553,338,443,319,125
"ENSG00000006652.9",1154,1008,1000,1152,1293,856
"ENSG00000181016.5",17,19,19,21,34,29
"ENSG00000225358.1",1,4,17,12,39,26
"ENSG00000146802.8",687,682,586,657,682,474
"ENSG00000164603.7",242,213,212,247,205,145
"ENSG00000164604.8",23,16,10,14,20,7
"ENSG00000214194.4",578,617,537,540,489,284
"ENSG00000154415.3",9,14,9,20,20,16
"ENSG00000128573.18",10,25,5,38,19,15
"ENSG00000135272.5",9,8,5,21,11,6
"ENSG00000105967.11",8,9,12,22,20,3
"ENSG00000135269.13",435,405,1525,1963,1935,961
"ENSG00000243243.1",7,12,9,18,17,25
"ENSG00000105971.10",1703,1554,1023,1496,1145,589
"ENSG00000105974.7",35,28,73,120,180,102
"ENSG00000105976.10",104,102,133,208,198,83
"ENSG00000198898.8",2194,2130,1709,1988,1952,924
"ENSG00000235945.1",99,71,47,58,58,65
"ENSG00000227199.1",57,52,63,62,116,125
"ENSG00000004866.14",834,682,545,717,751,478
"ENSG00000214188.5",125,76,66,79,140,70
"ENSG00000228368.1",8,12,8,9,9,13
"ENSG00000213050.4",17,11,8,8,25,23
"ENSG00000226367.1",100,78,81,54,74,122
"ENSG00000105989.4",5,2,5,15,12,4
"ENSG00000154438.3",12,11,1,15,10,4
"ENSG00000001626.10",22,15,18,21,27,12
"ENSG00000077063.6",25,9,16,38,40,23
"ENSG00000128534.3",1093,1029,774,926,853,584
"ENSG00000256882.1",9,7,21,13,28,22
"ENSG00000225546.1",606,497,444,587,574,563
"ENSG00000184408.5",9,8,2,19,14,5
"ENSG00000106025.4",14,11,15,32,52,16
"ENSG00000071243.11",615,573,345,447,420,224
"ENSG00000106034.13",10756,9661,7810,9433,7135,4369
"ENSG00000212628.1",35,34,22,21,16,8
"ENSG00000207090.1",21,15,13,23,13,12
"ENSG00000002745.8",8,6,4,14,17,9
"ENSG00000196937.6",293,252,335,435,460,332
"ENSG00000106278.7",18,18,14,32,43,15
"ENSG00000008311.10",15,8,13,37,34,5
"ENSG00000081803.11",28,26,16,39,22,11
"ENSG00000081800.4",15,14,4,15,9,7
"ENSG00000164675.6",67,86,44,61,59,34
"ENSG00000128609.10",1275,1143,991,1266,1171,602
"ENSG00000170807.11",6,6,8,15,20,14
"ENSG00000106299.7",862,658,505,627,742,562
"ENSG00000272686.1",186,158,167,183,180,88
"ENSG00000170775.2",13,12,5,20,18,9
"ENSG00000128513.10",1158,1022,917,974,868,375
"ENSG00000224897.2",19,14,22,65,30,27
"ENSG00000186676.3",19,9,8,17,7,14
"ENSG00000237764.2",2,1,12,17,16,12
"ENSG00000179603.13",6,16,10,18,21,9
"ENSG00000048405.5",1433,1175,1570,1774,1773,1754
"ENSG00000224138.1",42,25,54,73,76,107
"ENSG00000179562.2",646,592,518,574,637,462
"ENSG00000004059.6",1683,1786,1001,1299,1324,532
"ENSG00000106328.8",6,7,9,24,17,11
"ENSG00000106331.10",17,7,6,20,33,5
"ENSG00000197157.6",12231,11047,10789,13997,13578,7375
"ENSG00000240579.1",27,23,35,46,31,41
"ENSG00000128594.3",250,220,228,240,242,292
"ENSG00000207588.1",25,22,31,27,15,21
"ENSG00000174697.4",6,1,4,4,14,13
"ENSG00000106344.4",2430,2197,2285,2648,2523,2239
"ENSG00000224940.4",17,20,6,30,18,11
"ENSG00000106348.12",1437,1402,1141,1472,1440,1024
"ENSG00000135245.9",542,498,395,454,578,378
"ENSG00000165055.11",895,772,759,981,995,711
"ENSG00000273270.1",127,139,105,134,179,160
"ENSG00000242588.2",2381,1940,1776,1908,1876,2178
"ENSG00000213280.2",35,35,31,46,23,32
"ENSG00000243302.3",524,434,415,439,443,703
"ENSG00000230715.2",357,347,300,337,324,423
"ENSG00000229413.1",85,70,45,91,62,118
"ENSG00000243679.1",683,540,555,558,522,764
"ENSG00000271529.1",169,133,221,219,350,421
"ENSG00000205085.4",9,2,7,5,14,12
"ENSG00000135248.11",12,14,7,21,16,5
"ENSG00000128595.12",6588,5882,4584,6639,6755,3495
"ENSG00000244218.2",54,51,37,18,41,49
"ENSG00000128617.2",112,84,75,96,109,111
"ENSG00000128596.12",1353,1241,841,891,729,944
"ENSG00000128591.11",15590,14161,11028,14649,12902,8445
"ENSG00000242902.1",48,28,17,21,30,7
"ENSG00000135253.9",53,47,50,70,42,63
"ENSG00000128524.4",2407,2269,1772,2516,1948,475
"ENSG00000239815.1",23,14,8,28,15,17
"ENSG00000272899.1",13,8,14,4,8,15
"ENSG00000128604.14",32,22,24,29,41,18
"ENSG00000064419.9",5431,4655,3457,4255,3622,2045
"ENSG00000244556.1",241,136,97,95,86,84
"ENSG00000230359.3",16,15,18,7,9,7
"ENSG00000230626.3",7,8,8,10,12,3
"ENSG00000158457.4",9,15,1,22,33,8
"ENSG00000128602.5",15,12,3,15,26,14
"ENSG00000158467.12",443,347,378,442,412,276
"ENSG00000128578.5",2674,2202,1403,1553,2372,2167
"ENSG00000239919.1",8,9,8,7,16,18
"ENSG00000240204.2",5,6,11,10,14,5
"ENSG00000273329.1",263,212,179,220,298,302
"ENSG00000106459.10",660,510,486,569,524,371
"ENSG00000242078.1",17,15,2,2,5,1
"ENSG00000186591.7",1715,1504,1039,1358,1319,994
"ENSG00000091732.11",980,803,560,835,665,336
"ENSG00000128607.9",3095,2823,1585,1966,1511,778
"ENSG00000146842.12",2039,1797,954,1459,886,409
"ENSG00000240571.1",21,12,13,8,4,5
"ENSG00000158516.7",11,6,3,27,17,18
"ENSG00000128510.6",11,5,0,15,11,7
"ENSG00000158525.11",12,13,20,13,30,12
"ENSG00000091704.5",5,12,6,12,11,6
"ENSG00000106477.14",54,56,98,124,142,84
"ENSG00000106484.10",30,21,13,22,11,29
"ENSG00000158623.10",750,756,522,565,536,185
"ENSG00000213265.4",16,6,6,7,10,8
"ENSG00000233559.1",11,12,24,5,11,28
"ENSG00000226380.3",18,26,30,25,36,38
"ENSG00000271204.1",13,11,16,12,35,27
"ENSG00000273319.1",19,15,36,37,54,58
"ENSG00000231721.2",215,197,257,258,309,386
"ENSG00000128585.13",2645,2341,2258,2486,2555,1637
"ENSG00000236753.1",92,84,64,103,127,80
"ENSG00000273489.1",38,22,21,8,31,39
"ENSG00000128567.12",80,55,73,118,174,105
"ENSG00000213261.3",10,3,3,19,8,3
"ENSG00000221866.5",33,26,15,45,58,14
"ENSG00000106554.7",2736,2192,1813,2465,2632,1362
"ENSG00000227197.1",40,21,21,26,34,26
"ENSG00000131558.10",3139,2913,2562,3018,2903,1811
"ENSG00000235967.1",15,26,17,14,11,28
"ENSG00000226205.1",26,18,18,36,15,32
"ENSG00000155530.2",20,13,34,37,36,44
"ENSG00000205060.6",627,582,571,779,705,373
"ENSG00000085662.9",70,51,147,234,199,85
"ENSG00000198074.5",8,13,10,24,9,6
"ENSG00000227471.4",21,12,3,8,16,7
"ENSG00000172331.7",344,325,235,316,299,139
"ENSG00000122786.15",21,8,16,32,46,17
"ENSG00000146856.10",52,44,42,69,67,43
"ENSG00000122783.12",527,483,405,531,631,291
"ENSG00000146859.6",349,265,242,349,327,269
"ENSG00000272941.1",27,18,15,11,10,6
"ENSG00000105875.9",552,419,373,467,443,294
"ENSG00000231794.3",15,11,2,9,12,9
"ENSG00000146857.3",8,4,13,15,34,7
"ENSG00000080802.14",904,757,679,879,858,739
"ENSG00000227073.1",28,11,9,7,16,23
"ENSG00000155561.10",9728,8949,5960,7876,6246,2757
"ENSG00000243317.3",1150,995,912,1116,1005,374
"ENSG00000164707.11",63,54,74,105,128,123
"ENSG00000189320.4",4,3,4,18,24,23
"ENSG00000224746.1",24,13,19,16,20,17
"ENSG00000105887.10",4700,4507,3558,4808,4301,1702
"ENSG00000232053.2",110,97,2,4,6,1
"ENSG00000234352.5",23,31,70,89,95,59
"ENSG00000181072.7",32,35,70,78,102,76
"ENSG00000223657.2",9,0,6,11,11,12
"ENSG00000157680.11",22,24,13,56,27,17
"ENSG00000230383.1",9,7,14,25,11,5
"ENSG00000182158.10",2430,2113,2214,2826,3493,2636
"ENSG00000237243.1",40,27,45,32,53,31
"ENSG00000122787.10",4,6,8,14,16,6
"ENSG00000122779.12",3286,2842,3870,4787,6167,4611
"ENSG00000234995.1",23,20,26,33,30,28
"ENSG00000157703.11",33,31,23,50,39,17
"ENSG00000105929.11",16,9,11,30,27,15
"ENSG00000122778.5",85,79,73,117,226,147
"ENSG00000146858.7",6,3,3,21,15,8
"ENSG00000105939.8",2739,2254,1904,2445,2165,1336
"ENSG00000229677.1",16,17,17,14,10,10
"ENSG00000105948.9",219,180,163,197,176,108
"ENSG00000239254.1",12,8,7,4,11,10
"ENSG00000157741.10",2473,2151,2342,3001,2794,2596
"ENSG00000164898.8",59,35,38,36,51,27
"ENSG00000146963.13",1799,1613,1100,1428,1289,791
"ENSG00000273391.1",72,68,60,51,69,70
"ENSG00000188883.4",3,4,15,31,10,6
"ENSG00000236279.2",15,9,178,231,275,143
"ENSG00000064393.11",4414,3776,3596,4881,5609,4395
"ENSG00000059377.11",216,200,591,547,758,794
"ENSG00000059378.8",1090,919,695,849,625,424
"ENSG00000006459.6",1647,1545,708,760,582,541
"ENSG00000260231.1",259,235,91,118,107,58
"ENSG00000157800.13",915,784,648,884,767,580
"ENSG00000133606.6",3677,3148,1944,2568,2091,1188
"ENSG00000146966.8",26,16,24,33,17,17
"ENSG00000133597.5",545,480,383,524,452,269
"ENSG00000090266.8",925,771,576,816,893,203
"ENSG00000240889.1",16,10,7,7,21,9
"ENSG00000157764.8",1815,1684,1540,1772,1940,1461
"ENSG00000273081.1",3,1,9,13,9,11
"ENSG00000090263.11",320,341,323,395,396,135
"ENSG00000261115.1",9,10,15,26,13,2
"ENSG00000006530.11",929,826,784,996,837,550
"ENSG00000244701.1",11,9,6,6,10,7
"ENSG00000257093.2",162,124,110,122,114,97
"ENSG00000270157.1",14,8,8,13,7,6
"ENSG00000228775.3",11,6,5,11,9,9
"ENSG00000214102.3",7,10,5,24,12,5
"ENSG00000106028.6",1600,1365,1294,1620,1635,1127
"ENSG00000127362.2",91,80,95,120,126,75
"ENSG00000127364.2",46,70,62,59,59,42
"ENSG00000270923.1",33,31,29,16,39,30
"ENSG00000127366.4",123,108,103,102,134,113
"ENSG00000241926.1",6,5,3,9,15,19
"ENSG00000239648.1",4,3,3,12,8,13
"ENSG00000165076.9",14,6,23,33,48,37
"ENSG00000257335.4",60,47,55,91,88,53
"ENSG00000257138.1",5,10,2,7,21,6
"ENSG00000204983.8",7,4,14,17,24,9
"ENSG00000211772.4",0,2,109,161,376,168
"ENSG00000106123.7",119,77,1110,1604,3955,2808
"ENSG00000165125.13",21,28,43,71,193,156
"ENSG00000127412.2",33,12,13,55,36,35
"ENSG00000165131.6",18,28,37,41,74,71
"ENSG00000197993.3",2219,1923,1923,2288,3196,3261
"ENSG00000197448.9",1618,1520,878,1245,1207,690
"ENSG00000178826.6",22,14,11,25,33,36
"ENSG00000106144.15",1785,1560,1300,1617,1473,1102
"ENSG00000239419.2",45,46,18,32,29,8
"ENSG00000240322.2",21,23,19,20,17,14
"ENSG00000188037.6",17,14,12,40,31,11
"ENSG00000159784.13",12,10,7,11,22,2
"ENSG00000232533.1",39,50,23,18,71,38
"ENSG00000159840.11",2446,1942,1276,1524,1875,1646
"ENSG00000146904.4",31,26,22,45,49,22
"ENSG00000221855.1",14,8,3,14,3,4
"ENSG00000223459.4",170,167,109,168,123,39
"ENSG00000170379.15",447,384,36,32,29,26
"ENSG00000159860.5",22,28,4,8,0,5
"ENSG00000253882.2",84,89,7,18,15,12
"ENSG00000271321.1",11,15,6,11,20,7
"ENSG00000198420.5",1071,981,637,769,742,476
"ENSG00000204959.3",13,10,7,17,17,5
"ENSG00000050327.10",22,15,9,35,24,13
"ENSG00000196511.9",58,58,24,34,17,11
"ENSG00000243746.1",9,18,7,7,19,2
"ENSG00000174469.13",55,47,47,94,80,47
"ENSG00000273314.1",53,24,29,21,40,26
"ENSG00000055130.11",2243,2028,1885,2483,2482,1225
"ENSG00000264918.1",54,55,34,22,22,29
"ENSG00000106462.6",3079,2784,2585,2926,3231,2712
"ENSG00000155660.6",5334,4791,3382,5242,4316,2098
"ENSG00000197362.9",138,112,121,216,176,132
"ENSG00000204947.4",39,40,33,50,50,39
"ENSG00000240877.2",27,35,8,8,23,18
"ENSG00000197024.4",750,723,513,691,704,559
"ENSG00000170265.7",1971,1757,1564,1965,1898,1284
"ENSG00000170260.4",529,504,408,443,420,406
"ENSG00000204946.5",329,322,524,742,622,495
"ENSG00000271664.1",15,7,31,34,14,19
"ENSG00000244560.2",79,45,115,106,107,105
"ENSG00000196453.7",777,804,642,940,785,686
"ENSG00000181220.11",1394,1111,898,1183,1161,945
"ENSG00000133624.9",752,644,594,671,758,789
"ENSG00000133619.13",932,797,1091,1238,1321,1371
"ENSG00000181444.8",1002,963,552,682,367,349
"ENSG00000197558.7",408,341,287,503,388,352
"ENSG00000106479.6",127,153,91,124,191,152
"ENSG00000204934.6",16,15,9,28,43,30
"ENSG00000171130.13",266,247,183,232,253,88
"ENSG00000260555.1",7,6,18,8,19,5
"ENSG00000241449.1",8,4,14,9,10,13
"ENSG00000106526.6",973,813,580,646,444,323
"ENSG00000127399.10",2693,2306,3302,4261,2210,1304
"ENSG00000188707.4",5813,5003,8014,9969,5128,4061
"ENSG00000106538.5",37,32,22,39,23,16
"ENSG00000240449.1",33,29,27,32,25,7
"ENSG00000214022.7",7122,6075,5610,6946,5815,4373
"ENSG00000196456.4",1644,1328,1070,1402,1100,946
"ENSG00000239377.1",51,36,28,42,41,32
"ENSG00000171115.3",9,8,5,20,31,9
"ENSG00000133561.11",5,4,6,17,34,18
"ENSG00000106560.6",6,2,18,34,41,13
"ENSG00000196329.6",16,4,3,15,14,3
"ENSG00000002726.15",9,10,8,16,28,12
"ENSG00000055118.10",17569,15634,9112,12235,8938,5689
"ENSG00000164867.6",694,544,554,667,662,387
"ENSG00000181652.14",139,106,151,253,183,184
"ENSG00000197150.8",1544,1314,1368,1615,1424,942
"ENSG00000243433.1",43,20,37,24,24,22
"ENSG00000213199.3",242,213,224,224,180,163
"ENSG00000164885.8",406,375,448,579,418,169
"ENSG00000164889.8",5745,5034,4937,6717,6433,4576
"ENSG00000244151.1",44,47,42,40,41,37
"ENSG00000164896.15",1623,1512,1198,1502,1633,1322
"ENSG00000164897.8",3755,3475,2381,3353,2797,1913
"ENSG00000133612.14",3222,2794,2770,3641,3138,2632
"ENSG00000164900.4",10,2,14,18,13,7
"ENSG00000146926.6",20,12,7,20,26,4
"ENSG00000033050.3",1484,1299,1259,1494,1543,864
"ENSG00000033100.10",1793,1553,1508,1858,2059,1614
"ENSG00000082014.12",189,132,122,139,183,199
"ENSG00000013374.11",1973,1577,1622,1842,1718,1116
"ENSG00000187260.11",56,36,34,53,48,35
"ENSG00000106615.5",2302,2148,1538,2042,1788,746
"ENSG00000240132.1",117,88,66,127,78,72
"ENSG00000106617.9",31,50,66,65,105,66
"ENSG00000178234.8",1333,1230,996,1248,1154,802
"ENSG00000229591.1",25,34,24,36,29,33
"ENSG00000213188.3",38,27,34,32,63,46
"ENSG00000055609.13",12241,10499,8572,9935,10038,9978
"ENSG00000270405.1",51,34,19,16,12,44
"ENSG00000204894.4",34,20,8,15,15,21
"ENSG00000241007.1",63,27,34,30,17,31
"ENSG00000253088.1",29,22,33,27,19,23
"ENSG00000261455.1",621,542,325,384,405,283
"ENSG00000196584.2",917,801,942,931,1138,1287
"ENSG00000133627.13",506,397,299,414,412,325
"ENSG00000234722.3",330,233,438,543,1398,1336
"ENSG00000130226.12",15,12,6,8,7,7
"ENSG00000214106.3",33,44,56,62,52,47
"ENSG00000157212.14",835,680,641,835,789,710
"ENSG00000272760.1",20,12,13,14,13,11
"ENSG00000273183.1",23,23,14,25,24,7
"ENSG00000273344.1",640,603,450,584,554,422
"ENSG00000273117.1",161,135,107,187,129,91
"ENSG00000186480.8",16771,14835,5544,7771,8681,3630
"ENSG00000164778.4",8,6,5,21,24,1
"ENSG00000216895.4",176,161,112,169,147,141
"ENSG00000184863.6",3812,3305,3044,3743,3154,3063
"ENSG00000164690.3",7,9,2,20,22,5
"ENSG00000182648.7",60,36,29,43,35,16
"ENSG00000234450.1",24,15,11,13,21,11
"ENSG00000244291.1",514,402,500,660,494,328
"ENSG00000105982.12",150,107,117,214,230,167
"ENSG00000224903.1",3,5,12,25,7,9
"ENSG00000105983.15",1876,1638,1656,2009,1874,1242
"ENSG00000146909.3",1409,1317,1020,1080,1227,1076
"ENSG00000130675.10",540,441,51,71,48,35
"ENSG00000235029.1",22,25,2,0,0,0
"ENSG00000243479.3",29,27,4,5,0,2
"ENSG00000009335.13",3618,3290,2722,3373,3198,2667
"ENSG00000225224.1",92,58,62,86,69,120
"ENSG00000236018.2",104,69,79,59,40,106
"ENSG00000224629.1",13,11,10,16,15,5
"ENSG00000105993.10",2447,2136,1893,2252,2436,1617
"ENSG00000236669.1",0,1,4,4,17,12
"ENSG00000155093.13",13,20,6,29,35,17
"ENSG00000224324.1",29,27,11,29,23,46
"ENSG00000146918.15",5994,5079,3871,4759,4662,2798
"ENSG00000117868.11",7295,6372,4368,5450,6051,3871
"ENSG00000126870.11",3904,3343,2497,2802,3408,3789
"ENSG00000231419.2",292,270,432,524,700,469
"ENSG00000106018.9",55,60,71,92,87,61
"ENSG00000223508.5",104,82,118,144,149,104
"ENSG00000172748.8",122,96,75,89,104,55
"ENSG00000272812.1",61,29,28,59,46,45
"ENSG00000272240.1",37,47,32,43,21,29
"ENSG00000249868.4",10,13,17,31,36,19
"ENSG00000147364.12",264,230,236,341,254,164
"ENSG00000272005.1",45,52,45,53,55,16
"ENSG00000180190.7",27,31,13,38,40,17
"ENSG00000104714.9",479,390,333,398,346,379
"ENSG00000254207.1",19,25,10,7,4,10
"ENSG00000198010.7",19,18,13,51,54,11
"ENSG00000182372.6",553,463,396,517,515,458
"ENSG00000253982.1",79,74,67,63,63,65
"ENSG00000104728.11",808,646,855,902,1061,1020
"ENSG00000176595.3",15,6,7,21,22,12
"ENSG00000036448.5",22,23,21,53,65,25
"ENSG00000249694.2",16,10,11,3,9,6
"ENSG00000254319.1",264,225,138,182,131,84
"ENSG00000253853.1",182,141,157,203,141,126
"ENSG00000183117.13",680,648,1308,1716,1516,1118
"ENSG00000254244.1",10,5,6,11,6,4
"ENSG00000246089.3",114,107,123,143,139,54
"ENSG00000147316.8",281,258,346,388,388,279
"ENSG00000091879.9",11,23,44,91,78,50
"ENSG00000249898.3",47,51,75,73,84,36
"ENSG00000271927.1",3,6,6,7,10,12
"ENSG00000155189.7",1134,1028,974,1317,948,490
"ENSG00000186530.13",16,15,5,12,24,5
"ENSG00000230549.3",7,8,11,12,3,2
"ENSG00000215372.5",21,8,15,42,32,15
"ENSG00000253893.2",11,4,7,3,10,5
"ENSG00000173295.3",177,132,248,284,244,203
"ENSG00000253981.1",46,35,110,132,111,80
"ENSG00000182319.5",60,65,72,99,152,118
"ENSG00000147324.6",1643,1444,536,667,656,398
"ENSG00000104626.10",987,982,897,1053,570,407
"ENSG00000173281.4",750,656,619,737,494,281
"ENSG00000248538.2",21,33,29,27,21,10
"ENSG00000173273.11",2032,1872,2015,2551,1846,1196
"ENSG00000253697.1",22,10,21,36,13,15
"ENSG00000175806.10",26,12,32,64,63,50
"ENSG00000184647.6",8,7,13,20,15,1
"ENSG00000183638.5",39,35,31,90,46,47
"ENSG00000254093.4",128,77,131,128,84,68
"ENSG00000171044.6",20,9,16,23,52,21
"ENSG00000104643.5",237,226,211,288,225,134
"ENSG00000246477.2",39,54,26,25,33,6
"ENSG00000177710.5",8,18,12,29,28,16
"ENSG00000154316.10",88,118,34,46,74,49
"ENSG00000255020.1",35,42,13,15,32,9
"ENSG00000154319.10",12,9,5,23,19,7
"ENSG00000136573.8",14,13,5,19,11,5
"ENSG00000136574.13",6,2,14,11,30,6
"ENSG00000154328.11",257,183,231,284,300,175
"ENSG00000079459.8",13527,12367,8149,11045,6609,2516
"ENSG00000255046.1",26,24,29,24,13,15
"ENSG00000164733.16",6121,5420,3290,4697,4182,1906
"ENSG00000269899.1",48,31,25,38,15,20
"ENSG00000223443.2",4,8,9,35,25,6
"ENSG00000186523.10",55,50,22,28,37,22
"ENSG00000255495.1",12,8,5,10,13,8
"ENSG00000254527.1",19,10,14,9,9,2
"ENSG00000254423.1",8,10,7,10,7,4
"ENSG00000255556.2",18,9,6,22,11,4
"ENSG00000145002.8",28,29,12,21,30,12
"ENSG00000154359.8",247,240,169,247,278,160
"ENSG00000250305.4",20,20,12,27,30,11
"ENSG00000164741.10",788,739,1002,1266,740,438
"ENSG00000185053.8",7,14,4,19,13,1
"ENSG00000104723.16",1422,1389,1062,1397,1117,563
"ENSG00000248423.1",28,40,15,38,28,41
"ENSG00000038945.10",47,49,18,29,42,28
"ENSG00000155970.7",15,29,34,53,44,37
"ENSG00000104219.8",502,509,996,1246,765,456
"ENSG00000271948.1",6,7,16,9,19,8
"ENSG00000198791.7",830,850,912,1111,765,369
"ENSG00000155975.5",563,483,699,710,628,454
"ENSG00000003987.9",57,36,48,72,59,81
"ENSG00000003989.12",9,17,8,14,24,2
"ENSG00000129422.9",23,20,21,59,52,28
"ENSG00000104760.12",6,8,34,31,33,30
"ENSG00000078674.13",6032,5166,5976,6717,5251,4264
"ENSG00000104763.13",2335,1962,1492,2098,1504,618
"ENSG00000171428.9",72,43,71,66,42,21
"ENSG00000156011.12",31,10,10,44,50,21
"ENSG00000104611.7",9,4,14,18,21,10
"ENSG00000147408.10",30,31,26,48,15,6
"ENSG00000104613.7",1626,1506,1367,1607,1100,676
"ENSG00000175445.10",31,27,201,232,196,134
"ENSG00000036565.10",11,10,7,30,31,9
"ENSG00000147416.6",3483,2967,1615,2100,1293,575
"ENSG00000061337.11",16,11,6,21,25,12
"ENSG00000168546.6",5,10,3,8,10,7
"ENSG00000147443.8",23,23,240,358,252,142
"ENSG00000130227.12",3005,2676,2749,3513,2628,1381
"ENSG00000158806.9",31,45,19,44,47,38
"ENSG00000158815.6",55,59,23,42,32,25
"ENSG00000158856.13",2091,1763,639,907,1242,892
"ENSG00000158863.17",1201,1099,1104,1266,1121,1140
"ENSG00000173566.9",275,253,161,207,182,99
"ENSG00000168453.10",25,15,25,57,56,17
"ENSG00000168476.7",971,874,602,883,694,480
"ENSG00000168481.4",9,6,6,13,14,13
"ENSG00000168484.8",12,6,2,14,10,2
"ENSG00000168487.13",1116,1020,721,990,832,748
"ENSG00000177725.4",20,18,11,11,2,12
"ENSG00000168490.9",42,45,22,35,46,18
"ENSG00000208037.1",16,19,8,12,7,4
"ENSG00000168495.8",1415,1291,1291,1631,1318,877
"ENSG00000254064.1",24,21,28,19,18,32
"ENSG00000197181.7",23,21,46,78,62,43
"ENSG00000104635.9",487,429,785,1136,955,564
"ENSG00000120910.10",524,455,444,610,469,337
"ENSG00000254272.1",13,13,7,13,8,19
"ENSG00000251034.1",18,16,17,40,13,15
"ENSG00000120896.9",65,72,71,86,179,99
"ENSG00000120913.19",40,29,23,36,42,24
"ENSG00000241852.5",79,83,95,101,89,71
"ENSG00000158941.12",2314,1958,2088,2621,2150,1396
"ENSG00000253200.1",79,55,69,58,60,62
"ENSG00000147439.7",579,416,448,586,492,465
"ENSG00000179388.8",14,27,16,28,38,27
"ENSG00000008853.12",71,73,53,88,133,102
"ENSG00000120889.8",1797,1586,2001,2271,3030,2457
"ENSG00000246130.1",26,15,19,23,46,43
"ENSG00000173535.9",16,12,26,29,47,26
"ENSG00000173530.5",4,13,3,26,17,4
"ENSG00000253930.1",22,12,32,43,25,13
"ENSG00000104689.5",611,492,665,915,642,360
"ENSG00000243265.1",10,4,7,5,14,3
"ENSG00000246582.2",137,110,173,226,141,68
"ENSG00000147457.9",660,499,738,883,685,385
"ENSG00000104679.6",439,432,390,497,457,259
"ENSG00000134013.11",36,35,31,73,101,44
"ENSG00000197217.8",1184,1144,1141,1335,1192,1045
"ENSG00000253390.1",7,11,6,10,13,8
"ENSG00000253483.1",37,32,12,17,3,10
"ENSG00000253986.1",16,18,11,2,11,3
"ENSG00000147454.9",21535,19350,6535,7966,10268,9202
"ENSG00000268085.1",46,40,13,12,25,14
"ENSG00000159167.7",2,7,9,15,18,6
"ENSG00000042980.8",17,13,3,28,27,15
"ENSG00000069206.11",12,8,10,19,28,11
"ENSG00000104722.9",8,8,8,25,16,7
"ENSG00000104725.9",7,8,5,12,13,3
"ENSG00000147459.13",47,46,38,63,88,39
"ENSG00000147437.5",78,53,35,57,31,66
"ENSG00000253476.1",20,31,15,18,20,17
"ENSG00000104756.11",695,641,541,649,590,357
"ENSG00000184661.9",1664,1546,1401,1613,1074,679
"ENSG00000221818.4",15,18,8,38,33,8
"ENSG00000221914.4",1287,1078,1182,1593,1144,785
"ENSG00000228451.3",101,93,113,174,173,151
"ENSG00000104765.10",3531,3298,2379,2972,2496,1211
"ENSG00000092964.12",207,182,72,137,145,97
"ENSG00000120907.13",20,14,9,21,22,16
"ENSG00000015592.12",8,9,5,22,16,9
"ENSG00000104228.8",407,368,397,533,362,255
"ENSG00000120899.13",2686,2369,2868,3547,3137,2425
"ENSG00000120903.6",18,11,15,39,40,11
"ENSG00000120915.9",1231,1154,2228,2728,1792,1174
"ENSG00000120885.15",25,29,77,112,93,23
"ENSG00000168077.9",19,13,12,30,35,11
"ENSG00000147419.12",505,478,448,549,410,193
"ENSG00000171320.10",389,306,249,255,207,109
"ENSG00000168078.5",845,730,558,670,359,114
"ENSG00000168079.12",14,15,5,18,30,8
"ENSG00000189233.7",12,10,8,32,21,9
"ENSG00000134014.12",919,801,1067,1198,879,454
"ENSG00000186918.9",667,547,628,853,872,487
"ENSG00000214050.3",9,2,8,16,32,23
"ENSG00000104290.6",16,8,171,167,338,199
"ENSG00000012232.4",787,713,913,1399,1042,562
"ENSG00000246339.4",23,17,16,40,34,40
"ENSG00000104299.10",802,697,558,707,487,261
"ENSG00000254034.1",20,14,10,5,11,8
"ENSG00000242958.1",10,19,5,2,1,7
"ENSG00000147421.13",2766,2443,2198,2504,2037,1641
"ENSG00000259196.1",7,6,8,12,0,12
"ENSG00000259366.1",246,195,165,213,146,82
"ENSG00000197892.8",885,831,1646,2052,1536,1310
"ENSG00000253770.1",8,6,19,6,12,12
"ENSG00000120875.4",29,22,37,60,162,128
"ENSG00000133872.9",1533,1501,1273,1828,1137,411
"ENSG00000272256.1",35,32,22,35,27,22
"ENSG00000104660.13",559,519,415,506,305,138
"ENSG00000271869.1",40,21,24,22,13,22
"ENSG00000104671.3",187,179,218,208,200,67
"ENSG00000127589.4",35,17,28,37,43,9
"ENSG00000157110.11",124,72,125,136,132,141
"ENSG00000197265.4",648,576,529,672,457,238
"ENSG00000253112.1",31,35,18,34,22,39
"ENSG00000253457.1",6,12,13,7,3,7
"ENSG00000104687.8",4426,3999,3185,4090,2823,1240
"ENSG00000104691.10",236,184,224,270,211,218
"ENSG00000104695.8",701,654,742,969,677,284
"ENSG00000133863.2",376,346,750,848,777,582
"ENSG00000172733.10",11,14,110,120,85,75
"ENSG00000165392.5",2172,1929,2594,2661,2248,1878
"ENSG00000253579.1",17,5,13,18,7,10
"ENSG00000253961.1",11,25,34,23,28,56
"ENSG00000157168.14",43,22,25,42,61,22
"ENSG00000272338.1",11,19,14,9,6,5
"ENSG00000172728.11",370,358,295,283,204,145
"ENSG00000254061.1",6,11,7,3,4,27
"ENSG00000129696.8",275,259,243,312,294,128
"ENSG00000198042.6",586,529,550,686,609,348
"ENSG00000133874.1",106,87,84,95,105,75
"ENSG00000253642.1",7,10,53,48,60,44
"ENSG00000253569.1",11,11,33,33,28,20
"ENSG00000240738.1",9,4,24,16,34,26
"ENSG00000188512.5",6,1,9,24,24,10
"ENSG00000254194.1",3,0,15,13,14,16
"ENSG00000254302.1",0,2,18,12,23,13
"ENSG00000156687.6",21,20,10,31,30,29
"ENSG00000232024.2",30,31,18,25,25,11
"ENSG00000215262.3",16,9,6,23,18,9
"ENSG00000183779.5",19,7,9,32,26,18
"ENSG00000147475.10",762,716,571,939,657,416
"ENSG00000233170.3",21,17,18,17,13,6
"ENSG00000147471.7",641,602,560,682,528,227
"ENSG00000020181.13",120,104,63,130,80,54
"ENSG00000104221.8",345,259,307,425,297,138
"ENSG00000156675.11",7354,6128,4132,5227,1737,1380
"ENSG00000187840.4",1336,1148,1072,1426,1050,489
"ENSG00000260949.1",17,6,13,23,13,17
"ENSG00000129691.11",4701,4076,4088,5259,3558,1739
"ENSG00000240015.2",31,10,20,18,26,28
"ENSG00000147465.7",842,729,846,1124,639,403
"ENSG00000175324.5",351,304,329,429,321,163
"ENSG00000156735.6",1414,1356,1090,1393,954,571
"ENSG00000248585.2",39,32,16,25,14,17
"ENSG00000085788.9",2426,2294,1710,2261,1676,1217
"ENSG00000147535.12",106,97,90,85,106,110
"ENSG00000147548.12",4113,3650,3561,4291,3565,3203
"ENSG00000272092.1",54,46,27,36,48,42
"ENSG00000165046.8",65,48,42,43,60,27
"ENSG00000077782.15",15,27,16,34,52,26
"ENSG00000253570.1",51,47,43,82,72,10
"ENSG00000147526.15",870,810,1036,1399,1488,1147
"ENSG00000169499.10",1407,1341,1313,1685,1297,786
"ENSG00000169495.4",4,12,16,23,14,6
"ENSG00000169490.12",190,154,151,193,148,57
"ENSG00000168615.7",912,798,721,1123,623,426
"ENSG00000197140.10",17,18,24,28,30,18
"ENSG00000197475.7",19,16,10,21,24,29
"ENSG00000168619.11",14,7,4,15,24,2
"ENSG00000104755.10",10,3,2,13,11,9
"ENSG00000131203.8",7,5,21,19,13,3
"ENSG00000188676.9",2,6,11,28,14,12
"ENSG00000104332.7",7,5,3,23,17,8
"ENSG00000147533.12",753,618,846,1228,685,325
"ENSG00000147536.7",297,291,387,446,348,224
"ENSG00000158669.7",1649,1526,1517,1912,1131,714
"ENSG00000165066.11",8,12,42,48,10,18
"ENSG00000029534.15",12869,11044,7567,9291,9109,7691
"ENSG00000221035.1",11,17,10,3,6,17
"ENSG00000253389.2",20,29,13,13,15,19
"ENSG00000260588.1",22,34,40,73,86,43
"ENSG00000083168.5",2524,2215,2487,3102,2538,1767
"ENSG00000256905.1",11,15,6,17,7,28
"ENSG00000070718.7",527,502,545,672,534,299
"ENSG00000104368.13",33,28,185,246,212,176
"ENSG00000104365.9",943,743,1107,1307,1041,975
"ENSG00000070501.7",442,412,411,540,379,182
"ENSG00000240395.1",19,8,18,12,13,12
"ENSG00000104371.4",10,2,2,10,0,3
"ENSG00000078668.9",2272,2028,2033,2317,1705,713
"ENSG00000168575.5",631,620,474,653,523,401
"ENSG00000254165.1",36,22,33,34,17,19
"ENSG00000176209.7",203,196,169,165,180,77
"ENSG00000147434.4",8,15,0,20,14,1
"ENSG00000131931.4",251,190,206,247,163,100
"ENSG00000120925.9",236,221,192,276,208,118
"ENSG00000168172.4",2139,1866,1842,2230,1559,1396
"ENSG00000168522.8",951,839,941,1196,776,575
"ENSG00000185900.5",579,567,503,709,477,253
"ENSG00000254198.1",53,70,47,87,40,37
"ENSG00000165102.10",333,241,254,347,334,193
"ENSG00000188877.7",4,5,11,15,5,3
"ENSG00000248498.3",18,22,42,57,83,57
"ENSG00000248347.3",5,8,24,15,15,24
"ENSG00000164808.12",1118,1055,1054,1193,975,731
"ENSG00000253330.1",24,25,29,32,17,16
"ENSG00000269924.1",13,12,7,11,12,17
"ENSG00000251354.3",6,6,10,6,12,6
"ENSG00000221869.4",517,509,118,174,98,60
"ENSG00000253729.3",27077,24442,23285,29659,22829,10965
"ENSG00000104738.12",8075,7227,6019,7308,5934,3228
"ENSG00000169139.7",792,653,732,769,653,450
"ENSG00000034239.6",10,8,3,14,10,1
"ENSG00000168333.9",9,11,41,66,65,25
"ENSG00000253474.1",7,6,34,49,65,29
"ENSG00000147481.9",16,11,14,21,21,4
"ENSG00000147485.8",14,17,9,39,28,21
"ENSG00000168300.9",651,564,711,891,653,514
"ENSG00000253475.1",15,14,13,19,15,22
"ENSG00000228801.5",53,42,63,67,50,38
"ENSG00000147488.7",16,23,16,55,26,20
"ENSG00000023287.8",2065,1937,2896,3160,2239,1995
"ENSG00000183729.3",11,2,3,9,12,9
"ENSG00000082556.6",5,8,4,12,8,11
"ENSG00000047249.12",450,417,518,653,583,248
"ENSG00000147509.9",132,93,461,566,744,501
"ENSG00000244159.1",10,3,31,39,31,23
"ENSG00000200528.1",1,1,5,5,15,12
"ENSG00000187735.8",2314,2001,2846,3068,2919,2019
"ENSG00000253667.2",42,36,41,38,56,74
"ENSG00000260955.2",4,5,10,13,4,8
"ENSG00000120992.13",1424,1417,1717,2133,1584,582
"ENSG00000254274.1",12,11,14,27,14,14
"ENSG00000137547.4",653,596,703,791,787,264
"ENSG00000270980.1",5,5,95,134,134,80
"ENSG00000253840.1",1,0,9,26,16,34
"ENSG00000104237.6",26,11,18,56,42,12
"ENSG00000206579.7",23,20,17,38,29,16
"ENSG00000167904.10",491,425,330,482,342,138
"ENSG00000137574.6",846,766,909,980,982,675
"ENSG00000254087.3",3101,2837,2393,3105,2093,1090
"ENSG00000254325.2",50,25,27,22,28,39
"ENSG00000240905.2",21,7,11,12,2,12
"ENSG00000271722.1",8,8,11,14,2,8
"ENSG00000236814.1",13,2,8,12,13,3
"ENSG00000008988.5",12589,11942,11846,14473,12186,3773
"ENSG00000181690.3",194,182,479,565,631,478
"ENSG00000170791.13",277,228,264,427,336,200
"ENSG00000170786.8",6,6,12,12,9,0
"ENSG00000104331.4",1226,1245,1267,1549,1375,761
"ENSG00000253301.1",116,106,1045,1217,1188,1142
"ENSG00000169122.7",8,9,6,21,10,10
"ENSG00000215114.3",189,209,318,428,333,188
"ENSG00000250031.1",40,24,30,35,20,16
"ENSG00000167910.3",8,8,3,18,14,3
"ENSG00000137575.7",1221,1091,1375,1358,1276,474
"ENSG00000035681.3",1453,1302,1018,1217,956,640
"ENSG00000242970.2",10,14,7,11,7,5
"ENSG00000198846.5",10,8,5,14,15,10
"ENSG00000178538.5",1354,1187,749,831,807,490
"ENSG00000251396.2",4,9,14,33,21,13
"ENSG00000104388.10",748,705,934,1230,978,595
"ENSG00000255321.1",15,3,7,10,9,6
"ENSG00000171316.7",3300,3047,3320,3919,3635,2917
"ENSG00000254432.1",12,7,14,17,5,10
"ENSG00000255397.1",7,7,6,10,13,2
"ENSG00000177182.6",8,12,2,19,15,5
"ENSG00000198363.11",1701,1381,1974,2564,2282,1833
"ENSG00000254285.2",81,61,135,172,192,118
"ENSG00000222898.1",6,7,10,7,16,11
"ENSG00000254119.1",10,6,4,12,16,5
"ENSG00000137563.7",406,383,314,430,326,104
"ENSG00000270673.1",20,25,14,40,25,11
"ENSG00000185728.12",938,851,880,909,929,561
"ENSG00000104442.5",719,715,674,709,630,240
"ENSG00000066855.11",545,547,524,681,494,252
"ENSG00000272155.1",3,10,9,7,21,5
"ENSG00000205268.6",718,693,636,774,547,474
"ENSG00000147573.12",5,11,8,15,13,9
"ENSG00000179041.2",210,142,192,210,207,203
"ENSG00000147576.11",15,20,12,29,33,28
"ENSG00000185697.12",56,43,23,32,36,35
"ENSG00000175073.7",1287,1207,1269,1623,1235,821
"ENSG00000213865.3",177,141,175,176,161,131
"ENSG00000104205.8",19,35,17,27,7,11
"ENSG00000178460.13",25,15,19,28,32,19
"ENSG00000245910.4",1570,1392,1306,1580,1185,747
"ENSG00000261787.1",27,15,43,31,58,47
"ENSG00000178125.10",5,5,9,11,10,12
"ENSG00000121022.9",1190,1098,1306,1646,1104,583
"ENSG00000104218.9",946,803,1286,1425,844,885
"ENSG00000252637.1",11,15,9,10,9,8
"ENSG00000250869.1",34,25,32,48,22,16
"ENSG00000066777.4",1771,1573,1660,1976,1637,1262
"ENSG00000271966.1",26,16,15,4,6,14
"ENSG00000046889.14",76,59,18,50,36,11
"ENSG00000165084.11",13,16,13,39,33,9
"ENSG00000137573.9",19,16,15,37,35,8
"ENSG00000137571.6",16,12,7,24,19,14
"ENSG00000147596.3",1,12,2,15,6,5
"ENSG00000140396.8",1296,1085,1192,1465,996,807
"ENSG00000067167.3",1032,927,943,1193,1103,532
"ENSG00000246366.2",22,17,18,24,19,19
"ENSG00000147592.4",168,178,135,189,169,46
"ENSG00000104313.13",22,18,7,22,87,75
"ENSG00000104321.6",60,68,39,61,64,27
"ENSG00000182674.5",11,10,11,17,16,6
"ENSG00000147601.9",423,382,366,501,400,244
"ENSG00000253636.1",27,28,31,32,36,52
"ENSG00000164764.10",12,22,18,17,20,19
"ENSG00000147604.9",21348,18567,19855,22784,15903,7559
"ENSG00000121039.5",503,464,796,1167,1128,596
"ENSG00000250295.2",30,20,38,61,40,54
"ENSG00000253302.1",3,1,1,6,11,16
"ENSG00000040341.13",811,765,731,790,693,470
"ENSG00000254105.1",7,7,17,9,11,6
"ENSG00000254538.1",59,32,26,23,16,33
"ENSG00000104343.15",158,176,186,229,146,98
"ENSG00000253273.2",7,10,14,9,3,3
"ENSG00000154582.12",594,560,515,630,537,177
"ENSG00000175606.6",264,283,218,264,299,78
"ENSG00000104369.4",17,11,2,24,23,6
"ENSG00000104381.8",14,21,14,13,19,12
"ENSG00000254349.1",33,35,57,72,46,46
"ENSG00000253341.1",21,14,14,15,27,13
"ENSG00000254080.1",14,6,11,11,8,8
"ENSG00000253706.1",194,198,111,123,129,101
"ENSG00000253777.1",4,13,3,10,5,5
"ENSG00000137558.3",101,103,76,86,112,94
"ENSG00000121005.4",36,26,67,77,68,53
"ENSG00000249395.2",141,142,131,136,162,105
"ENSG00000253229.1",11,5,5,2,5,13
"ENSG00000164749.7",11,5,5,12,8,4
"ENSG00000253661.1",5,5,47,32,49,24
"ENSG00000253681.1",1,0,10,22,8,11
"ENSG00000091656.11",86,73,163,256,130,107
"ENSG00000164751.10",337,325,386,467,313,143
"ENSG00000104427.7",33,22,57,77,26,16
"ENSG00000104432.8",15,13,20,40,19,3
"ENSG00000253919.1",9,7,13,17,16,5
"ENSG00000253659.1",4,2,1,2,17,10
"ENSG00000104435.9",2,12,4,16,8,8
"ENSG00000164683.12",155,141,960,1333,1187,611
"ENSG00000272138.1",1,3,11,8,9,13
"ENSG00000249328.2",6,5,19,9,44,21
"ENSG00000147586.5",237,190,247,287,232,131
"ENSG00000272518.1",52,38,37,48,39,41
"ENSG00000076554.11",16,12,11,46,27,15
"ENSG00000205189.7",659,580,489,480,351,266
"ENSG00000188856.6",76,49,33,50,43,2
"ENSG00000164684.9",11,10,4,21,15,5
"ENSG00000076641.4",6,8,3,10,32,5
"ENSG00000164687.6",32,33,56,56,53,45
"ENSG00000133731.5",432,357,375,401,336,223
"ENSG00000253598.1",10,3,17,28,24,8
"ENSG00000104231.6",641,555,724,716,655,372
"ENSG00000164695.4",67,40,66,116,81,55
"ENSG00000104497.9",142,147,67,69,89,45
"ENSG00000206228.4",17,5,9,14,19,8
"ENSG00000253898.1",20,22,1,1,4,1
"ENSG00000184672.7",10,3,5,16,11,4
"ENSG00000133739.11",602,550,490,621,488,348
"ENSG00000133740.6",235,200,244,288,211,184
"ENSG00000254208.1",27,20,17,34,21,19
"ENSG00000176731.7",293,272,257,275,254,109
"ENSG00000185015.3",83,63,60,82,142,103
"ENSG00000133742.9",262,217,252,302,659,348
"ENSG00000164879.6",18,14,16,21,111,37
"ENSG00000104267.5",29,27,106,189,96,35
"ENSG00000253154.1",15,19,1,16,13,1
"ENSG00000147613.3",1,4,4,10,11,2
"ENSG00000164893.4",5,4,1,12,15,6
"ENSG00000254231.1",18,30,10,19,16,13
"ENSG00000123124.9",521,523,519,592,404,355
"ENSG00000176623.7",478,494,439,609,429,258
"ENSG00000250569.1",16,10,21,9,11,14
"ENSG00000085719.7",979,906,875,1119,780,333
"ENSG00000254088.1",29,12,34,28,22,30
"ENSG00000170289.8",18,17,10,17,25,8
"ENSG00000176566.3",78,62,1108,1348,944,530
"ENSG00000156103.11",11,10,12,37,18,12
"ENSG00000251136.4",166,133,375,439,389,304
"ENSG00000104312.6",440,377,720,905,581,297
"ENSG00000207359.1",16,11,2,13,16,11
"ENSG00000164823.5",432,460,469,612,401,264
"ENSG00000104320.9",1064,1001,1115,1286,992,732
"ENSG00000104325.2",1080,941,710,884,743,300
"ENSG00000104327.3",237,201,19,38,30,16
"ENSG00000253394.1",391,337,152,151,120,57
"ENSG00000265157.1",10,13,8,5,4,7
"ENSG00000254180.1",41,24,27,16,22,19
"ENSG00000180694.9",720,635,563,707,599,381
"ENSG00000246792.2",53,36,41,47,49,43
"ENSG00000123119.7",104,102,96,125,53,51
"ENSG00000253250.2",333,340,286,359,207,139
"ENSG00000155099.3",497,469,371,443,413,153
"ENSG00000253738.1",172,148,188,245,203,124
"ENSG00000155100.6",411,304,449,525,338,278
"ENSG00000214954.4",42,36,70,100,81,59
"ENSG00000147606.4",11,12,12,36,28,28
"ENSG00000079102.12",13,23,11,15,21,9
"ENSG00000248858.3",162,171,133,143,107,90
"ENSG00000253577.1",32,40,27,41,39,39
"ENSG00000205133.7",47,46,211,238,245,96
"ENSG00000188343.8",171,159,105,148,123,116
"ENSG00000271971.1",16,21,11,14,12,14
"ENSG00000253854.1",46,32,24,33,34,33
"ENSG00000183808.7",1536,1303,1398,1544,1477,1381
"ENSG00000212998.1",122,102,103,131,143,107
"ENSG00000164953.11",167,139,112,158,125,103
"ENSG00000164951.11",39,27,37,64,45,25
"ENSG00000079112.5",12,10,6,19,23,8
"ENSG00000164949.3",5,8,12,17,21,13
"ENSG00000197275.8",215,166,153,157,126,76
"ENSG00000265817.1",27,24,29,44,31,32
"ENSG00000164944.7",1926,1805,1812,2096,1765,982
"ENSG00000212997.1",28,25,19,27,12,26
"ENSG00000253704.1",13,7,11,10,5,4
"ENSG00000104413.11",22,11,7,29,27,11
"ENSG00000156162.12",555,472,454,542,439,291
"ENSG00000164941.9",2014,1886,1793,2094,1503,989
"ENSG00000175305.12",135,116,97,94,120,90
"ENSG00000156170.8",375,306,280,322,356,323
"ENSG00000164938.9",532,496,283,425,307,255
"ENSG00000253878.1",23,23,13,9,14,12
"ENSG00000245080.4",22,18,32,35,21,23
"ENSG00000254248.1",13,7,16,13,23,13
"ENSG00000175895.3",425,452,391,497,501,210
"ENSG00000156172.5",82,55,90,110,80,65
"ENSG00000248762.2",16,14,2,6,0,0
"ENSG00000156466.8",8,5,5,19,10,5
"ENSG00000156467.5",2610,2433,2356,2650,2407,1205
"ENSG00000156469.4",259,252,227,294,206,111
"ENSG00000156471.8",1468,1379,995,1438,1221,543
"ENSG00000169439.7",35,34,7,13,6,3
"ENSG00000104324.11",550,446,327,393,479,304
"ENSG00000180543.3",9,6,10,27,23,5
"ENSG00000147649.5",3264,2836,2890,3760,3134,2172
"ENSG00000104341.12",2554,2383,2157,3363,1384,488
"ENSG00000132561.9",28,22,13,28,20,13
"ENSG00000156482.6",7655,7118,5676,7152,5475,695
"ENSG00000245970.2",30,26,21,18,31,8
"ENSG00000132541.6",232,198,190,252,169,64
"ENSG00000104356.6",381,341,377,394,362,224
"ENSG00000104361.5",14,11,9,16,15,8
"ENSG00000104375.11",516,404,405,501,421,246
"ENSG00000156486.7",18,20,16,16,20,22
"ENSG00000253911.1",19,11,12,18,13,9
"ENSG00000254112.1",11,4,9,8,2,12
"ENSG00000240870.2",7,11,7,8,9,12
"ENSG00000164920.5",236,224,123,160,153,140
"ENSG00000253948.1",34,33,52,55,54,38
"ENSG00000253180.1",21,20,17,16,6,26
"ENSG00000132549.14",2648,2283,2752,3197,2496,2383
"ENSG00000236583.1",50,54,21,52,22,12
"ENSG00000237704.1",19,15,15,13,20,19
"ENSG00000225017.1",34,26,23,24,28,19
"ENSG00000235683.1",10,9,20,19,9,32
"ENSG00000253539.1",2,4,11,3,8,14
"ENSG00000164919.6",1184,1163,1168,1252,1102,449
"ENSG00000132554.15",11,14,9,21,34,6
"ENSG00000156509.9",5,10,10,16,17,10
"ENSG00000147669.6",312,292,305,297,337,93
"ENSG00000104450.8",55,47,49,56,88,66
"ENSG00000034677.7",843,731,784,835,1112,726
"ENSG00000186106.7",215,207,167,213,155,115
"ENSG00000174226.4",6,8,5,23,10,4
"ENSG00000070756.9",24021,21325,16902,25314,18939,11949
"ENSG00000264991.1",21,13,16,21,19,29
"ENSG00000260368.1",10,4,10,10,4,16
"ENSG00000164924.13",7989,7047,7015,8675,7717,3386
"ENSG00000253395.1",12,11,3,11,11,4
"ENSG00000261087.1",46,55,60,70,34,56
"ENSG00000120963.7",1431,1318,1155,1376,857,592
"ENSG00000083307.6",7,13,11,31,20,13
"ENSG00000104490.13",419,410,437,549,415,277
"ENSG00000048392.7",445,391,421,452,342,167
"ENSG00000246263.2",108,113,112,149,113,89
"ENSG00000253328.2",15,11,7,7,7,21
"ENSG00000104517.8",11405,10121,8564,10170,8203,5852
"ENSG00000272037.1",26,18,29,29,30,21
"ENSG00000238533.1",9,18,14,16,12,6
"ENSG00000155090.10",1166,1100,853,1180,1197,693
"ENSG00000253669.3",32,18,12,17,38,35
"ENSG00000155096.9",1709,1609,1278,1583,1326,693
"ENSG00000253385.1",17,24,14,13,24,18
"ENSG00000253320.1",29,28,16,9,26,11
"ENSG00000155097.7",650,618,628,682,586,370
"ENSG00000164930.7",8,11,9,13,13,10
"ENSG00000164932.8",8,11,17,29,21,13
"ENSG00000164933.7",277,219,354,336,296,130
"ENSG00000164934.9",879,801,1033,1321,908,478
"ENSG00000176406.16",16,19,6,49,28,12
"ENSG00000147647.8",8,2,10,21,30,9
"ENSG00000164935.2",3,7,4,10,14,7
"ENSG00000208032.1",3,1,10,5,13,12
"ENSG00000147650.7",684,635,882,1053,1513,1064
"ENSG00000253454.1",9,7,16,14,11,30
"ENSG00000169946.9",624,536,62,63,155,96
"ENSG00000253420.1",19,16,3,1,0,2
"ENSG00000254141.1",19,20,1,5,5,2
"ENSG00000251003.3",16,13,59,50,117,117
"ENSG00000253526.1",1,0,1,2,13,11
"ENSG00000164830.13",871,805,821,915,731,531
"ENSG00000253676.1",25,23,24,25,31,13
"ENSG00000174429.3",9,4,14,5,13,8
"ENSG00000154188.5",455,447,515,705,439,259
"ENSG00000104408.5",7650,7161,6825,8477,6139,2569
"ENSG00000253754.1",42,30,22,33,35,30
"ENSG00000104412.3",448,407,341,414,281,154
"ENSG00000164841.4",6,9,1,5,13,13
"ENSG00000174417.2",5,5,17,8,24,24
"ENSG00000120526.6",723,698,728,815,795,386
"ENSG00000250267.2",15,19,17,6,11,7
"ENSG00000120533.8",1490,1274,1062,1280,1153,679
"ENSG00000205038.7",159,139,46,107,125,65
"ENSG00000147654.10",235,172,163,233,233,168
"ENSG00000147642.12",118,114,12,38,33,14
"ENSG00000164794.4",5,15,0,14,10,2
"ENSG00000254241.1",19,10,11,21,15,35
"ENSG00000253877.1",447,399,306,301,269,184
"ENSG00000164796.13",31,35,32,76,65,34
"ENSG00000104447.7",557,443,367,445,351,307
"ENSG00000227170.1",16,12,5,6,14,14
"ENSG00000147677.6",5904,5192,4116,5098,3820,2286
"ENSG00000147679.7",204,179,269,256,265,120
"ENSG00000164754.8",3570,3319,3070,3988,3235,2005
"ENSG00000164756.8",13,9,33,68,64,42
"ENSG00000164758.3",281,240,211,232,157,87
"ENSG00000239917.3",13,13,5,6,7,5
"ENSG00000182197.6",193,180,117,155,122,110
"ENSG00000164761.4",11,7,2,12,10,4
"ENSG00000136999.4",1,6,5,19,10,5
"ENSG00000136960.8",18,15,8,30,14,8
"ENSG00000064313.7",1100,936,974,1223,1031,734
"ENSG00000136982.5",293,254,257,319,240,137
"ENSG00000244642.2",19,28,30,15,45,7
"ENSG00000155792.5",7,8,16,11,10,5
"ENSG00000187955.7",77,74,541,835,827,393
"ENSG00000172172.3",461,361,470,539,442,204
"ENSG00000172167.3",316,276,278,331,287,188
"ENSG00000172164.9",12,5,3,7,22,3
"ENSG00000170961.6",5,3,9,12,20,5
"ENSG00000178764.6",14,19,11,34,26,9
"ENSG00000136986.5",568,481,486,643,517,288
"ENSG00000156787.12",854,830,727,823,548,413
"ENSG00000253463.1",10,10,18,18,4,12
"ENSG00000147689.12",6065,5373,3831,4945,916,595
"ENSG00000253258.1",9,10,11,8,6,2
"ENSG00000204949.4",189,159,84,102,20,21
"ENSG00000189376.7",122,107,120,137,102,101
"ENSG00000259305.1",9,9,13,14,14,8
"ENSG00000243498.2",25,19,19,16,10,7
"ENSG00000165156.10",1576,1425,1325,1522,1218,857
"ENSG00000156802.8",4094,3869,2947,3388,2673,1827
"ENSG00000254388.1",31,38,30,29,26,24
"ENSG00000156795.2",207,159,118,175,138,61
"ENSG00000156804.3",23,12,19,39,80,55
"ENSG00000175946.8",8,10,7,22,27,6
"ENSG00000104537.12",11,11,11,21,15,6
"ENSG00000176853.11",906,785,745,995,757,515
"ENSG00000214814.2",34,23,17,62,53,24
"ENSG00000271975.1",38,38,46,43,14,22
"ENSG00000164983.6",151,150,227,244,124,137
"ENSG00000183665.4",275,223,213,319,303,164
"ENSG00000245149.3",323,317,246,291,329,256
"ENSG00000170881.4",463,434,426,587,486,254
"ENSG00000147687.12",293,267,292,356,283,144
"ENSG00000253106.1",6,17,30,28,16,17
"ENSG00000147684.3",1357,1327,1286,1953,1946,452
"ENSG00000170873.14",71,49,67,112,71,82
"ENSG00000255491.1",3,10,23,11,19,23
"ENSG00000249816.2",2,6,7,5,11,10
"ENSG00000180938.5",32,43,33,57,37,27
"ENSG00000104549.7",10300,9259,6852,9597,9926,4246
"ENSG00000164961.11",765,739,766,940,780,462
"ENSG00000253167.1",14,18,11,14,6,8
"ENSG00000156831.3",481,459,361,543,439,265
"ENSG00000242170.2",10,7,8,5,6,11
"ENSG00000173334.3",533,482,561,858,671,500
"ENSG00000245164.2",89,65,2954,2895,2183,3069
"ENSG00000253651.1",22,26,664,827,689,632
"ENSG00000250563.1",3,6,30,52,45,33
"ENSG00000248720.1",3,4,22,7,25,39
"ENSG00000168672.3",13,11,31,32,22,16
"ENSG00000253438.2",2,2,13,13,21,33
"ENSG00000212993.3",7,8,19,16,15,13
"ENSG00000136997.10",6138,5348,6454,7944,4553,3006
"ENSG00000249859.3",915,644,1307,1597,1206,735
"ENSG00000256655.1",57,36,93,68,34,49
"ENSG00000221771.1",5,7,15,5,11,10
"ENSG00000207110.1",7,7,13,15,5,1
"ENSG00000222501.1",10,13,32,37,12,6
"ENSG00000221176.1",10,3,21,22,9,10
"ENSG00000250400.3",8,5,19,30,18,15
"ENSG00000222755.1",1,4,18,26,7,3
"ENSG00000229140.4",140,131,498,531,205,88
"ENSG00000253926.1",10,17,32,35,14,11
"ENSG00000263763.1",7,6,24,19,16,16
"ENSG00000147697.4",15,7,5,7,22,5
"ENSG00000153310.14",1861,1571,1320,1530,1213,769
"ENSG00000243402.1",28,22,6,8,12,14
"ENSG00000254263.1",30,23,24,7,11,19
"ENSG00000253720.1",52,20,13,19,23,30
"ENSG00000264653.1",23,17,8,5,7,3
"ENSG00000153317.10",1230,1034,1106,1491,1699,1517
"ENSG00000155897.5",17,14,16,34,33,14
"ENSG00000132294.9",867,751,773,951,734,502
"ENSG00000132297.7",8,8,4,16,18,8
"ENSG00000184156.11",16,20,2,22,16,5
"ENSG00000129295.4",6,3,8,28,13,4
"ENSG00000129292.16",854,747,910,1178,958,758
"ENSG00000223697.2",6,4,14,16,15,12
"ENSG00000042832.7",53,38,43,115,107,32
"ENSG00000155926.9",8,9,0,14,15,7
"ENSG00000104415.9",9,6,7,28,22,8
"ENSG00000104419.10",1791,1642,139,182,1227,702
"ENSG00000008513.10",443,460,501,700,554,382
"ENSG00000261220.2",9,11,8,24,4,6
"ENSG00000066827.11",460,390,472,665,502,368
"ENSG00000259820.1",139,128,160,203,231,325
"ENSG00000131773.9",16,16,5,24,19,13
"ENSG00000147724.7",20,30,14,47,46,15
"ENSG00000169436.12",39,19,20,57,65,20
"ENSG00000169427.2",9,12,6,19,16,4
"ENSG00000167632.10",1669,1419,1418,1808,1488,1310
"ENSG00000250733.3",10,5,17,22,5,16
"ENSG00000259891.1",54,35,48,48,41,60
"ENSG00000104472.5",911,696,685,827,788,516
"ENSG00000259758.1",3025,2599,2554,3032,2791,1785
"ENSG00000123908.7",3297,2726,2536,3210,2992,2001
"ENSG00000169398.15",3035,2799,2794,3374,2333,1637
"ENSG00000105339.6",121,119,81,148,205,176
"ENSG00000022567.5",637,692,589,898,806,589
"ENSG00000253307.1",7,12,14,12,19,17
"ENSG00000254197.1",13,6,9,7,12,8
"ENSG00000253595.1",2,4,10,19,8,1
"ENSG00000261655.1",49,43,10,15,10,10
"ENSG00000204882.3",52,37,13,22,9,7
"ENSG00000244998.1",33,25,19,23,17,21
"ENSG00000184489.7",1406,1224,1082,1385,1661,1095
"ENSG00000226807.2",24,16,21,44,28,19
"ENSG00000271959.1",43,33,24,28,41,70
"ENSG00000171045.10",483,372,412,522,474,477
"ENSG00000181790.6",30,29,24,40,45,29
"ENSG00000198576.2",16,18,21,20,54,23
"ENSG00000253753.1",0,2,13,10,19,20
"ENSG00000234616.4",1337,1256,1233,1424,1206,854
"ENSG00000130193.7",381,326,335,439,300,177
"ENSG00000180155.14",30,20,20,47,46,32
"ENSG00000167656.4",5,4,3,15,10,1
"ENSG00000160882.7",14,14,6,28,19,16
"ENSG00000179142.2",5,11,6,7,16,10
"ENSG00000247317.3",8,10,9,12,19,15
"ENSG00000160932.6",1139,1193,999,1531,1602,503
"ENSG00000182851.2",2,10,11,4,26,46
"ENSG00000181638.13",270,265,246,222,267,259
"ENSG00000250571.2",310,266,338,384,303,384
"ENSG00000253716.1",134,129,156,186,162,88
"ENSG00000185730.3",381,379,385,485,421,415
"ENSG00000272172.1",9,4,3,13,10,5
"ENSG00000184428.8",1919,1722,1608,2033,1579,1094
"ENSG00000254389.2",37,24,46,28,35,39
"ENSG00000158106.8",579,591,561,698,594,568
"ENSG00000253931.1",20,19,47,26,34,72
"ENSG00000254338.1",5,7,17,20,22,10
"ENSG00000182759.3",94,57,72,74,103,69
"ENSG00000014164.6",1505,1267,1071,1296,1041,938
"ENSG00000254859.1",12,15,10,23,12,12
"ENSG00000104518.6",153,129,398,413,216,139
"ENSG00000204839.4",209,200,351,485,227,225
"ENSG00000255050.1",27,19,19,18,11,16
"ENSG00000147813.11",793,747,814,977,674,397
"ENSG00000104529.13",5356,4696,3935,4890,4081,2646
"ENSG00000179886.4",290,246,391,521,513,415
"ENSG00000271912.1",66,55,113,105,147,94
"ENSG00000104524.9",221,219,258,299,267,133
"ENSG00000104522.11",1043,942,646,966,773,393
"ENSG00000254812.1",14,15,2,3,9,10
"ENSG00000183309.7",467,387,449,613,508,392
"ENSG00000181135.11",276,263,269,275,208,268
"ENSG00000181097.5",36,23,18,27,26,21
"ENSG00000255181.2",9,8,5,10,10,4
"ENSG00000181085.10",270,246,370,425,428,459
"ENSG00000254548.1",4,2,3,12,11,7
"ENSG00000180921.6",2115,1927,1938,2536,2456,2116
"ENSG00000265660.1",119,80,88,79,88,55
"ENSG00000203499.6",115,84,144,156,117,68
"ENSG00000254973.1",7,5,17,15,9,12
"ENSG00000214733.4",10,7,9,17,6,11
"ENSG00000180900.12",3976,3629,3709,4673,3765,3454
"ENSG00000179950.9",2200,1952,1812,2337,2042,992
"ENSG00000185189.11",963,849,778,919,844,893
"ENSG00000227184.3",5930,5242,6369,8584,3551,2935
"ENSG00000178209.10",9224,8478,12281,14067,14198,14610
"ENSG00000207574.1",13,9,8,7,9,11
"ENSG00000178685.9",85,88,232,241,133,113
"ENSG00000178719.12",1199,1105,1133,1549,1470,940
"ENSG00000186583.7",63,43,129,119,181,229
"ENSG00000204791.4",188,172,282,261,328,529
"ENSG00000178814.11",2875,2581,3805,4770,3912,3840
"ENSG00000255224.1",44,34,23,48,42,23
"ENSG00000178896.6",339,277,323,456,381,172
"ENSG00000197858.6",1608,1412,1378,1893,1684,754
"ENSG00000179091.4",4827,4458,4650,6170,4489,1834
"ENSG00000179526.12",823,676,811,933,818,595
"ENSG00000179632.5",1751,1662,1378,1980,1618,747
"ENSG00000179698.9",137,104,68,106,100,109
"ENSG00000235173.2",69,44,58,103,71,29
"ENSG00000179832.13",559,514,559,729,587,567
"ENSG00000204775.4",17,16,17,26,21,11
"ENSG00000204771.5",11,12,4,9,12,12
"ENSG00000170727.7",460,399,357,501,395,160
"ENSG00000185122.6",2241,2058,2122,2787,2355,1783
"ENSG00000254690.1",52,47,29,43,46,46
"ENSG00000185000.5",2003,1793,1678,2265,1719,1263
"ENSG00000170616.9",17,16,15,10,13,19
"ENSG00000185803.4",559,477,557,688,703,305
"ENSG00000182325.6",367,312,346,400,449,362
"ENSG00000173137.7",405,309,342,378,393,381
"ENSG00000071894.10",6764,5942,6331,8191,6385,4517
"ENSG00000272115.1",13,23,20,22,7,15
"ENSG00000147804.5",524,457,401,655,416,222
"ENSG00000160948.9",1518,1325,1154,1563,1318,826
"ENSG00000160949.12",2813,2385,2721,3144,2655,2737
"ENSG00000232600.2",39,31,29,45,21,35
"ENSG00000187954.8",1093,1065,1210,1189,1269,1088
"ENSG00000167702.7",923,772,760,1033,966,1203
"ENSG00000160973.7",28,43,216,314,129,76
"ENSG00000160972.5",438,436,359,518,527,466
"ENSG00000261139.1",30,23,14,15,29,31
"ENSG00000167701.9",53,46,49,56,66,70
"ENSG00000167700.4",590,497,550,825,600,436
"ENSG00000160957.8",3182,2893,2673,3261,3160,2919
"ENSG00000160959.3",967,810,754,972,866,599
"ENSG00000213563.2",811,699,528,751,518,384
"ENSG00000147799.7",612,525,535,641,489,490
"ENSG00000198169.4",347,333,360,431,395,307
"ENSG00000196378.7",95,92,90,119,116,78
"ENSG00000161016.11",34230,31968,24100,33921,27171,7479
"ENSG00000197363.5",223,224,198,260,209,213
"ENSG00000147789.11",621,554,563,661,587,437
"ENSG00000170619.8",280,225,206,237,198,155
"ENSG00000196150.9",347,243,297,327,273,232
"ENSG00000170631.10",136,117,161,208,170,111
"ENSG00000196922.6",151,141,298,339,323,264
"ENSG00000255559.1",54,53,81,122,45,46
"ENSG00000182307.8",932,898,859,1160,781,373
"ENSG00000181404.13",378,329,261,292,298,254
"ENSG00000227518.2",25,24,35,27,43,44
"ENSG00000231808.1",49,49,50,50,71,50
"ENSG00000170122.4",38,36,39,70,77,33
"ENSG00000172785.14",135,135,168,220,195,104
"ENSG00000183784.5",57,30,29,30,16,15
"ENSG00000107099.11",1918,1714,1788,2338,1023,676
"ENSG00000227155.3",24,12,28,20,13,8
"ENSG00000107104.14",43,37,102,182,266,144
"ENSG00000064218.4",11,5,7,11,14,3
"ENSG00000173253.10",9,5,5,17,10,6
"ENSG00000080503.15",1184,1093,2088,2393,1908,1467
"ENSG00000236199.1",47,38,60,50,55,37
"ENSG00000147852.11",18,17,19,43,40,20
"ENSG00000168263.8",28,21,37,35,24,33
"ENSG00000080608.9",642,483,534,669,552,453
"ENSG00000080298.11",160,134,274,389,295,215
"ENSG00000203286.4",11,1,6,10,14,7
"ENSG00000232104.2",87,97,60,71,85,41
"ENSG00000235326.1",3,4,11,3,5,12
"ENSG00000107249.17",14,6,44,71,125,104
"ENSG00000106688.7",1,11,7,8,29,26
"ENSG00000106686.12",19,19,8,15,16,8
"ENSG00000205808.4",155,124,137,182,143,69
"ENSG00000273061.1",9,6,11,10,6,2
"ENSG00000106993.7",270,230,178,186,179,92
"ENSG00000147853.12",1097,987,882,1199,875,443
"ENSG00000120158.7",1287,1072,848,1073,710,465
"ENSG00000233186.2",82,66,52,30,28,40
"ENSG00000269305.1",27,21,2,1,9,2
"ENSG00000096968.8",3419,2930,1729,2107,1395,1070
"ENSG00000234534.1",62,37,27,38,21,43
"ENSG00000182347.10",62,52,39,46,44,21
"ENSG00000228166.1",13,12,5,5,10,21
"ENSG00000224083.1",44,26,22,39,13,22
"ENSG00000235917.1",25,13,16,14,5,14
"ENSG00000228097.1",14,9,7,12,14,11
"ENSG00000237711.1",27,13,13,14,7,19
"ENSG00000236254.1",31,25,8,21,16,8
"ENSG00000230225.1",23,22,14,12,10,16
"ENSG00000236567.2",102,74,44,47,41,82
"ENSG00000254017.1",38,38,33,37,23,34
"ENSG00000120210.6",15,12,7,19,11,13
"ENSG00000107020.5",69,61,33,36,29,21
"ENSG00000107036.7",1256,1178,981,1216,1077,814
"ENSG00000099219.9",1923,1689,1353,2052,1445,783
"ENSG00000183354.7",697,567,675,776,788,730
"ENSG00000120215.5",15,12,28,34,40,32
"ENSG00000137040.8",424,416,337,440,411,275
"ENSG00000147854.12",982,916,840,982,819,564
"ENSG00000233367.1",18,24,16,25,13,8
"ENSG00000215066.3",23,23,20,23,21,31
"ENSG00000178445.8",21,13,5,40,29,15
"ENSG00000107077.13",906,737,892,1221,976,718
"ENSG00000230581.2",12,13,20,28,19,21
"ENSG00000230207.1",25,25,17,39,30,19
"ENSG00000137038.7",331,258,303,434,350,135
"ENSG00000153707.11",33,21,20,72,57,25
"ENSG00000265735.1",140,246,217,147,231,68
"ENSG00000234146.1",5,2,4,17,12,25
"ENSG00000107165.8",8,7,3,20,17,8
"ENSG00000214121.4",4,1,8,17,22,5
"ENSG00000107186.12",715,616,729,919,705,551
"ENSG00000234740.1",9,10,3,15,6,9
"ENSG00000147862.10",136,128,40,105,49,37
"ENSG00000272871.1",4,3,7,20,6,13
"ENSG00000175893.7",96,93,208,209,174,160
"ENSG00000164946.15",24,14,125,196,70,73
"ENSG00000214110.3",154,109,108,143,176,100
"ENSG00000232000.2",9,3,45,33,38,29
"ENSG00000155158.16",47,45,109,148,60,31
"ENSG00000164975.11",1572,1372,1145,1474,919,643
"ENSG00000164985.10",2372,2089,1942,2308,1645,1244
"ENSG00000164989.11",29,18,41,68,59,37
"ENSG00000173068.13",9,10,7,19,29,12
"ENSG00000044459.10",20,27,26,60,29,22
"ENSG00000107295.8",5,5,0,12,16,2
"ENSG00000178031.11",27,27,14,57,45,15
"ENSG00000155875.9",10,8,4,20,16,6
"ENSG00000155876.4",405,400,437,552,573,183
"ENSG00000147874.6",971,845,902,1107,838,537
"ENSG00000147872.5",894,864,630,840,699,264
"ENSG00000137145.16",1443,1351,1571,1784,1289,896
"ENSG00000232978.2",14,11,14,9,17,10
"ENSG00000273226.1",17,19,12,13,16,7
"ENSG00000137154.8",18373,16666,16995,21344,15142,7967
"ENSG00000177076.4",98,98,90,110,86,34
"ENSG00000260912.1",20,35,25,25,22,21
"ENSG00000155886.7",32,24,16,41,87,57
"ENSG00000171843.11",32,26,12,23,19,11
"ENSG00000188352.8",75,87,82,112,114,51
"ENSG00000227071.1",18,11,9,25,5,11
"ENSG00000137080.4",7,7,4,14,10,9
"ENSG00000188379.5",0,1,1,11,10,1
"ENSG00000099810.14",13,15,5,15,12,11
"ENSG00000147889.12",6,6,8,13,12,12
"ENSG00000176399.3",7,9,3,15,15,3
"ENSG00000107105.10",14,7,10,20,14,5
"ENSG00000120159.7",266,236,229,286,280,171
"ENSG00000137055.10",496,366,303,434,326,161
"ENSG00000096872.11",230,236,222,254,188,173
"ENSG00000184434.7",13,7,22,25,14,9
"ENSG00000120156.16",21,27,33,81,34,21
"ENSG00000231459.1",25,21,14,9,11,7
"ENSG00000120160.6",20,5,2,12,18,4
"ENSG00000120162.9",682,655,356,393,216,133
"ENSG00000147896.3",52,34,19,18,16,11
"ENSG00000147894.10",115,107,92,85,108,39
"ENSG00000174482.6",4,4,2,16,11,4
"ENSG00000215210.3",11,9,8,14,18,10
"ENSG00000122729.14",933,938,822,1146,932,422
"ENSG00000107201.5",41,26,28,55,57,43
"ENSG00000197579.3",361,294,326,380,346,227
"ENSG00000235453.3",34,40,30,26,24,14
"ENSG00000165264.6",380,387,356,357,349,108
"ENSG00000241043.1",18,15,16,17,17,13
"ENSG00000188133.5",0,3,6,13,14,2
"ENSG00000237437.1",13,4,15,5,17,11
"ENSG00000137074.14",609,481,575,679,520,331
"ENSG00000236184.1",22,26,15,23,15,18
"ENSG00000225693.1",58,40,36,43,50,18
"ENSG00000086061.11",1808,1566,1848,2073,1943,1010
"ENSG00000122692.7",1310,1254,1344,1592,1222,594
"ENSG00000086062.8",994,998,958,1345,1140,631
"ENSG00000122711.4",1,2,5,12,10,6
"ENSG00000107262.12",880,757,885,1081,1025,703
"ENSG00000086065.9",694,603,571,648,582,283
"ENSG00000086102.14",1081,1020,1122,1344,1290,954
"ENSG00000165269.8",23,19,29,32,27,10
"ENSG00000223678.1",3,3,19,21,6,4
"ENSG00000165272.10",354,334,117,182,134,60
"ENSG00000165271.12",1211,1047,1283,1486,1283,923
"ENSG00000226823.1",54,46,49,60,63,46
"ENSG00000230453.5",87,105,101,147,128,116
"ENSG00000234373.1",15,7,34,16,29,23
"ENSG00000226562.2",6,13,24,18,23,15
"ENSG00000231991.3",28,25,21,16,22,11
"ENSG00000237984.2",11,1,20,24,18,24
"ENSG00000260947.1",1,3,12,10,13,15
"ENSG00000010438.12",14,12,14,27,31,16
"ENSG00000235481.2",19,26,14,6,5,11
"ENSG00000107341.4",1443,1288,1151,1415,1157,828
"ENSG00000230925.3",15,7,14,9,8,7
"ENSG00000137073.16",1425,1233,1148,1244,1123,1221
"ENSG00000226801.2",18,13,15,11,9,7
"ENSG00000198876.8",1628,1586,1365,1962,1351,598
"ENSG00000224802.2",12,8,3,10,1,9
"ENSG00000165006.9",783,736,685,896,640,403
"ENSG00000227383.1",23,20,18,19,11,14
"ENSG00000203511.3",23,11,16,14,8,14
"ENSG00000233668.1",14,13,16,16,12,7
"ENSG00000186638.11",379,372,327,371,417,359
"ENSG00000229207.1",81,41,36,30,34,29
"ENSG00000164978.13",120,121,109,131,102,56
"ENSG00000164976.8",31,35,49,76,46,44
"ENSG00000164972.8",7,4,8,10,18,8
"ENSG00000164970.10",124,80,143,182,289,219
"ENSG00000122735.11",12,14,15,42,35,21
"ENSG00000122756.10",9,7,3,13,17,2
"ENSG00000164967.5",198,167,181,254,206,97
"ENSG00000137100.11",402,395,327,431,350,135
"ENSG00000205143.2",9,5,5,17,13,2
"ENSG00000147955.12",765,625,656,1018,805,357
"ENSG00000213930.7",255,275,276,326,261,210
"ENSG00000137070.13",98,96,127,128,131,99
"ENSG00000187186.10",21,21,23,16,17,13
"ENSG00000230074.1",88,74,55,75,77,24
"ENSG00000137077.3",8,7,12,2,15,12
"ENSG00000205108.5",34,34,28,30,56,35
"ENSG00000257198.2",19,16,9,30,19,9
"ENSG00000178723.7",11,14,2,5,10,8
"ENSG00000122733.11",12,1,14,28,16,7
"ENSG00000137094.10",89,91,456,500,377,271
"ENSG00000174038.8",22,19,20,22,44,18
"ENSG00000165280.11",5699,4818,6523,8321,6915,2891
"ENSG00000221829.5",866,796,578,852,665,418
"ENSG00000165282.9",463,382,316,481,423,198
"ENSG00000165283.11",1621,1588,1442,1979,1625,521
"ENSG00000005238.15",334,299,215,257,270,232
"ENSG00000215198.3",2,15,8,12,21,6
"ENSG00000198722.8",844,656,1056,1363,920,557
"ENSG00000198853.7",899,749,954,1041,1170,1014
"ENSG00000235619.1",17,6,18,5,19,17
"ENSG00000215187.5",10,6,9,12,14,6
"ENSG00000107140.11",170,141,113,168,127,88
"ENSG00000137101.8",18,16,17,22,35,12
"ENSG00000231393.1",6,4,12,2,13,15
"ENSG00000137078.4",7,2,2,12,12,3
"ENSG00000269900.2",31228,54542,78157,31292,49379,64137
"ENSG00000159884.7",64,66,45,65,52,21
"ENSG00000137135.13",347,361,336,442,304,247
"ENSG00000107159.8",196,161,161,194,267,123
"ENSG00000198467.9",416,342,316,400,282,331
"ENSG00000137076.14",20571,18311,20870,25557,24177,13601
"ENSG00000107175.6",208,195,233,293,300,134
"ENSG00000070610.10",1424,1211,1193,1582,1426,1179
"ENSG00000107185.8",700,661,555,736,667,423
"ENSG00000227388.2",45,27,41,35,34,59
"ENSG00000159899.10",85,77,79,100,136,99
"ENSG00000137098.9",20,20,23,18,16,21
"ENSG00000137133.6",199,184,138,249,205,75
"ENSG00000137103.12",262,211,110,147,105,87
"ENSG00000204930.5",20,19,6,17,15,15
"ENSG00000168828.4",2,5,2,17,11,0
"ENSG00000213866.3",22,27,20,33,51,30
"ENSG00000122707.7",15,18,15,33,21,13
"ENSG00000122694.11",96,92,19,28,30,15
"ENSG00000185972.4",4,6,10,17,10,3
"ENSG00000122705.12",1466,1497,1183,1552,1396,779
"ENSG00000159921.10",676,617,643,902,675,392
"ENSG00000137075.13",456,385,294,384,317,185
"ENSG00000165304.3",878,728,661,775,685,379
"ENSG00000196092.8",10,22,4,20,31,17
"ENSG00000233137.2",905,820,819,901,909,653
"ENSG00000147905.13",1588,1402,1833,2129,1523,1203
"ENSG00000200502.1",39,39,61,64,48,51
"ENSG00000228292.1",30,29,37,29,36,41
"ENSG00000137106.13",2662,2354,1876,2544,1857,748
"ENSG00000168795.4",1166,1071,869,1106,1004,601
"ENSG00000137054.11",981,969,1107,1492,1142,627
"ENSG00000230188.1",6,19,7,15,8,4
"ENSG00000234160.1",64,58,83,93,106,48
"ENSG00000147912.8",163,125,174,163,165,159
"ENSG00000175768.8",390,398,312,394,325,220
"ENSG00000255872.3",7,9,6,5,19,19
"ENSG00000070601.5",30,23,15,36,33,9
"ENSG00000165275.5",277,258,233,285,277,265
"ENSG00000107371.8",572,538,595,661,559,319
"ENSG00000122741.11",1162,1144,1353,1729,1346,916
"ENSG00000232454.2",21,21,27,15,15,32
"ENSG00000226055.2",9,17,16,14,13,13
"ENSG00000122696.8",381,348,439,572,490,347
"ENSG00000213839.4",123,91,149,133,148,71
"ENSG00000107338.8",272,256,482,667,526,508
"ENSG00000137124.6",822,749,855,1152,952,487
"ENSG00000180071.14",18,13,27,27,34,16
"ENSG00000106714.13",27,11,11,52,54,19
"ENSG00000204848.4",4,3,4,11,10,3
"ENSG00000215142.4",2,3,5,18,12,6
"ENSG00000147926.9",15,9,12,31,18,12
"ENSG00000196409.7",18,18,19,30,14,10
"ENSG00000229273.1",2,5,12,11,18,19
"ENSG00000237846.1",198,201,247,375,238,195
"ENSG00000233207.1",347,267,46,62,34,32
"ENSG00000183148.5",107,96,87,99,71,103
"ENSG00000240240.4",40,47,105,134,100,139
"ENSG00000223839.3",71,55,97,83,96,98
"ENSG00000232433.2",2,0,15,4,4,11
"ENSG00000234416.1",6,10,42,30,23,26
"ENSG00000132498.7",74,76,82,62,64,91
"ENSG00000232866.3",5,0,10,19,12,16
"ENSG00000233074.1",107,91,126,104,103,95
"ENSG00000224303.1",14,26,20,25,19,20
"ENSG00000185775.9",46,37,37,102,87,42
"ENSG00000154529.10",57,54,255,266,153,134
"ENSG00000236816.2",23,28,24,36,27,23
"ENSG00000154537.4",9,1,14,12,7,8
"ENSG00000204805.7",21,17,15,35,21,16
"ENSG00000268578.1",14,6,14,23,20,17
"ENSG00000232116.2",13,9,17,19,20,3
"ENSG00000182368.4",59,37,53,76,57,51
"ENSG00000229523.1",7,15,17,8,15,24
"ENSG00000204807.1",7,6,7,4,13,10
"ENSG00000226129.1",4,7,13,10,18,18
"ENSG00000226546.1",6,3,6,12,8,14
"ENSG00000237198.2",16,13,23,27,16,24
"ENSG00000238113.2",40,35,31,45,73,87
"ENSG00000202474.1",10,3,8,13,15,13
"ENSG00000227582.2",13,5,2,12,13,4
"ENSG00000186466.4",4,4,14,17,5,10
"ENSG00000237238.2",5,5,14,13,9,7
"ENSG00000232833.4",45,39,34,47,31,33
"ENSG00000236233.3",26,37,26,44,32,45
"ENSG00000233434.3",4,6,12,10,9,9
"ENSG00000196774.3",85,50,96,107,97,90
"ENSG00000155282.7",19,6,30,20,4,28
"ENSG00000234042.1",28,19,34,60,48,55
"ENSG00000225411.2",28,34,26,40,34,43
"ENSG00000207277.1",1,6,11,6,8,12
"ENSG00000232815.1",101,96,84,135,98,98
"ENSG00000266017.1",17,27,30,27,19,10
"ENSG00000215548.2",213,202,288,281,244,190
"ENSG00000229789.1",74,50,63,80,53,55
"ENSG00000204794.6",9,8,14,14,11,12
"ENSG00000233961.1",67,46,49,82,63,44
"ENSG00000227558.4",15,17,31,33,28,26
"ENSG00000231242.1",5,1,10,12,4,4
"ENSG00000204790.8",40,33,54,52,29,28
"ENSG00000204788.3",42,42,86,76,51,68
"ENSG00000172014.11",88,73,59,102,64,75
"ENSG00000224185.1",86,41,102,87,79,128
"ENSG00000224106.1",28,14,10,13,8,4
"ENSG00000197550.3",10,1,5,6,22,22
"ENSG00000204779.2",14,5,4,14,6,3
"ENSG00000147996.12",89,66,86,86,91,38
"ENSG00000269337.1",36,17,17,26,22,20
"ENSG00000196873.11",23,25,24,32,16,27
"ENSG00000187559.4",9,5,6,11,12,6
"ENSG00000154330.8",15,10,9,17,12,4
"ENSG00000107242.13",532,451,442,570,450,306
"ENSG00000187866.6",264,243,225,295,298,224
"ENSG00000236998.2",19,18,23,35,26,18
"ENSG00000236733.1",18,2,6,9,3,12
"ENSG00000165059.5",13,6,5,14,9,6
"ENSG00000165060.7",402,370,301,369,360,165
"ENSG00000119139.12",3458,3105,1893,2134,1949,1633
"ENSG00000135063.13",9,6,5,29,23,3
"ENSG00000107282.5",19,7,8,26,33,6
"ENSG00000188647.8",948,876,1150,1433,1052,881
"ENSG00000204711.4",1,5,14,18,10,4
"ENSG00000165072.9",19,6,13,24,16,18
"ENSG00000204706.10",7,18,15,17,4,10
"ENSG00000268364.1",27,22,28,16,33,31
"ENSG00000236801.1",28,25,14,20,13,9
"ENSG00000198887.7",1000,941,1010,997,960,872
"ENSG00000119138.3",613,591,573,805,471,383
"ENSG00000083067.18",36,34,26,78,78,20
"ENSG00000135048.9",1395,1319,612,818,715,436
"ENSG00000107362.9",278,215,235,310,207,127
"ENSG00000155621.10",109,114,102,115,132,74
"ENSG00000119125.12",456,418,824,963,818,719
"ENSG00000107372.8",1246,1126,812,940,874,594
"ENSG00000165091.11",10,9,5,23,15,5
"ENSG00000165092.8",210,129,19,38,33,17
"ENSG00000228024.1",23,13,1,2,1,4
"ENSG00000135046.9",5791,5208,1785,2052,1817,927
"ENSG00000236701.3",1,3,8,12,20,5
"ENSG00000223368.2",23,12,29,23,19,18
"ENSG00000198963.6",6,6,6,11,12,7
"ENSG00000119121.17",53,25,36,97,107,49
"ENSG00000135045.6",337,330,472,564,473,328
"ENSG00000203321.2",25,21,24,28,20,16
"ENSG00000156017.8",399,386,409,547,375,220
"ENSG00000106733.16",42,45,46,69,27,30
"ENSG00000134996.11",316,291,416,502,421,175
"ENSG00000099139.9",171,160,70,78,47,38
"ENSG00000135002.7",2218,2111,1385,1710,968,350
"ENSG00000234618.1",10,15,5,10,8,7
"ENSG00000187210.8",29,28,85,84,118,54
"ENSG00000106772.13",22,31,40,68,58,24
"ENSG00000232998.1",10,14,4,14,20,12
"ENSG00000197969.7",2735,2344,2104,2417,2252,1794
"ENSG00000156049.6",4,8,9,10,17,4
"ENSG00000156052.6",753,658,815,986,810,610
"ENSG00000148019.8",658,536,436,493,409,379
"ENSG00000135069.9",1024,1030,1721,2183,1793,605
"ENSG00000186940.6",11,7,10,22,6,3
"ENSG00000106829.14",185,180,73,122,197,125
"ENSG00000196781.9",16,11,10,50,47,15
"ENSG00000240632.2",9,6,4,12,16,2
"ENSG00000214929.3",29,25,13,48,45,16
"ENSG00000231649.2",47,53,23,67,88,25
"ENSG00000165105.9",18,17,12,14,11,8
"ENSG00000172159.11",25,20,25,44,75,52
"ENSG00000148057.11",37,30,44,25,50,27
"ENSG00000135018.9",3088,2776,2190,2828,2320,1058
"ENSG00000254473.1",10,11,7,12,2,5
"ENSG00000165113.8",157,132,165,169,123,83
"ENSG00000165115.10",94,80,86,94,68,58
"ENSG00000165118.10",349,340,379,485,403,159
"ENSG00000165119.14",8448,7374,8002,9702,8240,4199
"ENSG00000235298.1",19,5,9,10,12,8
"ENSG00000178966.11",203,189,216,246,233,108
"ENSG00000197506.6",11,18,6,43,34,14
"ENSG00000148053.11",55,41,32,84,53,33
"ENSG00000135049.11",379,349,234,334,235,179
"ENSG00000165121.10",33,42,31,26,45,42
"ENSG00000135040.11",908,816,884,1141,839,566
"ENSG00000135052.12",83,78,69,81,100,94
"ENSG00000135070.9",312,305,249,273,255,178
"ENSG00000083223.13",835,798,931,965,1009,704
"ENSG00000231007.4",31,27,45,61,45,6
"ENSG00000228373.2",6,1,5,15,12,11
"ENSG00000196730.8",2204,1957,2784,3492,2198,1701
"ENSG00000219928.2",12,25,12,14,18,5
"ENSG00000236709.1",21,9,23,26,14,25
"ENSG00000135047.10",2036,1951,633,917,963,341
"ENSG00000214888.2",4,9,11,15,13,9
"ENSG00000177992.9",40,11,17,53,77,37
"ENSG00000230246.3",54,33,48,114,99,75
"ENSG00000156345.13",25,24,50,76,112,55
"ENSG00000217716.3",7,19,10,13,4,0
"ENSG00000177910.6",239,172,69,109,149,86
"ENSG00000106723.12",547,468,519,639,587,319
"ENSG00000227638.2",21,9,15,14,23,17
"ENSG00000130045.11",0,14,9,19,6,7
"ENSG00000186354.6",16,7,15,37,45,34
"ENSG00000213694.3",80,52,138,208,168,120
"ENSG00000148082.5",14,12,5,24,11,9
"ENSG00000123975.4",996,875,729,859,656,227
"ENSG00000265112.1",22,24,17,10,7,1
"ENSG00000187742.10",917,804,654,872,724,623
"ENSG00000187764.7",49,35,356,450,578,390
"ENSG00000231799.2",5,1,6,12,17,2
"ENSG00000225460.1",0,2,14,6,8,12
"ENSG00000130222.6",10,5,7,11,9,13
"ENSG00000165025.10",655,601,915,1158,1269,834
"ENSG00000235641.3",11,10,19,15,15,23
"ENSG00000273381.1",9,20,15,14,14,13
"ENSG00000148090.7",516,427,402,536,400,351
"ENSG00000165030.3",481,405,401,499,344,212
"ENSG00000169071.10",1367,1169,887,1275,781,516
"ENSG00000090054.9",1077,958,1027,1314,955,546
"ENSG00000228069.1",28,19,13,12,6,6
"ENSG00000227321.2",23,13,12,15,6,12
"ENSG00000225511.2",4,5,9,10,14,4
"ENSG00000236115.1",10,3,10,3,17,9
"ENSG00000196305.13",6973,6281,8432,10480,9299,4853
"ENSG00000239183.1",44,29,38,67,60,22
"ENSG00000198000.7",1016,906,1145,1205,1104,1004
"ENSG00000188312.9",230,173,232,272,243,211
"ENSG00000106809.6",47,43,50,47,44,47
"ENSG00000127083.7",33,31,27,27,17,38
"ENSG00000106819.7",46,38,43,47,41,47
"ENSG00000106823.8",79,42,81,77,71,82
"ENSG00000127080.5",208,169,189,280,262,180
"ENSG00000185963.9",1300,1155,1172,1287,1149,984
"ENSG00000187984.8",1,2,4,14,10,3
"ENSG00000127081.9",87,96,132,146,144,89
"ENSG00000226668.1",31,23,30,55,54,24
"ENSG00000127084.13",22,24,27,57,86,53
"ENSG00000157303.6",343,357,273,374,313,128
"ENSG00000165233.13",204,215,153,225,196,113
"ENSG00000131669.5",163,167,95,131,85,50
"ENSG00000165238.12",209,136,56,133,120,79
"ENSG00000227603.1",3,1,11,10,9,5
"ENSG00000188938.11",487,420,621,735,627,397
"ENSG00000048828.12",3067,2711,2903,3409,2730,2411
"ENSG00000197724.6",1313,1112,996,1350,1079,905
"ENSG00000158079.10",427,355,368,427,506,383
"ENSG00000227666.1",20,14,8,9,6,12
"ENSG00000269946.1",58,36,24,27,26,18
"ENSG00000269929.1",10,14,11,2,10,10
"ENSG00000199133.1",10,16,9,5,3,7
"ENSG00000175787.12",216,218,248,343,254,226
"ENSG00000237679.2",11,11,12,10,25,8
"ENSG00000130950.9",22,20,20,26,25,11
"ENSG00000232063.1",152,126,82,85,43,35
"ENSG00000148110.11",1494,1441,1336,1837,1464,756
"ENSG00000224245.1",1,4,6,11,6,13
"ENSG00000165140.5",7,4,3,14,10,4
"ENSG00000148120.10",467,388,385,519,409,345
"ENSG00000230815.1",14,5,2,12,5,3
"ENSG00000158169.7",527,440,473,567,434,274
"ENSG00000230221.2",18,15,13,25,12,21
"ENSG00000237857.2",49,31,15,29,24,13
"ENSG00000185920.11",897,893,360,520,453,329
"ENSG00000271155.1",64,45,16,13,37,30
"ENSG00000175611.7",43,36,25,50,45,23
"ENSG00000182150.11",550,535,649,742,616,577
"ENSG00000224546.2",80,73,83,113,92,22
"ENSG00000130948.5",11,8,11,15,28,27
"ENSG00000130958.7",380,377,233,285,244,135
"ENSG00000165244.6",701,683,460,525,490,352
"ENSG00000238251.2",10,15,7,16,7,5
"ENSG00000130956.9",268,172,154,187,218,175
"ENSG00000081377.12",532,468,738,745,669,503
"ENSG00000158122.7",387,275,248,328,295,128
"ENSG00000081386.8",366,285,403,460,538,421
"ENSG00000196597.7",335,250,368,366,357,421
"ENSG00000196312.7",485,437,518,582,464,512
"ENSG00000269907.1",15,8,15,12,8,20
"ENSG00000188152.8",107,99,102,135,127,107
"ENSG00000236745.2",17,6,11,12,12,9
"ENSG00000213612.3",1,5,10,10,14,11
"ENSG00000159712.10",8,12,27,40,31,26
"ENSG00000188801.8",7,16,23,21,11,13
"ENSG00000203279.3",60,50,48,52,36,34
"ENSG00000254876.1",37,28,38,43,35,30
"ENSG00000197816.9",29,29,49,61,37,60
"ENSG00000196116.6",186,196,290,326,315,154
"ENSG00000136842.9",1165,1000,1614,2020,1664,1328
"ENSG00000228174.3",112,88,104,99,96,122
"ENSG00000136925.10",411,405,464,647,565,362
"ENSG00000136937.8",1491,1273,1608,1849,1676,977
"ENSG00000231521.1",18,10,13,20,20,8
"ENSG00000136936.6",194,191,192,247,238,176
"ENSG00000178919.7",4,4,1,9,17,12
"ENSG00000136932.9",102,96,78,104,128,69
"ENSG00000136929.8",3453,2980,2340,2808,3377,2317
"ENSG00000136938.8",6780,5988,5800,7510,6495,4993
"ENSG00000236896.1",66,46,50,46,59,50
"ENSG00000095380.10",1158,1033,1384,1869,1494,518
"ENSG00000106785.10",750,673,671,1028,742,560
"ENSG00000106789.8",980,795,1794,2400,1653,965
"ENSG00000095383.15",357,251,200,277,182,110
"ENSG00000136928.4",70,81,9,32,33,8
"ENSG00000165138.12",1735,1426,1389,1698,1395,1025
"ENSG00000119514.5",1511,1371,1028,1139,721,609
"ENSG00000267026.1",20,31,19,16,6,16
"ENSG00000204291.6",188,187,101,214,185,109
"ENSG00000106799.8",1364,1196,1108,1277,1612,863
"ENSG00000119523.8",448,350,324,474,410,249
"ENSG00000106803.5",780,787,823,939,916,336
"ENSG00000119508.13",18,11,9,24,16,17
"ENSG00000136874.6",379,352,401,528,426,301
"ENSG00000023318.7",1120,1063,716,1017,803,481
"ENSG00000234709.2",30,18,18,31,25,29
"ENSG00000119509.8",878,661,607,669,624,570
"ENSG00000239908.2",7,19,9,6,6,19
"ENSG00000231697.3",38,39,36,40,41,70
"ENSG00000136891.9",1241,1217,1246,1559,1345,768
"ENSG00000066697.10",515,462,352,408,339,289
"ENSG00000241697.3",20,18,48,57,46,30
"ENSG00000170681.6",9,4,25,41,39,30
"ENSG00000136897.6",510,385,402,513,389,193
"ENSG00000136870.6",134,125,186,201,291,212
"ENSG00000165152.4",72,74,102,163,62,19
"ENSG00000155827.7",854,698,790,966,650,419
"ENSG00000198785.4",20,15,12,39,28,18
"ENSG00000136824.14",1355,1327,1509,1740,1425,865
"ENSG00000136783.9",561,501,529,628,423,123
"ENSG00000165028.7",93,66,61,87,41,42
"ENSG00000165029.11",38,27,47,88,76,50
"ENSG00000070214.11",110,130,781,1038,707,366
"ENSG00000106701.7",157,140,163,191,138,120
"ENSG00000229419.1",53,56,53,76,73,85
"ENSG00000106692.9",231,190,300,378,346,232
"ENSG00000186051.4",15,8,42,60,81,39
"ENSG00000095209.7",763,655,848,893,885,348
"ENSG00000228366.1",23,26,20,15,19,23
"ENSG00000232486.1",45,21,41,49,49,74
"ENSG00000228948.2",7,12,9,5,22,13
"ENSG00000148143.8",43,34,55,103,78,55
"ENSG00000119318.8",4136,3728,3696,4352,3875,2916
"ENSG00000136826.10",31,43,16,24,47,20
"ENSG00000148156.6",6,11,9,13,11,8
"ENSG00000187003.5",9,6,7,26,22,6
"ENSG00000070061.10",1677,1415,1578,2098,1518,887
"ENSG00000119328.7",305,299,347,406,349,211
"ENSG00000119326.10",1699,1573,1172,1411,1114,764
"ENSG00000106771.8",3053,2842,2849,3836,3327,1698
"ENSG00000199331.1",7,9,14,14,10,23
"ENSG00000260230.2",5,14,8,23,12,9
"ENSG00000095203.10",46,36,40,92,54,47
"ENSG00000070159.9",25,17,24,50,34,13
"ENSG00000241978.5",3,1,1,3,20,13
"ENSG00000136810.8",2449,2520,1714,2200,1681,525
"ENSG00000204193.6",4,6,6,10,14,3
"ENSG00000165124.13",161,130,200,346,393,208
"ENSG00000030304.8",11,18,6,24,19,8
"ENSG00000198121.9",4,4,9,17,11,6
"ENSG00000136813.10",4484,4091,4418,5220,4431,2970
"ENSG00000173258.8",24,17,15,38,28,28
"ENSG00000106853.12",3,8,13,11,7,5
"ENSG00000059769.15",140,121,146,150,157,133
"ENSG00000242616.3",19,22,21,16,13,8
"ENSG00000165181.12",72,56,66,78,100,48
"ENSG00000148154.5",1907,1690,1259,1553,1288,810
"ENSG00000259953.1",289,265,494,588,422,261
"ENSG00000106868.12",1516,1356,1630,2004,1628,1110
"ENSG00000200261.1",6,12,13,14,7,12
"ENSG00000225513.1",69,61,76,61,61,78
"ENSG00000119314.11",5019,4555,3977,4658,3210,1819
"ENSG00000242256.2",16,16,14,10,11,8
"ENSG00000230081.2",14,7,7,0,3,10
"ENSG00000119471.10",1075,882,736,896,595,372
"ENSG00000230185.4",61,53,51,43,41,36
"ENSG00000165185.10",1684,1470,1327,1601,847,624
"ENSG00000250068.1",67,62,33,30,15,15
"ENSG00000148153.9",523,440,493,607,532,317
"ENSG00000148158.12",467,468,495,713,652,415
"ENSG00000228623.2",5,11,88,141,135,113
"ENSG00000136866.9",6,9,11,25,25,8
"ENSG00000136867.6",10,14,13,15,15,14
"ENSG00000119321.4",1148,978,1204,1400,1356,1170
"ENSG00000136868.9",1206,1126,1284,1866,1761,863
"ENSG00000176386.4",79,53,74,139,112,33
"ENSG00000136875.8",658,540,716,917,830,356
"ENSG00000165188.9",31,18,13,23,15,9
"ENSG00000148225.11",78,83,102,135,104,52
"ENSG00000119411.10",22,25,23,46,14,7
"ENSG00000119431.5",131,140,218,320,149,100
"ENSG00000148218.11",355,322,396,522,311,216
"ENSG00000148229.8",703,673,800,950,838,518
"ENSG00000157653.7",14,16,13,44,23,17
"ENSG00000138835.18",50,39,59,95,124,103
"ENSG00000157657.10",50,53,31,77,230,152
"ENSG00000106927.7",8,4,4,19,16,8
"ENSG00000136883.8",16,11,8,19,23,10
"ENSG00000196739.10",39,27,28,69,64,32
"ENSG00000106948.12",447,428,1194,1605,1607,1362
"ENSG00000235119.1",6,5,11,12,26,12
"ENSG00000095397.9",983,864,878,1022,1288,1262
"ENSG00000136888.6",1269,1136,1099,1219,1290,688
"ENSG00000157693.10",332,290,491,633,570,335
"ENSG00000041982.10",46,33,23,68,74,33
"ENSG00000182752.8",52,51,233,323,244,186
"ENSG00000148219.12",148,115,141,221,151,111
"ENSG00000229105.1",9,9,14,14,6,16
"ENSG00000230894.1",16,13,16,16,14,12
"ENSG00000119401.10",344,330,576,654,418,205
"ENSG00000136869.13",11,12,10,15,14,8
"ENSG00000234782.2",7,14,5,13,5,3
"ENSG00000078725.8",13,6,4,20,19,3
"ENSG00000136861.13",3772,3276,3189,3892,3173,2679
"ENSG00000106780.7",209,230,399,533,357,242
"ENSG00000119402.12",1537,1470,1538,1809,1402,1046
"ENSG00000214654.5",114,106,101,119,140,87
"ENSG00000270917.1",57,64,66,42,56,65
"ENSG00000095261.9",2871,2824,2648,3036,2433,1630
"ENSG00000226752.3",1088,952,1193,1446,1477,1110
"ENSG00000119403.9",8758,7946,6432,8490,7759,5209
"ENSG00000056558.6",32,34,17,29,32,22
"ENSG00000106804.6",69,29,47,64,60,41
"ENSG00000119397.12",2202,1873,2054,2157,1566,1534
"ENSG00000119396.6",902,920,1135,1416,1043,583
"ENSG00000148180.12",536,478,938,1268,1363,755
"ENSG00000235865.2",43,19,26,36,46,32
"ENSG00000148175.8",821,720,1604,2389,1893,753
"ENSG00000227355.1",12,13,18,12,27,19
"ENSG00000204136.6",7,11,34,28,35,36
"ENSG00000136848.12",32,19,26,76,88,58
"ENSG00000261534.1",1,1,3,10,12,16
"ENSG00000175764.10",87,43,112,143,175,133
"ENSG00000119421.5",1137,1056,1074,1427,1318,419
"ENSG00000185681.8",22,8,10,24,12,11
"ENSG00000106852.11",243,241,250,358,340,209
"ENSG00000119446.9",531,432,425,565,454,210
"ENSG00000148187.13",590,498,486,556,565,423
"ENSG00000264227.1",4,3,4,8,10,11
"ENSG00000269979.1",42,26,33,31,29,20
"ENSG00000270102.1",6,6,18,26,23,22
"ENSG00000095303.10",1983,1751,2185,3010,3117,1624
"ENSG00000269970.1",24,33,49,43,48,30
"ENSG00000136939.1",7,2,3,13,11,5
"ENSG00000136940.9",556,510,434,611,412,270
"ENSG00000165204.2",4,5,8,12,4,12
"ENSG00000056586.11",1251,1177,1192,1445,1313,911
"ENSG00000186130.4",93,106,131,125,103,56
"ENSG00000171448.8",317,257,285,320,301,199
"ENSG00000261094.2",66,47,46,66,58,79
"ENSG00000011454.12",867,760,802,848,652,589
"ENSG00000188394.6",19,11,11,17,21,9
"ENSG00000236901.3",1105,977,1014,1272,797,616
"ENSG00000165209.14",2772,2509,2435,3036,2176,1511
"ENSG00000148204.7",199,169,76,127,116,63
"ENSG00000119522.11",1187,1119,1077,1293,950,936
"ENSG00000237336.1",16,17,26,17,17,13
"ENSG00000230826.1",25,21,20,16,27,28
"ENSG00000234881.1",21,7,8,11,10,9
"ENSG00000119408.12",682,663,89,91,105,89
"ENSG00000235204.1",14,27,4,5,0,0
"ENSG00000227200.1",15,10,3,0,1,1
"ENSG00000136930.8",2475,2317,2159,2573,2215,828
"ENSG00000136931.5",7,11,9,24,19,10
"ENSG00000148200.12",1198,1191,1206,1585,1169,862
"ENSG00000231744.1",20,12,15,29,29,39
"ENSG00000224020.1",18,15,34,33,20,41
"ENSG00000207595.1",12,9,11,15,3,7
"ENSG00000207737.1",9,11,6,2,9,12
"ENSG00000236643.1",28,23,2,16,14,5
"ENSG00000185585.15",18,11,8,21,26,11
"ENSG00000136918.3",57,53,36,59,61,28
"ENSG00000136942.10",11796,12155,8268,11039,9020,2953
"ENSG00000136950.9",490,411,463,541,500,368
"ENSG00000136935.9",694,595,679,713,736,738
"ENSG00000173611.13",583,573,757,941,515,476
"ENSG00000177736.3",14,26,22,8,10,18
"ENSG00000119414.7",747,688,666,828,668,247
"ENSG00000232630.1",22,17,9,19,13,21
"ENSG00000136933.12",360,304,336,464,356,168
"ENSG00000044574.7",13111,11732,13131,19850,15372,8363
"ENSG00000239705.1",13,11,8,18,6,3
"ENSG00000165219.17",5157,4674,3487,4070,3555,2404
"ENSG00000214593.3",10,8,7,11,12,6
"ENSG00000119487.12",999,856,879,1185,979,665
"ENSG00000167081.12",40,43,56,63,81,67
"ENSG00000196814.10",18,10,14,21,27,9
"ENSG00000136944.13",12,5,1,9,10,9
"ENSG00000169155.5",430,332,467,566,561,521
"ENSG00000177125.5",708,779,904,976,851,611
"ENSG00000136828.14",117,84,115,122,139,115
"ENSG00000136859.5",16,10,15,31,38,20
"ENSG00000136895.14",116,115,75,120,132,94
"ENSG00000136856.13",229,189,180,199,212,110
"ENSG00000196152.6",128,130,181,287,199,170
"ENSG00000197958.8",20507,18633,16323,20000,15820,4932
"ENSG00000201302.1",34,32,25,63,41,18
"ENSG00000148356.9",700,561,866,924,774,734
"ENSG00000136830.7",1962,1771,2510,3201,1954,1215
"ENSG00000136854.13",803,782,1146,1708,1007,528
"ENSG00000160401.10",45,37,53,73,56,23
"ENSG00000167094.11",23,19,9,31,31,8
"ENSG00000160404.13",398,345,338,517,322,210
"ENSG00000095370.15",117,87,110,125,57,79
"ENSG00000136807.7",1128,967,1099,1305,1043,757
"ENSG00000136877.10",1488,1273,1245,1832,1303,608
"ENSG00000106991.9",88,69,101,126,90,76
"ENSG00000225032.1",64,51,45,52,36,26
"ENSG00000106992.13",48,41,62,78,59,40
"ENSG00000257524.1",11,10,6,10,6,12
"ENSG00000160408.10",672,617,576,789,624,354
"ENSG00000136840.14",516,459,577,948,605,282
"ENSG00000167103.7",54,75,120,161,107,98
"ENSG00000227218.3",29,20,26,29,14,23
"ENSG00000136908.13",812,719,918,1172,1124,594
"ENSG00000167106.7",1007,783,718,928,556,438
"ENSG00000171169.8",444,418,410,597,519,330
"ENSG00000148339.8",2035,1680,1271,1644,1265,844
"ENSG00000230536.1",21,27,35,20,13,11
"ENSG00000234771.2",142,158,245,190,260,396
"ENSG00000148334.10",1296,1102,1306,1678,1485,1242
"ENSG00000232850.1",11,7,5,10,13,8
"ENSG00000148346.7",11,15,10,19,31,19
"ENSG00000171159.4",1862,1433,1355,1590,1528,808
"ENSG00000148337.15",7647,6938,6192,7746,6161,5135
"ENSG00000106976.14",1505,1299,1508,1815,1124,1282
"ENSG00000167110.12",7007,6464,5895,7082,5109,4686
"ENSG00000175854.7",483,532,711,998,736,294
"ENSG00000268211.1",15,11,16,15,42,27
"ENSG00000272960.1",16,5,23,21,24,25
"ENSG00000273281.1",9,14,22,19,20,18
"ENSG00000167112.7",887,731,1046,1296,1183,647
"ENSG00000272696.1",24,36,37,35,45,19
"ENSG00000167113.6",1394,1213,1178,1451,1257,1014
"ENSG00000167114.8",275,236,384,526,634,381
"ENSG00000223551.1",8,8,10,4,7,12
"ENSG00000167118.6",775,633,732,892,808,434
"ENSG00000272593.1",25,24,20,32,38,14
"ENSG00000207955.2",5,17,11,18,24,19
"ENSG00000167123.14",816,762,1332,1742,1475,979
"ENSG00000273186.1",18,11,34,11,26,20
"ENSG00000228510.2",3,5,12,14,17,16
"ENSG00000136811.12",1611,1392,1666,2095,1895,1536
"ENSG00000119392.10",1177,1037,1203,1469,1069,619
"ENSG00000197694.9",747,700,802,1155,1052,596
"ENSG00000119333.7",1888,1840,1257,1812,1811,952
"ENSG00000227759.2",7,9,6,10,10,6
"ENSG00000119335.12",13748,12044,12591,15085,12301,8573
"ENSG00000160447.6",1614,1442,1282,1641,1368,1097
"ENSG00000160446.14",381,344,208,341,242,151
"ENSG00000223478.1",22,23,23,38,41,17
"ENSG00000160445.6",676,573,982,1251,1047,638
"ENSG00000107021.11",529,497,657,832,786,507
"ENSG00000167136.6",575,553,651,815,644,374
"ENSG00000198917.7",935,810,834,1074,728,573
"ENSG00000171097.9",569,522,406,504,369,297
"ENSG00000136802.7",869,730,734,1138,913,605
"ENSG00000175287.14",25,16,23,35,12,21
"ENSG00000175283.7",159,138,117,160,172,86
"ENSG00000095319.10",4456,3959,4209,5306,4429,2498
"ENSG00000267834.1",8,8,20,7,15,18
"ENSG00000148341.13",1985,1823,1936,2402,2199,1658
"ENSG00000148343.14",1651,1527,1480,1667,1518,1397
"ENSG00000167130.13",535,502,416,622,469,230
"ENSG00000095321.12",477,381,365,472,405,231
"ENSG00000119383.15",2034,1870,1879,2726,1999,865
"ENSG00000188483.6",50,48,55,67,45,62
"ENSG00000261334.1",39,30,15,24,21,14
"ENSG00000204054.7",1095,1040,1418,1626,1797,1347
"ENSG00000148335.10",577,493,597,784,649,312
"ENSG00000179058.5",11,10,8,31,17,25
"ENSG00000148331.7",331,264,315,402,409,244
"ENSG00000234789.1",13,7,14,6,6,11
"ENSG00000148344.10",2,8,12,6,10,9
"ENSG00000136816.11",646,534,465,733,598,357
"ENSG00000136827.11",668,628,598,802,724,356
"ENSG00000136819.10",1786,1605,1584,1836,1584,1101
"ENSG00000136878.8",3793,3313,4524,5982,4240,2813
"ENSG00000224988.1",11,14,9,14,17,15
"ENSG00000187239.12",657,626,1017,1246,656,589
"ENSG00000148358.15",1591,1428,1611,2133,1658,1138
"ENSG00000223188.1",13,1,5,14,7,7
"ENSG00000107130.6",687,631,636,999,919,524
"ENSG00000148357.12",39,44,33,78,84,32
"ENSG00000130707.13",58,42,71,112,184,82
"ENSG00000107164.15",1201,1040,1050,1154,1077,954
"ENSG00000130711.3",14,21,6,15,12,9
"ENSG00000130713.11",1033,930,1023,1272,1238,789
"ENSG00000097007.13",11581,10440,13067,16652,12667,9779
"ENSG00000188710.1",25,15,23,23,13,29
"ENSG00000130720.8",25,30,9,10,21,17
"ENSG00000050555.13",40,50,25,68,65,49
"ENSG00000126878.8",68,89,88,143,126,86
"ENSG00000126883.12",16305,14084,15550,19772,19602,15971
"ENSG00000252622.1",66,44,48,53,52,49
"ENSG00000236986.2",455,382,371,348,444,365
"ENSG00000246851.1",297,203,268,278,301,302
"ENSG00000126882.8",4892,4205,2616,3326,2000,1333
"ENSG00000160539.4",31,36,18,29,23,12
"ENSG00000130723.13",9725,8861,9066,10741,8438,7343
"ENSG00000235284.1",9,8,5,10,4,10
"ENSG00000231587.1",16,19,12,23,14,14
"ENSG00000130714.11",901,707,742,896,674,538
"ENSG00000130717.8",427,365,399,544,474,276
"ENSG00000107263.14",1959,1822,1523,1979,1833,1347
"ENSG00000240853.2",9,15,9,7,10,9
"ENSG00000160563.9",284,254,263,298,316,114
"ENSG00000196358.6",4,11,5,16,17,7
"ENSG00000107290.9",2334,2048,2718,3059,2999,2355
"ENSG00000125482.8",394,347,364,377,396,294
"ENSG00000125492.5",14,14,7,17,28,13
"ENSG00000125485.13",477,377,464,534,461,282
"ENSG00000125484.7",1130,1027,1163,1593,1312,680
"ENSG00000165695.5",14,19,9,19,27,12
"ENSG00000165698.11",28,31,29,32,21,10
"ENSG00000165699.9",1237,967,1156,1339,1069,919
"ENSG00000165702.8",1516,1315,1461,1815,1686,1274
"ENSG00000196205.7",1324,1354,962,1208,982,292
"ENSG00000148308.13",2617,2247,1906,2451,1923,1037
"ENSG00000170835.10",51,21,31,23,29,49
"ENSG00000160271.10",1431,1338,1261,1673,1218,1303
"ENSG00000148288.7",310,236,695,872,876,599
"ENSG00000171102.10",2,10,6,14,5,3
"ENSG00000175164.9",806,630,677,728,675,889
"ENSG00000148296.5",1000,810,1319,1540,1432,1171
"ENSG00000148297.11",1242,1007,1053,1326,1226,881
"ENSG00000148303.12",33203,30768,26392,33397,25124,12909
"ENSG00000148290.5",285,274,246,331,269,157
"ENSG00000148291.5",144,130,141,177,149,85
"ENSG00000148248.9",3635,3444,3410,4583,4813,2438
"ENSG00000198870.6",86,74,104,141,112,110
"ENSG00000148300.7",861,619,922,1128,949,655
"ENSG00000160323.14",78,57,65,120,72,62
"ENSG00000160325.10",25,24,33,43,71,25
"ENSG00000160326.9",17,16,19,33,22,30
"ENSG00000187616.4",4,4,4,13,10,4
"ENSG00000197859.5",12,6,10,20,30,17
"ENSG00000123454.6",15,9,4,17,64,64
"ENSG00000225756.1",3,0,2,4,64,51
"ENSG00000123453.12",27,27,30,59,358,239
"ENSG00000160293.12",88,93,113,151,231,170
"ENSG00000235106.4",138,115,172,231,229,147
"ENSG00000169925.12",1406,1200,1111,1336,1012,835
"ENSG00000235138.1",46,30,44,26,29,43
"ENSG00000196363.5",1213,1033,1108,1358,1323,780
"ENSG00000186350.8",1329,1201,935,1070,1147,812
"ENSG00000130635.11",33,51,163,226,661,606
"ENSG00000232355.2",1,0,4,4,24,15
"ENSG00000160339.11",15,7,4,15,8,8
"ENSG00000085265.6",4,11,5,21,9,7
"ENSG00000130558.14",7,12,7,23,30,9
"ENSG00000225361.3",294,240,101,121,144,107
"ENSG00000196422.6",2716,2640,1572,1903,1350,1057
"ENSG00000160345.8",30,34,32,36,40,23
"ENSG00000122140.6",1241,1104,1013,1298,1047,544
"ENSG00000226706.1",13,13,7,12,6,8
"ENSG00000160349.5",5,9,0,10,16,7
"ENSG00000122136.9",6,2,3,19,13,2
"ENSG00000122133.12",29,13,44,51,133,139
"ENSG00000165643.6",7,21,10,38,30,6
"ENSG00000107147.7",27,38,34,63,57,57
"ENSG00000130559.14",3190,2828,1980,2506,1999,1590
"ENSG00000238058.1",67,40,42,42,63,39
"ENSG00000130560.4",12214,10368,6628,8218,7569,5430
"ENSG00000148411.3",955,921,753,888,745,572
"ENSG00000260193.1",14,7,15,12,1,12
"ENSG00000238227.3",1214,1041,921,1246,1054,620
"ENSG00000107187.11",9,5,4,15,10,6
"ENSG00000165661.11",1225,1108,768,1039,945,654
"ENSG00000160360.7",1100,892,895,1090,1113,1104
"ENSG00000213221.4",25,22,23,14,27,34
"ENSG00000187796.9",480,443,1029,1183,1134,1391
"ENSG00000165684.3",958,814,975,1118,1000,1128
"ENSG00000165689.12",1156,1040,1305,1578,1332,906
"ENSG00000165688.7",2108,1873,1965,2614,2427,1176
"ENSG00000148384.11",935,852,783,894,810,850
"ENSG00000148396.14",5415,4840,5198,6377,5776,4623
"ENSG00000196366.1",67,53,51,60,65,35
"ENSG00000148400.9",2629,2370,2457,3368,3514,2865
"ENSG00000227512.1",47,43,33,22,24,22
"ENSG00000237886.1",26,29,18,42,14,26
"ENSG00000172889.11",11005,9505,7561,8755,9303,8712
"ENSG00000199161.1",100,91,48,66,53,103
"ENSG00000169692.8",1151,1000,737,955,828,751
"ENSG00000165716.5",465,478,388,557,393,325
"ENSG00000233016.2",1064,935,677,919,778,516
"ENSG00000204001.5",11,13,12,27,32,15
"ENSG00000177984.6",10,12,14,22,19,14
"ENSG00000244187.3",385,357,302,429,334,106
"ENSG00000213213.9",66,54,61,79,86,62
"ENSG00000273066.1",310,259,197,204,144,224
"ENSG00000228544.1",122,75,80,93,87,105
"ENSG00000196642.11",7864,6673,5136,6584,5517,4591
"ENSG00000213212.3",90,88,94,84,60,120
"ENSG00000265806.1",188,131,124,107,122,108
"ENSG00000232434.1",234,230,163,152,166,294
"ENSG00000054148.13",1464,1392,1139,1387,1118,579
"ENSG00000177943.9",805,617,571,570,673,953
"ENSG00000107223.8",1983,1585,1374,1909,1631,1315
"ENSG00000127191.13",1518,1304,1091,1484,1131,785
"ENSG00000266507.1",13,22,11,7,10,16
"ENSG00000213590.2",11,17,14,11,10,9
"ENSG00000260190.1",27,16,11,13,15,9
"ENSG00000159069.9",3203,2877,2325,3100,2734,1870
"ENSG00000176919.7",21,19,37,60,62,51
"ENSG00000184925.7",29,27,17,33,20,3
"ENSG00000107317.7",269,216,77,100,70,36
"ENSG00000214402.6",43,33,21,17,16,12
"ENSG00000148362.6",1059,1045,650,872,819,528
"ENSG00000169583.12",70,41,22,51,40,30
"ENSG00000107331.12",4691,4175,2494,3049,3012,2723
"ENSG00000180539.4",26,23,22,13,37,14
"ENSG00000180549.7",27,15,10,6,10,10
"ENSG00000107281.5",174,134,49,62,142,96
"ENSG00000054179.7",43,25,23,39,31,20
"ENSG00000186193.7",1116,1065,1688,2061,1492,1088
"ENSG00000197355.6",516,521,486,545,471,441
"ENSG00000268996.1",20,24,22,19,17,14
"ENSG00000177239.10",1897,1579,1616,1992,1522,1258
"ENSG00000176978.9",3185,2817,2382,3476,2873,2218
"ENSG00000176884.10",19,17,39,52,26,37
"ENSG00000176248.7",947,899,809,969,802,835
"ENSG00000176101.7",968,843,748,928,784,490
"ENSG00000176058.7",615,504,476,634,650,430
"ENSG00000187713.5",667,624,514,733,651,320
"ENSG00000188566.7",680,555,494,601,594,541
"ENSG00000212864.2",96,86,74,97,50,65
"ENSG00000197191.3",20,24,28,33,21,25
"ENSG00000233198.2",41,21,42,47,30,39
"ENSG00000198569.5",130,113,91,119,102,160
"ENSG00000188229.5",7597,6877,6360,7687,6487,4091
"ENSG00000188163.6",129,99,44,74,64,39
"ENSG00000197768.6",100,70,62,91,70,100
"ENSG00000188986.4",2244,2087,1897,2458,2054,1235
"ENSG00000198113.2",2727,2328,2199,2945,2590,1739
"ENSG00000260996.1",10,15,4,18,14,14
"ENSG00000198435.2",440,389,457,580,656,567
"ENSG00000187609.11",557,444,495,578,542,637
"ENSG00000188747.4",377,302,301,354,388,512
"ENSG00000188833.5",50,51,44,69,78,79
"ENSG00000165802.15",2058,1924,1529,1889,1719,1420
"ENSG00000130653.11",192,156,152,166,181,167
"ENSG00000182154.7",844,802,684,909,911,378
"ENSG00000148399.7",892,707,722,914,784,638
"ENSG00000165724.5",790,693,728,867,789,492
"ENSG00000197070.9",587,539,601,677,623,584
"ENSG00000203993.3",384,343,356,402,439,280
"ENSG00000181090.13",2787,2384,2533,2923,2545,2021
"ENSG00000233998.1",38,29,23,18,27,30
"ENSG00000255585.2",27,20,19,20,12,37
"ENSG00000148408.8",26,32,38,82,62,48
"ENSG00000159247.8",12,9,4,17,6,5
"ENSG00000233013.4",39,31,43,25,49,33
"ENSG00000015171.14",272,257,180,235,238,194
"ENSG00000151240.11",31,24,35,91,68,30
"ENSG00000107929.10",3546,2967,2972,3789,3104,2180
"ENSG00000107937.14",2012,1851,1920,2396,1939,873
"ENSG00000067064.6",1965,1827,1686,2052,1409,709
"ENSG00000047056.10",854,688,807,1052,822,697
"ENSG00000229205.2",526,542,568,683,590,285
"ENSG00000185736.11",92,55,109,104,70,104
"ENSG00000067057.12",4250,3696,3961,5299,5310,3257
"ENSG00000107959.11",1248,1052,1008,1239,1016,684
"ENSG00000237399.3",64,53,48,36,41,31
"ENSG00000233321.1",53,31,21,13,29,28
"ENSG00000236892.1",34,30,8,11,16,12
"ENSG00000229672.2",31,20,6,11,18,15
"ENSG00000067082.10",1662,1434,1008,1179,1133,741
"ENSG00000165568.13",158,109,216,306,235,184
"ENSG00000151631.7",8,4,11,17,10,15
"ENSG00000187134.8",1924,1778,1066,1183,831,464
"ENSG00000151632.12",565,510,164,156,176,97
"ENSG00000196139.7",23,26,14,31,40,14
"ENSG00000196326.6",6,7,5,12,11,16
"ENSG00000198610.6",16,14,13,22,28,20
"ENSG00000231039.2",9,2,10,11,25,11
"ENSG00000224034.1",12,10,7,16,10,21
"ENSG00000215267.4",30,18,33,35,43,38
"ENSG00000178462.7",156,136,83,135,103,55
"ENSG00000173848.14",6320,5556,3713,4705,2897,1760
"ENSG00000196372.8",605,514,494,727,454,182
"ENSG00000108021.15",1344,1256,1387,1730,1729,1359
"ENSG00000226647.2",14,22,6,22,16,15
"ENSG00000057608.12",5861,5416,5082,6131,4861,2048
"ENSG00000270427.1",64,36,21,32,31,18
"ENSG00000272764.1",23,25,7,7,10,9
"ENSG00000134461.11",313,226,172,256,182,164
"ENSG00000134452.15",2302,2044,1919,2453,2161,1567
"ENSG00000232807.2",23,34,17,16,20,24
"ENSG00000134470.15",268,234,88,135,59,44
"ENSG00000134453.11",1717,1591,1422,1567,1468,983
"ENSG00000170525.14",780,712,654,814,752,529
"ENSG00000201581.1",10,6,7,13,9,7
"ENSG00000215244.2",22,14,23,50,36,33
"ENSG00000212743.1",1,0,8,6,10,12
"ENSG00000065675.10",606,553,595,893,576,370
"ENSG00000237943.2",229,207,239,324,249,150
"ENSG00000198879.7",1013,933,1212,1431,1209,920
"ENSG00000235141.1",11,9,15,9,5,7
"ENSG00000123243.10",31,20,290,341,605,315
"ENSG00000151655.13",15,1,13,25,16,7
"ENSG00000151657.7",273,245,228,293,255,208
"ENSG00000165629.15",2816,2675,2708,3451,2695,784
"ENSG00000165632.7",490,401,307,418,407,327
"ENSG00000107485.11",8,5,7,21,14,7
"ENSG00000048740.13",74,39,2193,2687,775,549
"ENSG00000230322.1",2,1,57,41,13,18
"ENSG00000181800.5",1,3,176,152,53,51
"ENSG00000148429.10",1613,1366,1257,1585,1223,930
"ENSG00000271360.1",34,21,12,10,15,11
"ENSG00000134463.10",409,476,298,436,389,180
"ENSG00000148426.8",289,219,283,362,309,262
"ENSG00000225778.1",1044,845,1430,1636,2329,1986
"ENSG00000151461.15",2096,1797,1877,2095,1872,1661
"ENSG00000181192.7",1427,1359,1018,1281,1089,643
"ENSG00000065665.16",280,245,161,142,140,133
"ENSG00000165609.8",729,632,688,903,650,313
"ENSG00000151465.9",758,691,699,1028,734,252
"ENSG00000228302.2",17,36,41,46,18,49
"ENSG00000183049.8",16,5,6,22,18,16
"ENSG00000151468.9",4,4,5,16,29,22
"ENSG00000123240.12",470,408,626,772,1106,695
"ENSG00000065328.12",1130,903,841,1095,986,642
"ENSG00000107537.9",203,175,155,179,216,123
"ENSG00000086475.10",677,629,580,749,587,276
"ENSG00000233256.1",1,0,15,8,14,10
"ENSG00000165626.12",202,186,566,631,672,636
"ENSG00000165630.9",158,135,118,185,147,142
"ENSG00000239665.4",304,244,264,304,347,348
"ENSG00000151474.15",285,220,83,160,295,188
"ENSG00000268549.1",17,26,11,3,15,12
"ENSG00000065809.9",15,22,30,54,94,38
"ENSG00000185267.5",38,40,32,41,31,18
"ENSG00000187522.9",971,844,942,1065,913,523
"ENSG00000272853.1",38,56,34,16,41,26
"ENSG00000152455.11",451,403,427,544,470,236
"ENSG00000152457.13",394,353,350,403,431,347
"ENSG00000237470.2",8,3,9,13,15,6
"ENSG00000176244.6",21,14,53,75,42,23
"ENSG00000152464.10",208,186,210,230,192,114
"ENSG00000152465.13",407,325,371,463,430,318
"ENSG00000206448.3",12,9,8,13,7,15
"ENSG00000148468.12",1260,1195,1554,2067,2138,1205
"ENSG00000232739.1",17,11,15,13,11,13
"ENSG00000077943.7",16,20,13,37,27,13
"ENSG00000148481.9",528,490,421,500,419,254
"ENSG00000165983.10",264,279,304,354,329,175
"ENSG00000165985.8",14,18,17,25,20,13
"ENSG00000148484.13",499,472,563,746,562,314
"ENSG00000225213.2",30,21,25,23,24,25
"ENSG00000107611.10",35,47,47,128,90,53
"ENSG00000107614.17",224,163,190,256,210,126
"ENSG00000229124.2",80,89,152,137,143,121
"ENSG00000026025.9",5720,5059,10585,14139,8846,4123
"ENSG00000148488.11",480,468,354,420,566,421
"ENSG00000204832.5",151,116,98,168,120,130
"ENSG00000236582.1",27,16,6,4,14,21
"ENSG00000165996.9",46,27,32,39,48,31
"ENSG00000260589.1",52,30,15,19,24,23
"ENSG00000136738.10",997,807,723,886,824,499
"ENSG00000251959.1",14,10,3,10,3,4
"ENSG00000229190.1",29,22,16,10,5,8
"ENSG00000148482.7",21,4,4,11,13,6
"ENSG00000165995.14",141,154,171,210,173,161
"ENSG00000240291.1",64,50,99,84,122,155
"ENSG00000225527.1",16,20,17,18,15,22
"ENSG00000241058.1",343,248,442,473,459,390
"ENSG00000152487.6",39,23,41,29,44,24
"ENSG00000165997.4",1266,1239,1184,1382,1217,719
"ENSG00000204740.5",21,18,12,30,42,13
"ENSG00000233968.2",1,1,11,12,21,4
"ENSG00000120594.12",8,1,5,17,12,10
"ENSG00000078114.14",45,45,322,438,332,269
"ENSG00000204683.6",2,2,11,4,8,11
"ENSG00000204682.5",52,32,20,42,30,39
"ENSG00000180592.12",33,23,17,34,41,23
"ENSG00000078403.12",2287,1880,1906,2186,1871,1473
"ENSG00000223984.1",72,82,45,58,49,51
"ENSG00000136770.6",1339,1259,1040,1293,1174,784
"ENSG00000252634.1",14,10,10,3,5,3
"ENSG00000148444.11",216,228,199,235,259,80
"ENSG00000168283.9",490,452,470,540,464,238
"ENSG00000272366.1",11,8,5,3,6,12
"ENSG00000077327.11",27,39,31,38,46,35
"ENSG00000150867.9",2342,1903,1965,2291,1846,1218
"ENSG00000165309.9",35,27,27,59,29,20
"ENSG00000148450.8",161,169,137,179,174,61
"ENSG00000168267.5",6,7,3,22,16,0
"ENSG00000165312.5",143,164,171,208,172,101
"ENSG00000120549.11",29,22,21,48,44,21
"ENSG00000107863.12",2153,2044,2274,2918,3006,2609
"ENSG00000199535.1",13,2,3,3,11,2
"ENSG00000099256.14",139,108,104,166,141,77
"ENSG00000273107.1",5,12,8,9,12,4
"ENSG00000151023.12",6,11,8,24,26,13
"ENSG00000185875.8",140,131,149,159,144,69
"ENSG00000151025.9",133,96,183,205,211,174
"ENSG00000095777.10",13,9,13,50,22,10
"ENSG00000136750.7",7,11,5,25,23,6
"ENSG00000077420.11",10,7,3,32,16,13
"ENSG00000231976.3",53,36,131,128,114,112
"ENSG00000227932.1",69,47,83,107,128,60
"ENSG00000148459.11",285,238,253,268,289,185
"ENSG00000234788.1",19,15,24,11,13,26
"ENSG00000136754.12",1025,898,853,1102,916,477
"ENSG00000107890.12",763,646,534,624,407,475
"ENSG00000136758.14",3938,3539,3474,4063,3449,1840
"ENSG00000120539.10",974,958,735,1020,783,540
"ENSG00000107897.14",351,286,255,309,210,153
"ENSG00000230445.4",11,14,42,49,86,56
"ENSG00000182077.6",10,3,13,14,40,23
"ENSG00000099246.12",613,551,407,487,462,235
"ENSG00000150051.9",3,5,3,22,10,2
"ENSG00000169126.11",20,15,13,20,25,10
"ENSG00000150054.14",25,12,10,24,32,25
"ENSG00000254635.1",128,100,142,153,165,189
"ENSG00000095787.17",3129,2620,2773,3699,2866,2332
"ENSG00000095739.7",218,157,347,474,346,183
"ENSG00000120563.4",6,5,2,12,11,0
"ENSG00000224597.5",325,279,252,332,231,153
"ENSG00000197321.10",81,80,74,100,138,68
"ENSG00000165757.8",31,15,15,37,30,18
"ENSG00000259994.1",33,15,37,46,35,23
"ENSG00000107951.8",643,582,626,723,628,420
"ENSG00000107968.5",649,543,276,351,291,240
"ENSG00000151033.7",10,5,9,16,17,9
"ENSG00000234814.3",5,6,2,29,21,5
"ENSG00000183621.11",23,23,73,83,147,98
"ENSG00000237036.4",96,67,62,147,79,70
"ENSG00000148516.17",235,200,232,298,166,163
"ENSG00000196960.3",49,41,38,56,47,52
"ENSG00000165322.13",1093,953,922,1008,833,666
"ENSG00000231148.1",9,11,11,7,8,3
"ENSG00000170759.10",4368,3791,4440,5214,3769,2805
"ENSG00000217094.2",7,10,10,21,16,10
"ENSG00000120616.11",487,446,504,591,526,429
"ENSG00000233825.1",22,18,8,7,13,13
"ENSG00000229327.1",25,22,12,21,22,34
"ENSG00000216937.7",72,57,72,72,72,57
"ENSG00000150076.18",14,16,21,31,33,22
"ENSG00000150093.14",3934,3619,2666,3902,3253,1519
"ENSG00000228816.1",43,44,36,25,24,21
"ENSG00000099250.13",22,15,17,33,49,15
"ENSG00000148498.11",962,870,532,712,745,648
"ENSG00000229235.1",17,15,12,10,12,8
"ENSG00000215184.2",18,25,0,7,19,17
"ENSG00000108094.10",915,679,932,1207,1038,541
"ENSG00000095794.15",340,289,245,365,306,185
"ENSG00000233343.1",8,2,9,11,15,11
"ENSG00000108100.13",3115,2775,2919,4031,3627,2479
"ENSG00000271335.1",170,146,170,204,236,248
"ENSG00000177283.4",17,20,12,26,27,10
"ENSG00000148513.13",20,19,8,55,27,17
"ENSG00000198105.7",413,366,375,414,316,291
"ENSG00000228828.1",14,20,39,50,37,38
"ENSG00000151963.4",3,0,26,23,8,4
"ENSG00000175395.11",81,59,57,103,75,62
"ENSG00000189180.11",585,528,630,645,554,441
"ENSG00000235964.1",0,0,1,2,15,11
"ENSG00000075407.13",568,434,752,832,696,701
"ENSG00000272983.1",38,54,105,112,155,150
"ENSG00000273019.1",1,1,2,7,16,51
"ENSG00000099251.10",27,18,20,20,17,9
"ENSG00000120555.9",22,29,18,25,21,16
"ENSG00000225119.3",63,56,55,60,73,102
"ENSG00000215146.4",382,382,651,748,803,831
"ENSG00000182632.10",444,371,56,50,181,161
"ENSG00000185904.7",546,527,139,128,481,323
"ENSG00000234420.3",400,264,462,437,609,652
"ENSG00000272373.1",20,26,30,16,26,15
"ENSG00000196693.10",429,433,219,301,268,264
"ENSG00000233515.1",1,0,32,29,8,2
"ENSG00000165733.7",2523,2234,1946,2265,2063,1442
"ENSG00000165731.13",25,18,19,44,27,18
"ENSG00000273008.1",15,9,21,11,24,20
"ENSG00000169826.6",169,118,147,165,200,121
"ENSG00000198915.7",585,585,306,325,378,252
"ENSG00000169813.12",7927,7333,5780,7169,6464,3341
"ENSG00000230555.2",23,14,7,6,12,9
"ENSG00000243660.5",50,53,55,45,58,52
"ENSG00000196793.9",136,127,137,193,140,134
"ENSG00000198298.8",144,112,156,147,173,121
"ENSG00000169740.9",125,121,122,162,168,104
"ENSG00000230565.1",10,11,17,22,15,18
"ENSG00000107562.12",15,7,3,25,23,14
"ENSG00000107551.16",15,21,5,14,12,6
"ENSG00000165507.8",42,35,8,18,23,27
"ENSG00000165511.4",1,4,2,20,10,2
"ENSG00000165512.4",200,161,221,273,238,154
"ENSG00000256574.2",8,11,9,8,26,6
"ENSG00000012779.6",975,950,585,649,259,247
"ENSG00000231964.1",38,34,23,29,17,17
"ENSG00000165406.11",2787,2441,1317,1617,1351,806
"ENSG00000172671.15",176,135,91,131,54,39
"ENSG00000230869.1",28,27,17,64,56,23
"ENSG00000237840.2",43,54,25,38,34,26
"ENSG00000172661.13",1133,967,689,825,679,510
"ENSG00000188234.9",123,133,81,124,124,82
"ENSG00000239883.4",10,12,16,8,17,17
"ENSG00000204177.6",40,23,19,15,31,46
"ENSG00000204176.9",81,68,34,139,98,45
"ENSG00000204175.4",42,18,15,56,39,17
"ENSG00000204174.2",19,19,12,26,20,7
"ENSG00000189014.6",11,9,11,18,20,12
"ENSG00000243536.3",1,4,4,16,16,12
"ENSG00000198250.8",17,14,16,18,31,6
"ENSG00000204150.7",45,25,32,72,85,31
"ENSG00000152726.14",273,237,151,177,209,159
"ENSG00000198035.9",21,8,7,14,11,10
"ENSG00000165388.8",9,12,6,12,18,3
"ENSG00000107618.4",19,18,11,35,37,5
"ENSG00000128802.3",66,50,6,20,8,2
"ENSG00000107623.4",8,10,4,13,10,13
"ENSG00000204164.6",156,124,102,132,146,140
"ENSG00000227781.4",23,14,16,14,19,9
"ENSG00000179296.9",71,92,57,105,90,78
"ENSG00000170324.15",18,16,22,51,35,31
"ENSG00000107643.11",1094,959,1079,1181,861,672
"ENSG00000128805.10",729,611,445,569,128,107
"ENSG00000248682.1",44,19,25,12,1,3
"ENSG00000128815.13",71,64,41,119,122,49
"ENSG00000165633.8",1206,1093,83,113,66,32
"ENSG00000204161.9",708,569,45,64,103,75
"ENSG00000236208.1",29,15,11,11,6,2
"ENSG00000177354.7",581,467,297,328,297,265
"ENSG00000225830.6",498,412,340,487,467,343
"ENSG00000070748.13",11,13,13,24,27,9
"ENSG00000187714.5",12,2,6,16,6,6
"ENSG00000197444.5",96,76,64,97,274,241
"ENSG00000227345.4",314,294,234,285,222,139
"ENSG00000174194.11",30,14,13,15,25,18
"ENSG00000204152.6",17,9,16,20,24,14
"ENSG00000204169.6",21,16,6,36,25,17
"ENSG00000138294.9",7,4,14,13,13,6
"ENSG00000138293.15",11231,10217,5145,6636,5949,2676
"ENSG00000138297.9",624,556,419,445,545,226
"ENSG00000214982.6",351,283,200,249,225,213
"ENSG00000178440.5",108,62,58,75,67,63
"ENSG00000222108.1",15,20,10,10,14,10
"ENSG00000204149.5",587,511,421,516,572,610
"ENSG00000235618.3",11,10,10,27,20,12
"ENSG00000099290.11",209,200,150,187,173,90
"ENSG00000188611.10",37,10,18,27,26,15
"ENSG00000225137.1",9,18,12,7,10,6
"ENSG00000198964.9",3230,2883,1585,2004,1858,1298
"ENSG00000269165.1",180,157,81,84,90,110
"ENSG00000269700.1",183,164,67,61,98,71
"ENSG00000225303.2",15,15,6,7,12,12
"ENSG00000251950.1",18,15,8,7,11,14
"ENSG00000226200.2",70,65,84,110,120,148
"ENSG00000231345.3",305,269,154,238,177,130
"ENSG00000232706.3",27,23,15,49,26,12
"ENSG00000204147.5",51,94,72,106,77,53
"ENSG00000148584.10",7,10,10,28,17,4
"ENSG00000185532.10",5,16,12,26,16,11
"ENSG00000177613.7",662,589,472,653,588,398
"ENSG00000150275.13",37,33,21,66,53,24
"ENSG00000122952.12",2009,1805,1205,1428,1419,860
"ENSG00000151151.5",280,270,190,240,240,162
"ENSG00000180221.6",8,9,10,4,6,24
"ENSG00000122873.7",222,233,231,211,225,102
"ENSG00000072401.10",181,135,130,169,127,80
"ENSG00000108064.6",1509,1390,1187,1435,1330,642
"ENSG00000122870.7",31,7,14,33,27,8
"ENSG00000148541.8",16,8,2,19,11,7
"ENSG00000165449.7",14,15,76,116,190,82
"ENSG00000108091.10",1893,1585,1488,1891,1611,1174
"ENSG00000151150.16",1119,918,465,669,1020,784
"ENSG00000170312.11",3515,3184,2021,2237,1820,795
"ENSG00000072422.12",757,638,513,574,487,381
"ENSG00000196932.7",9,10,10,17,14,4
"ENSG00000150347.10",55,63,132,186,163,156
"ENSG00000182010.6",21,16,62,115,105,70
"ENSG00000138311.11",31,19,16,64,45,21
"ENSG00000181915.3",403,381,359,420,423,287
"ENSG00000122877.9",16,11,17,28,54,34
"ENSG00000148572.10",433,380,380,362,419,246
"ENSG00000171988.13",2962,2623,2410,2638,2626,2213
"ENSG00000234369.1",14,11,3,9,15,3
"ENSG00000270421.1",26,12,14,7,10,16
"ENSG00000221063.1",14,15,7,15,3,5
"ENSG00000235816.2",26,24,15,22,17,4
"ENSG00000272767.1",255,234,100,122,74,82
"ENSG00000224412.1",15,14,10,2,12,5
"ENSG00000165476.8",323,353,387,364,339,212
"ENSG00000235489.3",11,9,1,11,9,9
"ENSG00000228065.6",51,34,286,267,253,204
"ENSG00000183230.12",13,16,8,16,22,5
"ENSG00000198739.6",5,9,2,11,10,1
"ENSG00000108176.10",13,12,123,123,149,68
"ENSG00000096717.7",570,469,346,396,374,253
"ENSG00000148634.11",1254,1083,971,1091,1151,715
"ENSG00000226318.1",19,18,15,7,20,27
"ENSG00000266467.1",16,10,16,4,7,11
"ENSG00000236375.3",33,20,38,37,26,31
"ENSG00000138347.11",24,17,6,45,33,12
"ENSG00000108187.11",250,268,104,158,171,118
"ENSG00000096746.13",2323,1848,1768,2137,1902,1408
"ENSG00000204130.8",635,476,386,425,413,410
"ENSG00000138346.10",1361,1093,813,921,829,636
"ENSG00000234806.1",18,14,8,7,13,12
"ENSG00000122912.10",492,404,368,385,394,391
"ENSG00000138336.8",5230,4634,2597,3057,2575,2212
"ENSG00000213025.2",76,36,54,40,57,42
"ENSG00000227583.1",36,23,15,14,12,28
"ENSG00000260400.1",37,25,52,58,64,55
"ENSG00000060339.9",2793,2514,2287,2597,2331,2253
"ENSG00000221184.1",50,29,35,30,22,37
"ENSG00000165730.10",17,15,4,18,28,13
"ENSG00000107625.8",1184,1167,821,1052,1067,465
"ENSG00000165732.8",6783,6214,4921,5806,5234,3164
"ENSG00000198954.4",399,395,243,348,209,135
"ENSG00000214875.2",7,15,8,10,1,9
"ENSG00000122862.4",886,834,838,1243,1188,518
"ENSG00000122958.10",890,791,568,567,647,390
"ENSG00000156502.9",1099,984,754,952,856,418
"ENSG00000156510.11",13,13,9,46,24,10
"ENSG00000156515.17",13836,13010,10717,14232,12391,5047
"ENSG00000075073.10",17,17,34,34,36,36
"ENSG00000099282.5",11,23,8,26,27,12
"ENSG00000171224.7",75,61,120,177,116,82
"ENSG00000197467.9",15,25,18,27,49,20
"ENSG00000099284.9",12,5,421,615,286,171
"ENSG00000042286.10",588,493,328,432,501,286
"ENSG00000156521.9",113,111,64,124,120,94
"ENSG00000079332.10",2000,1880,1760,2380,1982,886
"ENSG00000229097.1",46,42,37,47,46,33
"ENSG00000180817.7",3995,3668,3459,4312,2947,777
"ENSG00000148734.7",7,18,5,20,14,7
"ENSG00000172731.9",431,355,206,252,123,88
"ENSG00000148730.6",3281,3003,3151,4162,3946,2435
"ENSG00000107719.8",25,28,12,42,35,15
"ENSG00000180644.6",130,110,144,222,187,95
"ENSG00000138316.6",8942,7354,7248,8516,6532,7084
"ENSG00000166220.8",15,14,28,48,28,22
"ENSG00000166224.12",302,324,540,703,368,250
"ENSG00000166228.4",462,404,428,596,330,106
"ENSG00000107731.8",302,276,1591,2140,1280,883
"ENSG00000237512.2",2,3,13,23,8,13
"ENSG00000198246.7",113,93,65,69,98,57
"ENSG00000107736.15",200,159,74,159,141,65
"ENSG00000107738.15",227,237,194,272,440,300
"ENSG00000197746.9",18067,16725,10595,16241,12220,3774
"ENSG00000122863.5",39,31,8,6,16,8
"ENSG00000107742.8",32,18,23,57,45,35
"ENSG00000138303.13",762,703,775,897,768,422
"ENSG00000226701.1",11,6,11,14,6,2
"ENSG00000166295.4",1260,1084,1058,1289,1070,382
"ENSG00000200170.1",12,5,14,9,12,3
"ENSG00000168209.4",6060,5460,7791,9688,6790,4219
"ENSG00000148719.10",879,691,685,936,757,590
"ENSG00000107745.12",1883,1753,1894,2274,1674,1006
"ENSG00000226163.1",27,16,22,4,10,13
"ENSG00000156026.10",1025,899,1044,1304,718,518
"ENSG00000138315.8",13,16,14,30,22,3
"ENSG00000213700.3",79,83,105,114,118,130
"ENSG00000122884.8",7361,6687,6166,8525,7461,3101
"ENSG00000232646.1",53,48,50,48,27,27
"ENSG00000237768.2",49,48,37,42,29,35
"ENSG00000201047.1",8,5,17,9,10,22
"ENSG00000272630.1",35,24,58,69,50,59
"ENSG00000166321.9",289,209,273,315,255,215
"ENSG00000272599.1",83,74,75,82,89,65
"ENSG00000221164.1",37,34,39,31,25,26
"ENSG00000122882.6",1135,998,1160,1308,1087,709
"ENSG00000138286.10",729,577,611,706,705,519
"ENSG00000213551.4",929,786,902,1014,974,615
"ENSG00000227382.1",7,11,11,8,7,12
"ENSG00000182180.9",2048,1957,1886,2356,1988,707
"ENSG00000236756.4",3,1,4,5,14,12
"ENSG00000227540.1",55,48,55,56,49,33
"ENSG00000156042.13",59,62,111,137,178,208
"ENSG00000138279.11",2195,1995,1686,1978,1696,664
"ENSG00000233144.1",7,19,1,13,4,9
"ENSG00000229659.1",4,1,15,7,7,13
"ENSG00000166343.5",92,72,89,107,113,125
"ENSG00000107758.11",357,298,438,452,516,292
"ENSG00000221817.5",71,81,95,106,58,61
"ENSG00000166348.13",955,859,813,869,762,554
"ENSG00000268584.1",51,51,47,59,52,47
"ENSG00000272791.1",17,11,12,11,19,9
"ENSG00000177791.11",15,5,6,11,15,2
"ENSG00000166317.7",38,16,23,52,57,17
"ENSG00000172650.8",17,21,9,22,17,21
"ENSG00000271816.1",31,24,29,26,10,28
"ENSG00000272140.2",34,31,28,29,39,32
"ENSG00000224005.2",12,6,9,1,16,10
"ENSG00000242338.2",79,59,57,73,68,54
"ENSG00000250959.2",174,130,123,168,147,123
"ENSG00000235316.1",331,259,245,274,302,281
"ENSG00000270808.1",14,11,9,17,13,8
"ENSG00000176986.10",6952,6209,5831,7545,6037,2732
"ENSG00000196968.6",2108,2097,1403,1716,1716,1250
"ENSG00000172586.7",575,569,477,624,465,95
"ENSG00000214655.6",1253,1074,1048,1475,1515,1240
"ENSG00000166507.12",68,62,61,105,72,63
"ENSG00000148660.16",1577,1284,1294,1719,979,643
"ENSG00000224195.1",10,3,12,5,6,5
"ENSG00000229990.2",18,14,17,12,8,4
"ENSG00000122861.11",282,232,70,96,28,17
"ENSG00000035403.12",12480,11008,14744,18481,19811,11355
"ENSG00000225761.1",24,15,34,21,49,37
"ENSG00000267957.1",45,37,47,54,44,42
"ENSG00000269772.1",19,27,37,33,28,29
"ENSG00000185009.8",1979,1886,2041,2339,1865,1037
"ENSG00000156110.9",933,897,856,1047,791,374
"ENSG00000236900.1",10,13,4,4,16,4
"ENSG00000214629.3",26,19,14,32,14,23
"ENSG00000213731.2",32,24,17,29,33,13
"ENSG00000232342.3",13,12,17,11,19,10
"ENSG00000214626.2",12,21,17,21,27,32
"ENSG00000156650.8",645,597,635,868,659,537
"ENSG00000079393.16",495,472,257,403,265,139
"ENSG00000156671.8",713,705,684,809,575,383
"ENSG00000232437.1",11,6,11,7,8,8
"ENSG00000165637.9",4200,3732,3630,4629,3401,1161
"ENSG00000165644.6",457,427,299,470,394,299
"ENSG00000165655.14",12,13,6,22,12,6
"ENSG00000148655.10",13,8,2,9,19,8
"ENSG00000156113.16",27,27,70,101,126,81
"ENSG00000213513.3",34,30,34,37,55,60
"ENSG00000228748.2",38,38,19,44,39,33
"ENSG00000151208.12",3964,3365,2420,2796,2799,2787
"ENSG00000204049.1",84,74,53,49,47,46
"ENSG00000148606.8",1796,1585,2021,2442,2105,1325
"ENSG00000138326.14",20099,19332,17312,19111,15751,7937
"ENSG00000224596.3",31,24,22,32,28,24
"ENSG00000108175.12",2553,2105,3406,4047,3845,3826
"ENSG00000108179.9",1610,1536,1591,2122,1967,798
"ENSG00000165424.6",434,426,577,778,524,407
"ENSG00000253626.2",11,12,10,16,15,5
"ENSG00000185303.11",14,9,9,24,10,8
"ENSG00000122852.10",9,15,6,12,25,6
"ENSG00000226381.3",59,49,108,119,113,72
"ENSG00000272489.1",6,4,1,14,10,7
"ENSG00000224886.2",41,43,91,114,74,101
"ENSG00000188199.6",48,68,99,134,113,109
"ENSG00000225484.2",138,91,153,195,159,143
"ENSG00000272447.1",100,78,143,155,177,106
"ENSG00000228570.3",25,13,26,29,23,18
"ENSG00000133678.9",10,16,27,43,37,28
"ENSG00000189129.9",5,10,10,20,20,13
"ENSG00000122359.13",4999,4476,4022,5294,4785,2650
"ENSG00000237523.1",5,3,4,13,15,9
"ENSG00000151224.8",7,18,15,30,56,15
"ENSG00000133665.8",10,2,18,20,17,9
"ENSG00000122378.9",82,55,14,15,22,8
"ENSG00000108219.10",1595,1513,1234,1888,1593,906
"ENSG00000178217.9",9,7,5,26,51,26
"ENSG00000185737.8",14,8,7,19,23,7
"ENSG00000271933.1",153,138,145,155,191,109
"ENSG00000165678.15",4692,4102,3993,5554,5310,1511
"ENSG00000148600.10",127,79,20,59,176,158
"ENSG00000148602.5",9,17,1,16,21,5
"ENSG00000148604.9",4,6,5,29,14,15
"ENSG00000229404.1",41,33,83,97,121,141
"ENSG00000107771.11",661,590,967,1255,1076,886
"ENSG00000233189.1",6,8,6,12,17,6
"ENSG00000225423.1",17,10,16,20,16,14
"ENSG00000225928.2",12,7,10,15,5,23
"ENSG00000178429.9",7,19,16,21,20,3
"ENSG00000182771.13",29,23,36,43,95,59
"ENSG00000062650.13",1367,1263,1443,1632,1453,1096
"ENSG00000227896.2",42,51,33,29,36,21
"ENSG00000122375.7",14,13,5,19,13,6
"ENSG00000122367.15",27,15,13,34,25,15
"ENSG00000272631.1",62,56,49,81,78,54
"ENSG00000107779.7",440,423,486,589,460,320
"ENSG00000270874.1",24,18,16,19,12,11
"ENSG00000173269.9",29,29,31,57,78,43
"ENSG00000173267.9",230,247,330,439,689,470
"ENSG00000272734.1",3,1,29,36,57,59
"ENSG00000148672.7",1809,1681,1793,2124,1587,596
"ENSG00000122376.7",566,517,531,659,591,400
"ENSG00000237280.1",15,2,8,5,10,23
"ENSG00000223482.3",587,478,1007,1125,976,750
"ENSG00000184923.8",64,30,101,90,106,100
"ENSG00000224914.2",281,215,521,675,656,386
"ENSG00000214562.9",65,60,127,144,146,128
"ENSG00000236417.2",4,4,11,10,10,7
"ENSG00000228055.2",8,10,19,30,21,14
"ENSG00000107789.11",623,568,910,1323,1118,457
"ENSG00000198682.8",7,15,6,33,26,4
"ENSG00000138138.9",627,557,539,710,497,282
"ENSG00000227268.3",15,13,12,30,17,8
"ENSG00000171862.5",870,833,904,989,843,673
"ENSG00000224745.1",4,3,10,17,11,15
"ENSG00000213613.2",18,17,25,19,28,38
"ENSG00000184719.7",21,13,35,56,46,18
"ENSG00000204022.5",10,2,4,6,17,7
"ENSG00000182333.10",4,3,5,11,11,2
"ENSG00000204021.3",9,6,2,15,12,4
"ENSG00000138134.7",9,9,12,24,25,20
"ENSG00000107796.8",9,3,61,55,133,70
"ENSG00000026103.15",9,8,76,91,87,48
"ENSG00000107798.13",4,10,26,53,19,10
"ENSG00000119922.7",1,4,13,26,12,8
"ENSG00000119917.9",14,11,78,65,36,27
"ENSG00000204010.3",2,7,1,14,22,4
"ENSG00000185745.8",8,2,48,50,11,8
"ENSG00000152778.7",8,4,16,13,14,4
"ENSG00000152779.12",7,13,7,22,10,6
"ENSG00000152782.12",170,135,176,215,108,60
"ENSG00000138182.10",1401,1277,1543,1580,1195,957
"ENSG00000148680.11",5,7,22,33,26,13
"ENSG00000148688.9",328,307,332,463,360,171
"ENSG00000234043.3",7,5,5,12,5,12
"ENSG00000180628.10",1606,1550,1106,1361,1251,747
"ENSG00000165338.12",160,122,117,155,190,130
"ENSG00000107854.5",1342,1198,1161,1393,1203,663
"ENSG00000180581.6",34,21,25,27,17,14
"ENSG00000174721.9",62,32,49,72,63,51
"ENSG00000095564.9",2751,2539,2540,2697,2307,2311
"ENSG00000107864.10",171,168,141,200,145,117
"ENSG00000105988.6",12,10,6,8,7,10
"ENSG00000198060.5",564,488,558,661,494,249
"ENSG00000119912.11",1019,963,979,1191,1039,580
"ENSG00000138160.4",2032,1765,1747,2034,1345,778
"ENSG00000184111.6",17,11,7,5,9,6
"ENSG00000236493.1",9,4,6,8,11,11
"ENSG00000152804.6",1603,1436,1395,1737,1225,695
"ENSG00000138190.12",729,609,643,743,574,414
"ENSG00000187553.5",24,15,24,31,19,18
"ENSG00000095596.7",195,147,123,153,63,30
"ENSG00000138119.12",49,36,23,76,94,49
"ENSG00000138180.11",310,317,275,372,175,175
"ENSG00000095464.9",11,28,19,40,24,24
"ENSG00000148690.10",274,259,223,282,219,210
"ENSG00000108231.7",3,4,6,17,11,0
"ENSG00000176273.10",135,123,118,175,100,85
"ENSG00000180764.11",7,13,13,16,18,6
"ENSG00000138193.10",97,81,102,131,91,93
"ENSG00000173145.7",498,420,498,595,458,307
"ENSG00000108239.8",442,384,305,386,353,270
"ENSG00000119969.10",912,782,709,833,671,463
"ENSG00000165841.5",13,2,3,13,16,2
"ENSG00000138109.9",12,1,6,24,12,8
"ENSG00000138115.9",4,2,6,14,18,6
"ENSG00000173124.10",10,5,2,8,17,4
"ENSG00000107438.4",1919,1750,2201,3213,2493,872
"ENSG00000095637.16",1250,1052,517,595,686,466
"ENSG00000059573.4",2160,1878,1515,2283,1515,580
"ENSG00000119977.16",394,435,248,354,307,138
"ENSG00000138185.12",243,169,262,349,300,196
"ENSG00000226688.2",105,97,102,114,96,66
"ENSG00000173088.8",7,10,12,14,15,8
"ENSG00000269948.1",22,14,8,16,9,14
"ENSG00000107443.11",295,268,304,409,339,210
"ENSG00000177853.10",1043,948,994,1045,893,688
"ENSG00000107447.4",8,12,6,23,24,3
"ENSG00000095587.8",25,29,26,46,35,21
"ENSG00000077147.10",1461,1382,1955,2430,1481,822
"ENSG00000235677.1",49,32,43,62,29,22
"ENSG00000155629.10",24,26,389,451,263,170
"ENSG00000236552.1",584,560,466,761,534,125
"ENSG00000196233.7",418,371,663,769,771,578
"ENSG00000232875.1",13,2,11,11,4,21
"ENSG00000155640.5",383,350,623,737,688,604
"ENSG00000231025.1",64,77,111,146,171,85
"ENSG00000213390.6",1503,1497,1245,1448,872,579
"ENSG00000165879.7",144,134,164,213,154,89
"ENSG00000181274.5",598,511,582,686,530,391
"ENSG00000052749.9",916,736,948,1140,1119,703
"ENSG00000171314.8",4577,3836,3348,4661,3924,1208
"ENSG00000171311.8",499,450,407,510,398,227
"ENSG00000171307.14",387,290,340,457,413,298
"ENSG00000155229.16",2095,1971,1638,2000,1703,940
"ENSG00000165886.4",74,63,67,95,80,48
"ENSG00000165887.7",15,12,3,24,14,3
"ENSG00000155252.12",796,656,1042,1314,1333,805
"ENSG00000171160.13",275,250,305,372,372,139
"ENSG00000119986.6",149,164,193,227,235,120
"ENSG00000155254.8",428,405,578,803,680,433
"ENSG00000155256.13",968,819,931,1100,1050,756
"ENSG00000120057.4",17,31,10,20,32,10
"ENSG00000155265.6",7,5,8,7,20,16
"ENSG00000095713.9",14,10,5,16,40,29
"ENSG00000166024.9",297,292,287,355,302,215
"ENSG00000138131.3",116,102,66,77,92,48
"ENSG00000119943.6",62,49,19,58,46,23
"ENSG00000107521.14",2050,1836,1069,1408,1622,976
"ENSG00000172987.8",15,6,6,12,15,11
"ENSG00000119946.9",15,17,10,43,34,17
"ENSG00000120053.9",1273,1181,1380,1871,1985,733
"ENSG00000224934.2",80,112,66,89,92,107
"ENSG00000155287.6",183,177,181,198,151,112
"ENSG00000260475.1",7,11,6,17,17,2
"ENSG00000198018.6",490,493,454,652,539,225
"ENSG00000119929.8",263,208,228,320,199,120
"ENSG00000014919.8",747,754,648,824,632,325
"ENSG00000023839.6",17,30,30,59,47,25
"ENSG00000107554.11",317,219,320,381,331,214
"ENSG00000120054.7",6,6,4,20,14,10
"ENSG00000107566.9",578,537,348,530,425,237
"ENSG00000213341.6",585,510,295,378,269,177
"ENSG00000095485.12",510,506,281,372,320,182
"ENSG00000212464.1",50,114,111,46,89,38
"ENSG00000230224.1",49,48,31,21,26,23
"ENSG00000196072.7",287,273,213,228,200,52
"ENSG00000107593.15",12,7,11,32,15,7
"ENSG00000099194.5",32306,28647,14710,21220,16362,7553
"ENSG00000235823.1",691,624,429,491,612,520
"ENSG00000075290.7",21,6,10,21,31,11
"ENSG00000075826.12",286,302,318,381,349,413
"ENSG00000166136.11",242,265,148,211,173,65
"ENSG00000166135.9",1074,933,862,1018,792,631
"ENSG00000075891.17",23,17,12,49,34,6
"ENSG00000119906.7",403,374,531,639,554,466
"ENSG00000055950.12",345,382,264,386,344,137
"ENSG00000095539.11",275,238,201,260,199,167
"ENSG00000107815.3",397,346,483,597,415,304
"ENSG00000107816.13",2060,1783,1629,2065,1816,1410
"ENSG00000186862.13",31,26,37,49,47,26
"ENSG00000107819.9",131,111,345,410,369,259
"ENSG00000273162.1",80,87,61,61,56,54
"ENSG00000107821.10",203,197,144,162,218,132
"ENSG00000107807.8",212,167,272,339,270,201
"ENSG00000166167.13",536,465,418,585,473,270
"ENSG00000222414.1",482,593,1190,665,785,333
"ENSG00000166171.8",269,251,265,305,287,164
"ENSG00000166169.12",770,651,619,686,559,375
"ENSG00000107829.9",409,372,225,290,277,192
"ENSG00000224817.1",2,5,14,16,12,8
"ENSG00000107833.6",532,451,454,611,419,247
"ENSG00000198408.9",5108,4291,4508,5101,4353,4332
"ENSG00000226009.1",16,11,20,30,16,14
"ENSG00000120049.14",223,194,175,215,199,226
"ENSG00000120029.8",57,37,34,55,27,48
"ENSG00000166189.6",253,226,236,340,263,162
"ENSG00000198728.6",4755,4059,4119,5101,3916,3225
"ENSG00000148840.6",1083,958,1076,1369,1176,934
"ENSG00000166197.12",3720,3359,3325,4274,3184,2131
"ENSG00000119915.4",10,4,6,18,8,12
"ENSG00000107859.5",6,8,7,18,30,14
"ENSG00000107862.4",3112,2787,2855,3475,3102,2058
"ENSG00000077150.13",400,345,487,619,626,401
"ENSG00000059915.12",134,119,83,116,153,128
"ENSG00000107872.8",348,335,269,416,318,175
"ENSG00000107874.6",641,597,581,711,660,377
"ENSG00000202569.2",11,12,2,10,1,11
"ENSG00000269609.1",355,349,436,482,412,301
"ENSG00000120055.5",45,35,38,68,39,17
"ENSG00000138111.10",142,148,265,392,329,204
"ENSG00000138107.7",1064,941,816,1145,833,439
"ENSG00000107882.7",245,220,428,505,444,282
"ENSG00000228657.1",6,2,20,9,5,10
"ENSG00000272933.1",128,102,127,178,176,199
"ENSG00000171206.9",580,508,639,861,937,885
"ENSG00000138175.8",119,109,132,187,148,70
"ENSG00000156398.8",200,172,265,300,272,206
"ENSG00000166272.12",482,469,551,802,474,300
"ENSG00000148795.5",5,2,5,11,13,4
"ENSG00000166275.11",31,34,44,65,48,16
"ENSG00000148842.13",782,626,656,838,685,511
"ENSG00000076685.14",394,371,349,425,300,189
"ENSG00000213277.3",11,11,5,7,2,12
"ENSG00000148798.5",6,7,10,11,7,3
"ENSG00000156374.10",383,310,227,321,261,132
"ENSG00000148835.9",395,390,343,413,277,162
"ENSG00000173915.8",876,896,957,994,1000,209
"ENSG00000148843.9",2379,2083,2661,3394,3028,1916
"ENSG00000138172.6",41,28,19,34,44,26
"ENSG00000107954.6",46,45,17,31,25,26
"ENSG00000107957.12",740,555,633,816,531,457
"ENSG00000273108.1",19,12,8,7,13,4
"ENSG00000107960.6",258,237,201,313,191,107
"ENSG00000065613.9",2137,1917,2162,2442,2291,1874
"ENSG00000065618.12",70,51,52,120,98,80
"ENSG00000156384.10",110,97,77,86,90,38
"ENSG00000197748.8",56,49,33,68,51,23
"ENSG00000148834.8",3421,3216,3440,4247,3361,1038
"ENSG00000266852.1",8,10,12,11,6,12
"ENSG00000065621.10",51,29,78,73,49,46
"ENSG00000148841.11",1509,1360,842,1331,670,478
"ENSG00000228261.1",42,40,29,29,23,12
"ENSG00000231233.1",26,37,44,25,18,7
"ENSG00000120051.10",85,50,52,53,70,34
"ENSG00000156395.8",11,20,20,31,30,12
"ENSG00000108018.11",167,117,207,299,374,260
"ENSG00000108039.13",928,866,768,951,771,447
"ENSG00000148700.9",2427,2292,1481,1719,900,600
"ENSG00000119950.16",1056,867,910,1062,859,561
"ENSG00000228417.1",22,12,10,6,4,13
"ENSG00000214067.2",5,8,12,11,8,19
"ENSG00000119953.8",372,328,325,397,285,269
"ENSG00000138166.5",98,50,97,124,181,101
"ENSG00000108055.9",1796,1440,1689,1910,1665,1392
"ENSG00000203867.7",740,650,481,515,495,521
"ENSG00000252036.1",14,4,9,19,6,1
"ENSG00000203497.2",52,45,27,74,54,24
"ENSG00000150593.11",577,417,667,799,987,685
"ENSG00000214413.3",89,93,105,129,126,113
"ENSG00000270589.1",14,8,10,6,4,11
"ENSG00000108061.7",335,298,339,389,368,260
"ENSG00000234118.1",32,13,14,13,10,19
"ENSG00000119927.9",177,196,168,226,152,75
"ENSG00000197142.6",10,16,54,100,64,26
"ENSG00000023041.7",209,216,215,266,297,194
"ENSG00000151532.9",411,349,365,456,408,360
"ENSG00000233340.1",9,14,8,11,13,18
"ENSG00000260917.1",117,80,102,122,110,88
"ENSG00000148737.11",126,113,61,74,89,99
"ENSG00000148702.10",10,7,2,19,16,11
"ENSG00000197893.9",23,8,18,51,43,14
"ENSG00000165806.15",32,20,181,205,221,110
"ENSG00000148735.10",6,10,2,12,23,6
"ENSG00000198924.3",466,388,536,646,529,309
"ENSG00000196865.4",974,866,1009,1107,940,690
"ENSG00000043591.4",8,7,12,15,15,2
"ENSG00000165813.12",312,278,349,367,287,303
"ENSG00000095627.5",16,16,12,29,29,5
"ENSG00000165816.8",18,27,7,36,34,12
"ENSG00000169129.10",20,15,14,59,36,16
"ENSG00000099204.14",21,20,28,59,137,85
"ENSG00000151553.10",439,480,363,386,352,228
"ENSG00000165832.4",215,187,182,237,173,96
"ENSG00000107518.12",12,8,14,30,24,13
"ENSG00000151892.10",12,18,6,16,31,9
"ENSG00000203837.4",6,4,3,11,11,6
"ENSG00000175535.6",10,2,5,12,8,7
"ENSG00000187021.10",12,5,7,14,22,9
"ENSG00000165868.8",11,12,16,28,27,20
"ENSG00000188316.9",27,29,25,54,26,16
"ENSG00000187164.13",734,641,435,548,442,514
"ENSG00000148704.8",16,3,3,25,21,2
"ENSG00000165646.7",83,65,134,179,171,129
"ENSG00000165650.7",1910,1689,2163,2985,3134,2323
"ENSG00000222197.1",7,12,10,8,13,5
"ENSG00000107560.6",244,231,164,239,190,132
"ENSG00000231104.4",30,21,14,15,15,19
"ENSG00000177640.11",37,25,16,48,22,36
"ENSG00000165669.9",464,360,489,549,458,336
"ENSG00000151893.10",1318,1170,1062,1170,1041,739
"ENSG00000213574.2",11,8,8,15,12,6
"ENSG00000188613.5",105,93,43,74,50,55
"ENSG00000107581.8",7146,6430,6477,7633,6763,4854
"ENSG00000119979.11",264,191,165,237,160,95
"ENSG00000183605.12",523,460,498,730,503,257
"ENSG00000165672.5",1410,1342,1277,1751,1180,209
"ENSG00000198873.10",31,34,109,127,126,69
"ENSG00000148908.10",782,605,682,791,563,325
"ENSG00000151923.13",1709,1542,1449,1767,1426,1005
"ENSG00000151929.5",557,406,533,648,609,515
"ENSG00000198825.7",314,262,306,382,304,265
"ENSG00000270300.1",12,14,12,24,9,11
"ENSG00000197771.8",1184,1041,1050,1448,961,410
"ENSG00000107651.8",727,639,755,835,696,475
"ENSG00000220842.5",11,21,12,15,26,2
"ENSG00000203805.6",5,10,8,23,38,10
"ENSG00000120008.11",1059,967,993,1208,1081,666
"ENSG00000066468.16",20,22,11,38,38,18
"ENSG00000107669.13",326,319,266,364,252,133
"ENSG00000107672.10",433,408,410,544,491,234
"ENSG00000138162.13",56,59,35,86,173,130
"ENSG00000138152.7",8,10,8,25,10,11
"ENSG00000107679.10",73,41,177,249,171,149
"ENSG00000254636.1",0,1,0,13,10,1
"ENSG00000187908.11",61,41,32,81,106,33
"ENSG00000138161.8",22,24,26,35,20,21
"ENSG00000213185.2",10,17,12,12,5,6
"ENSG00000255624.1",99,69,95,133,99,65
"ENSG00000119965.8",177,121,132,168,99,81
"ENSG00000179988.9",135,124,151,170,95,65
"ENSG00000095574.7",227,196,193,266,205,156
"ENSG00000196177.8",294,289,307,420,234,162
"ENSG00000188620.9",822,824,409,527,534,511
"ENSG00000188816.3",17,4,6,29,19,11
"ENSG00000154473.13",3122,2723,2376,3142,2321,1174
"ENSG00000121898.8",16,6,9,29,31,15
"ENSG00000182022.13",52,44,43,75,58,35
"ENSG00000065154.7",3917,3774,1790,2032,1787,840
"ENSG00000107902.9",267,236,108,134,103,65
"ENSG00000258539.1",15,8,11,3,4,13
"ENSG00000189319.9",1010,920,607,745,641,418
"ENSG00000233334.2",24,18,13,14,20,19
"ENSG00000203791.9",286,261,234,255,174,162
"ENSG00000165660.7",279,246,269,352,308,178
"ENSG00000249456.1",92,104,99,110,115,115
"ENSG00000019995.6",159,106,150,165,160,130
"ENSG00000226899.1",135,85,107,119,111,116
"ENSG00000175029.12",409,314,274,315,316,231
"ENSG00000214297.3",3,7,2,17,12,3
"ENSG00000234134.1",9,9,14,17,6,13
"ENSG00000107938.13",557,469,560,768,545,349
"ENSG00000236991.2",18,21,17,15,12,15
"ENSG00000154485.4",8,11,6,25,20,9
"ENSG00000188690.8",1290,1059,963,966,1933,1203
"ENSG00000107949.12",1209,931,1307,1534,1395,823
"ENSG00000089876.7",480,424,399,520,423,196
"ENSG00000203780.6",26,31,32,46,38,18
"ENSG00000148848.10",29,17,18,40,27,10
"ENSG00000154493.13",16,7,1,20,28,12
"ENSG00000150760.8",33,25,25,66,79,25
"ENSG00000132334.12",19,13,12,41,38,15
"ENSG00000148773.8",8906,7275,7166,9003,8289,7885
"ENSG00000170430.9",3,5,8,27,11,7
"ENSG00000108001.9",13,17,11,28,32,9
"ENSG00000233122.1",5,15,10,36,16,13
"ENSG00000108010.7",888,800,1003,1071,996,429
"ENSG00000176769.9",19,10,7,17,20,10
"ENSG00000175470.14",1107,907,922,1100,882,663
"ENSG00000176171.7",4231,4072,1189,1624,1810,812
"ENSG00000188385.7",11,14,17,45,32,24
"ENSG00000151640.8",29,19,21,32,54,26
"ENSG00000165752.12",261,249,153,192,175,96
"ENSG00000148814.13",84,86,73,67,115,62
"ENSG00000171813.10",331,273,249,337,306,239
"ENSG00000068383.14",362,317,317,373,334,219
"ENSG00000171811.8",66,50,42,112,76,35
"ENSG00000197177.11",27,21,12,39,38,13
"ENSG00000171798.13",60,34,36,66,75,51
"ENSG00000171794.3",16,16,5,17,10,2
"ENSG00000151650.7",93,90,160,202,205,168
"ENSG00000166917.7",9,4,13,21,19,18
"ENSG00000151651.11",187,203,889,1193,591,542
"ENSG00000130640.9",2166,1789,1756,2225,1736,1213
"ENSG00000235245.1",144,127,81,86,84,91
"ENSG00000198546.10",546,445,331,390,321,235
"ENSG00000226699.1",7,5,8,15,13,12
"ENSG00000148803.7",245,221,278,315,282,145
"ENSG00000127884.4",851,638,912,1117,957,420
"ENSG00000148832.10",131,115,154,162,180,130
"ENSG00000148824.14",221,211,169,140,163,137
"ENSG00000203772.6",106,74,63,72,84,102
"ENSG00000214279.8",762,633,1099,1156,1531,1561
"ENSG00000273336.1",7,8,13,5,15,4
"ENSG00000130649.5",20,16,14,29,29,27
"ENSG00000270921.1",13,14,12,7,32,8
"ENSG00000230724.5",572,510,578,538,485,789
"ENSG00000177951.13",1093,1097,1250,1825,1547,821
"ENSG00000177947.9",37,34,29,79,35,45
"ENSG00000177963.8",1975,1883,1987,2714,3100,1728
"ENSG00000142082.10",574,483,473,606,649,441
"ENSG00000185627.13",2401,2172,2357,2905,2658,978
"ENSG00000174885.8",240,190,149,167,302,277
"ENSG00000255026.1",275,267,317,373,336,348
"ENSG00000142102.11",3549,3021,3098,3658,3131,3855
"ENSG00000206013.2",11,10,14,14,19,28
"ENSG00000185201.12",613,462,793,1384,1289,489
"ENSG00000254910.1",41,43,25,33,23,25
"ENSG00000185885.11",5604,5173,3945,4804,3911,2613
"ENSG00000251661.3",54,62,32,42,34,36
"ENSG00000142089.11",172,112,1503,2173,1675,1121
"ENSG00000270030.1",22,18,23,34,29,21
"ENSG00000255328.1",19,14,23,22,13,11
"ENSG00000182272.7",2756,2495,1141,1463,953,922
"ENSG00000184363.5",2995,2735,2233,2705,2023,1392
"ENSG00000185187.8",785,723,714,875,869,542
"ENSG00000185101.8",1366,1079,982,1133,549,604
"ENSG00000174915.7",1917,1625,1467,1892,1578,1157
"ENSG00000255237.1",5,12,8,10,6,19
"ENSG00000023191.12",3562,3182,2942,3439,3103,2046
"ENSG00000254739.1",82,64,70,66,92,118
"ENSG00000174775.12",607,511,385,521,557,612
"ENSG00000161328.10",399,349,394,468,504,528
"ENSG00000185522.4",307,262,173,201,185,257
"ENSG00000254815.1",90,94,72,83,57,74
"ENSG00000099849.10",807,723,574,730,635,438
"ENSG00000247095.2",568,516,519,607,643,677
"ENSG00000199038.1",11,13,3,3,10,8
"ENSG00000070047.7",3730,3043,2884,3187,2990,3307
"ENSG00000185507.15",602,456,424,435,368,547
"ENSG00000099834.14",533,474,367,355,442,669
"ENSG00000070031.3",22,24,23,30,21,28
"ENSG00000069696.6",146,132,82,92,104,192
"ENSG00000177030.12",2021,1774,1715,2384,1819,1189
"ENSG00000255158.1",81,77,80,73,67,52
"ENSG00000177106.10",445,363,521,680,495,486
"ENSG00000177042.10",325,255,282,345,371,266
"ENSG00000177156.6",9162,8380,6541,7972,6533,2940
"ENSG00000177225.12",2097,1912,2145,2726,2471,2158
"ENSG00000255284.1",125,119,132,120,126,163
"ENSG00000177236.3",99,93,64,111,119,96
"ENSG00000255142.1",23,25,15,19,20,47
"ENSG00000184524.5",44,22,30,30,65,63
"ENSG00000177542.6",542,404,714,878,716,559
"ENSG00000177595.13",1767,1549,1342,1628,1411,1401
"ENSG00000177600.4",10644,8961,7646,11797,9351,3090
"ENSG00000177666.11",1219,1113,1226,1658,1286,1106
"ENSG00000255108.1",12,12,6,5,8,9
"ENSG00000177685.12",796,654,613,756,687,761
"ENSG00000177697.13",1757,1473,1422,2112,1839,791
"ENSG00000177700.5",621,628,679,923,763,159
"ENSG00000214063.6",367,324,352,424,370,330
"ENSG00000250397.2",21,24,34,32,24,29
"ENSG00000177830.13",1194,1014,1041,1491,1193,660
"ENSG00000183020.9",1549,1285,1400,1750,1250,990
"ENSG00000184956.11",58,60,67,128,108,66
"ENSG00000198788.7",121,107,67,227,177,52
"ENSG00000215182.6",16,22,5,36,19,13
"ENSG00000117983.13",118,105,82,230,204,108
"ENSG00000078902.11",665,593,551,768,620,375
"ENSG00000174672.11",28,27,51,88,125,110
"ENSG00000182208.8",353,331,264,401,330,213
"ENSG00000184545.6",158,155,148,193,212,204
"ENSG00000233930.3",38,36,17,26,36,27
"ENSG00000205869.2",7,8,5,14,15,5
"ENSG00000196224.7",10,9,3,22,12,5
"ENSG00000185940.9",11,1,15,8,22,9
"ENSG00000244242.1",15,11,10,11,9,14
"ENSG00000117984.8",1635,1489,896,1403,1162,484
"ENSG00000235027.1",104,82,41,67,40,46
"ENSG00000229512.1",41,44,26,22,16,5
"ENSG00000149043.12",7,4,3,15,10,6
"ENSG00000130598.11",13,3,1,21,8,2
"ENSG00000130592.9",34,15,18,39,53,21
"ENSG00000130595.12",8,8,1,18,12,6
"ENSG00000214026.6",1390,1170,904,1100,966,561
"ENSG00000226416.1",245,190,174,170,205,225
"ENSG00000232987.1",18,17,13,29,22,31
"ENSG00000130600.11",3516,3143,6302,7875,11807,9938
"ENSG00000167244.13",1,2,9,12,17,4
"ENSG00000180176.10",13,3,17,31,20,6
"ENSG00000183734.4",1,6,9,8,14,12
"ENSG00000110665.7",50,40,223,255,496,434
"ENSG00000064201.11",430,313,555,655,783,800
"ENSG00000238184.1",37,38,31,34,25,21
"ENSG00000110651.7",1877,1669,1223,1802,1600,882
"ENSG00000184281.10",414,331,322,385,422,212
"ENSG00000070985.9",35,26,21,48,43,32
"ENSG00000053918.11",17,11,12,25,21,13
"ENSG00000269821.1",8826,6830,7880,8232,7379,8738
"ENSG00000129757.8",942,817,748,993,604,368
"ENSG00000254827.1",17,14,6,6,15,11
"ENSG00000110628.9",441,371,238,304,305,317
"ENSG00000181649.5",78,83,79,95,117,87
"ENSG00000205531.8",3952,3384,3119,3710,3184,2464
"ENSG00000207008.1",45,37,35,27,37,36
"ENSG00000183562.2",194,203,198,165,147,99
"ENSG00000110619.12",1801,1532,3174,3754,3142,2422
"ENSG00000247473.1",56,42,73,90,97,62
"ENSG00000201616.1",15,6,24,20,16,8
"ENSG00000021762.15",313,285,485,600,718,750
"ENSG00000005801.12",480,426,680,785,723,613
"ENSG00000223756.2",416,273,2023,2395,2806,2491
"ENSG00000189398.5",41,35,307,296,475,696
"ENSG00000166492.9",52,35,290,306,360,299
"ENSG00000254757.1",2,0,4,7,12,11
"ENSG00000255367.1",52,65,156,179,212,232
"ENSG00000255522.1",0,3,9,10,7,10
"ENSG00000237226.1",8,5,40,12,22,42
"ENSG00000223688.2",6,9,11,9,18,13
"ENSG00000182048.7",8,1,10,9,4,10
"ENSG00000167311.9",35,24,46,97,49,18
"ENSG00000129744.2",1,6,14,27,14,11
"ENSG00000129749.3",21,20,18,39,34,33
"ENSG00000110713.11",5482,4881,4940,6442,4839,3067
"ENSG00000148985.15",600,607,505,639,398,283
"ENSG00000250404.1",97,74,92,56,33,75
"ENSG00000177105.9",1555,1340,1378,1694,1230,621
"ENSG00000228661.1",9,13,11,12,12,14
"ENSG00000167323.5",2364,2237,2395,3247,2738,1733
"ENSG00000229368.1",22,24,26,24,11,13
"ENSG00000230593.2",32,23,32,30,41,32
"ENSG00000255141.1",15,9,11,9,26,32
"ENSG00000167325.10",3422,3129,2546,3393,2741,1071
"ENSG00000254480.1",6,11,7,10,20,3
"ENSG00000132109.8",140,160,202,235,239,122
"ENSG00000181963.5",12,3,2,7,10,5
"ENSG00000232268.4",5,4,0,12,13,3
"ENSG00000167333.8",221,214,269,358,272,156
"ENSG00000244734.2",17,9,15,21,15,47
"ENSG00000223609.3",50,17,9,13,11,9
"ENSG00000229988.1",146,147,86,99,89,69
"ENSG00000260629.1",102,100,104,101,96,135
"ENSG00000213934.5",15930,15266,8443,9937,7929,3152
"ENSG00000196565.8",53985,50109,32060,35465,34954,13607
"ENSG00000213931.1",85068,83655,11328,13450,28991,11408
"ENSG00000229093.1",12,9,8,9,12,9
"ENSG00000183251.3",550,465,250,393,336,215
"ENSG00000167355.3",528,435,147,174,136,128
"ENSG00000223735.1",16,21,17,27,14,13
"ENSG00000184881.2",42,51,30,42,38,46
"ENSG00000236359.1",34,21,21,17,23,21
"ENSG00000242180.2",144,144,29,34,57,30
"ENSG00000176239.7",77,68,39,47,42,72
"ENSG00000230087.1",59,35,31,22,17,24
"ENSG00000236248.1",32,20,16,19,12,36
"ENSG00000184698.3",144,108,89,81,74,94
"ENSG00000184321.1",109,80,68,59,43,95
"ENSG00000167360.4",137,114,64,73,59,81
"ENSG00000248424.1",216,150,85,78,59,66
"ENSG00000167359.8",162,133,58,75,69,89
"ENSG00000187918.3",275,214,132,168,128,173
"ENSG00000230484.2",224,192,114,92,122,89
"ENSG00000181609.5",444,373,204,183,239,287
"ENSG00000175520.8",9,4,12,26,19,7
"ENSG00000175518.6",15,8,8,25,34,16
"ENSG00000224295.2",10,7,11,14,6,23
"ENSG00000187747.2",10,6,4,15,10,12
"ENSG00000121236.15",262,258,177,136,87,38
"ENSG00000132256.14",767,643,574,683,709,408
"ENSG00000132274.11",17,20,15,45,26,17
"ENSG00000180878.2",24,19,10,26,17,20
"ENSG00000051009.6",976,895,652,846,758,513
"ENSG00000132259.8",11,13,3,22,15,12
"ENSG00000110148.5",12,5,7,25,18,1
"ENSG00000170955.9",5,3,1,12,16,6
"ENSG00000166311.5",182,176,136,230,211,106
"ENSG00000166313.14",34,48,25,49,59,27
"ENSG00000110169.6",13,6,9,28,21,2
"ENSG00000110171.14",243,195,154,249,176,143
"ENSG00000132254.8",830,746,803,979,843,604
"ENSG00000132286.7",807,743,691,894,818,470
"ENSG00000254595.1",151,119,89,120,89,73
"ENSG00000179532.8",1715,1451,1574,1690,1792,1801
"ENSG00000132275.6",935,829,780,897,762,584
"ENSG00000166333.9",163,125,99,125,96,48
"ENSG00000166337.5",1208,1119,831,1156,1012,584
"ENSG00000166340.10",2240,1763,1326,2026,1823,1063
"ENSG00000166341.6",70,83,111,189,170,101
"ENSG00000158042.8",727,581,568,660,566,254
"ENSG00000254838.4",109,99,158,163,200,211
"ENSG00000254781.1",25,13,21,49,37,25
"ENSG00000188124.2",7,9,11,20,12,11
"ENSG00000170803.4",13,3,7,14,10,21
"ENSG00000184933.3",11,6,17,15,37,20
"ENSG00000254712.1",4,13,11,6,21,18
"ENSG00000166363.4",5,9,15,21,20,32
"ENSG00000170790.4",5,2,12,11,27,27
"ENSG00000170782.3",17,14,20,21,29,26
"ENSG00000166368.2",18,6,12,11,22,13
"ENSG00000178358.3",15,8,11,24,28,35
"ENSG00000149054.10",322,291,391,467,418,387
"ENSG00000149050.5",9,10,58,49,66,47
"ENSG00000158077.4",10,11,51,74,74,47
"ENSG00000170748.5",8,5,14,19,28,24
"ENSG00000170743.12",11,14,10,20,10,7
"ENSG00000166387.7",41,34,128,177,66,44
"ENSG00000166394.10",239,209,197,258,138,57
"ENSG00000183378.7",2,8,5,22,12,4
"ENSG00000182261.3",6,5,3,18,11,4
"ENSG00000175390.8",3045,2907,2146,3183,2291,1072
"ENSG00000166402.4",16,9,4,19,21,8
"ENSG00000166405.10",4,10,6,7,15,4
"ENSG00000130413.11",11,11,14,9,19,6
"ENSG00000166436.11",506,369,327,415,342,296
"ENSG00000166441.8",18130,17418,14609,18568,14548,5504
"ENSG00000212607.1",45,20,15,28,20,5
"ENSG00000166444.13",122,83,924,1059,1168,975
"ENSG00000255159.1",3,0,22,33,37,25
"ENSG00000166452.7",507,438,680,921,775,395
"ENSG00000176029.9",7,17,17,35,29,15
"ENSG00000175348.6",141,158,136,168,188,81
"ENSG00000254860.1",100,72,65,86,75,56
"ENSG00000175352.6",619,704,677,961,946,465
"ENSG00000175356.8",26,20,28,55,49,33
"ENSG00000184014.3",2807,2611,2709,3266,2228,1642
"ENSG00000255097.1",36,28,25,30,23,27
"ENSG00000166471.6",1754,1655,1352,1614,1407,958
"ENSG00000254884.1",112,72,66,39,48,27
"ENSG00000205339.5",3827,3680,3673,4235,3472,1650
"ENSG00000201998.1",35,45,35,18,35,39
"ENSG00000254397.1",16,27,25,15,13,20
"ENSG00000268403.1",23,23,21,16,8,7
"ENSG00000166478.5",736,592,674,792,639,318
"ENSG00000166483.6",3368,2832,3339,4179,3505,2269
"ENSG00000243964.1",4,7,10,11,10,1
"ENSG00000133789.10",366,319,346,431,400,270
"ENSG00000246273.2",44,44,49,80,50,48
"ENSG00000133812.10",744,755,819,982,1042,852
"ENSG00000254865.1",12,7,6,8,5,15
"ENSG00000148926.5",34,24,13,36,61,42
"ENSG00000133805.11",892,827,579,834,746,511
"ENSG00000110315.2",549,519,407,503,439,237
"ENSG00000133800.4",10,8,10,19,40,23
"ENSG00000072952.14",24,27,26,32,59,22
"ENSG00000198730.3",1298,1013,2071,2664,2668,1261
"ENSG00000110321.11",8830,7951,9117,10994,10923,6982
"ENSG00000246308.1",18,14,14,15,4,12
"ENSG00000236287.3",571,542,448,662,578,371
"ENSG00000247271.2",61,52,49,73,48,30
"ENSG00000110328.5",7,9,7,30,11,11
"ENSG00000255309.1",1,1,6,10,10,11
"ENSG00000170242.13",1948,1855,1966,2419,2059,1417
"ENSG00000050165.13",13,13,17,21,20,13
"ENSG00000133816.9",1991,1783,1017,1380,1914,1209
"ENSG00000133808.4",54,42,32,63,91,55
"ENSG00000197702.7",15,12,5,15,23,3
"ENSG00000187079.10",1915,1664,1597,1854,1115,1110
"ENSG00000254688.1",13,14,11,13,10,12
"ENSG00000203258.3",10,12,13,16,13,24
"ENSG00000251381.2",1604,1397,1183,1282,1869,1322
"ENSG00000266625.1",13,15,9,13,11,18
"ENSG00000133794.13",22,41,76,105,96,57
"ENSG00000148925.6",155,149,184,196,182,100
"ENSG00000197601.8",1074,1032,1088,1243,1070,760
"ENSG00000254791.1",29,34,37,28,31,39
"ENSG00000152268.8",51,52,51,46,54,63
"ENSG00000133818.8",1028,838,658,715,703,457
"ENSG00000129083.8",3342,3051,3783,4348,3743,1551
"ENSG00000129084.13",600,568,697,834,641,377
"ENSG00000152270.4",1976,1598,864,1050,919,714
"ENSG00000255040.1",19,22,24,27,19,19
"ENSG00000186104.6",303,265,300,432,377,211
"ENSG00000188487.7",9,13,5,29,12,8
"ENSG00000110693.11",226,188,99,169,112,82
"ENSG00000110696.5",1978,1758,1826,2337,2114,1140
"ENSG00000166689.10",30,22,208,243,285,214
"ENSG00000244398.1",161,111,115,156,115,52
"ENSG00000110700.2",5025,5584,4431,5133,4132,1091
"ENSG00000272034.1",15,18,16,20,16,8
"ENSG00000011405.9",1568,1351,1279,1457,1341,1092
"ENSG00000070081.11",870,725,610,759,771,542
"ENSG00000188211.4",1212,1082,1225,1305,1636,1274
"ENSG00000260196.1",120,84,86,143,169,115
"ENSG00000187486.5",111,110,99,109,70,73
"ENSG00000006071.7",32,22,22,89,76,24
"ENSG00000006611.11",22,15,11,33,29,20
"ENSG00000188162.6",44,43,26,76,78,43
"ENSG00000129159.6",44,30,18,50,57,43
"ENSG00000129158.6",255,218,317,396,262,163
"ENSG00000129167.5",4,9,6,17,16,3
"ENSG00000166788.5",411,394,369,392,361,186
"ENSG00000179817.3",7,1,4,16,15,3
"ENSG00000212789.3",4,8,3,14,12,2
"ENSG00000173432.6",2,8,3,11,10,5
"ENSG00000110756.13",709,645,592,726,655,326
"ENSG00000110768.7",716,643,720,837,781,466
"ENSG00000134333.9",43255,39972,31129,39637,34282,11621
"ENSG00000256006.1",44,42,41,26,26,34
"ENSG00000166800.5",5,3,17,23,16,9
"ENSG00000074319.8",682,589,599,801,714,259
"ENSG00000256464.1",6,12,3,5,15,11
"ENSG00000256588.1",15,2,5,1,0,11
"ENSG00000256361.1",13,12,3,7,9,4
"ENSG00000151116.12",155,134,120,165,112,81
"ENSG00000256282.1",25,26,30,31,27,48
"ENSG00000247595.2",20,18,35,24,32,28
"ENSG00000179119.10",676,587,625,791,628,386
"ENSG00000151117.4",16,22,34,44,81,58
"ENSG00000179057.9",22,18,15,50,48,29
"ENSG00000110786.13",10,7,8,27,37,7
"ENSG00000170255.6",5,7,4,12,11,5
"ENSG00000177054.9",154,156,148,194,227,138
"ENSG00000129173.8",580,433,413,510,448,313
"ENSG00000166833.15",84,54,45,92,85,41
"ENSG00000109854.9",648,516,540,623,731,342
"ENSG00000185238.8",663,681,721,829,817,377
"ENSG00000165970.7",11,12,15,51,14,23
"ENSG00000165973.13",11,11,8,42,16,7
"ENSG00000171714.10",422,365,15,28,25,15
"ENSG00000254768.1",27,25,2,0,0,0
"ENSG00000091664.7",6,12,9,19,12,7
"ENSG00000183161.3",185,192,164,205,110,86
"ENSG00000148935.6",11,7,4,15,14,4
"ENSG00000198168.4",487,453,231,274,264,167
"ENSG00000187398.7",26,7,7,29,14,9
"ENSG00000134343.8",14,15,7,33,27,8
"ENSG00000169550.8",1,5,11,12,13,13
"ENSG00000148942.10",15,9,41,69,29,21
"ENSG00000176971.2",9,12,22,30,17,20
"ENSG00000129151.4",18,11,37,39,29,23
"ENSG00000254560.1",133,83,108,71,96,43
"ENSG00000109881.12",456,422,277,364,266,164
"ENSG00000205213.9",1596,1354,593,751,556,325
"ENSG00000254862.1",30,49,15,9,4,11
"ENSG00000148943.7",872,813,720,904,810,454
"ENSG00000176697.14",19,9,17,33,27,14
"ENSG00000224411.2",40,27,23,35,21,8
"ENSG00000121621.6",894,812,669,856,674,479
"ENSG00000169519.15",444,375,408,499,472,269
"ENSG00000271332.1",6,13,15,10,4,3
"ENSG00000255322.1",1,3,14,8,13,5
"ENSG00000182255.6",11,4,6,27,10,4
"ENSG00000152219.4",176,192,215,283,206,115
"ENSG00000066382.12",11,11,5,24,22,7
"ENSG00000170959.10",28,25,17,47,37,15
"ENSG00000170946.10",301,228,228,246,185,153
"ENSG00000148950.5",351,340,327,356,292,185
"ENSG00000109911.13",597,517,488,629,409,247
"ENSG00000228061.1",20,22,11,22,14,27
"ENSG00000203504.3",43,32,27,30,35,53
"ENSG00000007372.16",255,193,81,99,86,93
"ENSG00000049449.4",235,194,370,535,314,136
"ENSG00000184937.8",707,677,503,561,493,424
"ENSG00000183242.7",189,129,148,144,163,129
"ENSG00000149100.8",3857,3512,3199,4525,3259,796
"ENSG00000270903.1",8,12,8,15,0,11
"ENSG00000186714.8",10,8,5,25,18,7
"ENSG00000135378.3",6,6,0,10,11,8
"ENSG00000060749.10",2104,1793,2325,2705,2081,1941
"ENSG00000121690.5",137,125,105,116,117,51
"ENSG00000176148.11",205,192,227,243,231,166
"ENSG00000213713.3",67,74,73,86,57,58
"ENSG00000176102.7",529,426,665,861,715,500
"ENSG00000247151.2",20,9,21,15,16,13
"ENSG00000110422.7",1427,1409,802,1026,1007,589
"ENSG00000110427.10",30,22,12,52,38,23
"ENSG00000085063.10",2007,1798,1371,1806,1548,669
"ENSG00000110429.9",703,616,542,690,477,356
"ENSG00000135363.7",1197,1062,1201,1561,1548,1144
"ENSG00000184566.2",63,36,113,123,108,52
"ENSG00000135387.15",9618,8730,7270,9205,7020,4290
"ENSG00000135372.4",3184,2738,2880,3685,2974,1649
"ENSG00000166016.4",69,45,52,106,122,94
"ENSG00000121691.4",2423,2300,2328,2963,2121,710
"ENSG00000135374.5",7,10,6,15,6,7
"ENSG00000135373.8",7,7,10,29,12,8
"ENSG00000149089.8",687,606,679,811,491,262
"ENSG00000110435.7",914,780,1015,1084,900,404
"ENSG00000026508.12",65,56,1395,1988,1883,1304
"ENSG00000251194.2",2,0,13,8,10,6
"ENSG00000110436.7",13,12,3,22,12,14
"ENSG00000149090.7",14,9,12,14,25,6
"ENSG00000179431.5",72,61,130,179,135,90
"ENSG00000166326.5",1767,1594,2298,3040,2411,1902
"ENSG00000261355.1",53,54,48,78,61,82
"ENSG00000179241.8",478,463,390,647,424,310
"ENSG00000254672.1",25,22,33,19,26,22
"ENSG00000196559.3",14,25,14,24,17,15
"ENSG00000110442.7",257,184,200,241,218,99
"ENSG00000135362.9",14,22,40,75,78,49
"ENSG00000175104.10",516,498,520,659,452,356
"ENSG00000166349.5",149,119,210,252,240,197
"ENSG00000175097.3",6,6,24,16,9,2
"ENSG00000166352.11",40,60,201,263,164,62
"ENSG00000240975.1",0,1,59,58,77,43
"ENSG00000148948.3",8,11,8,26,8,10
"ENSG00000166181.8",1778,1701,1493,2027,1489,782
"ENSG00000254907.1",38,34,19,34,29,23
"ENSG00000052841.10",2919,2516,2396,2680,2479,2267
"ENSG00000254577.1",72,49,26,52,26,45
"ENSG00000252355.1",10,8,12,8,9,10
"ENSG00000254463.1",23,34,43,19,25,26
"ENSG00000149084.7",644,585,576,813,622,206
"ENSG00000243721.1",14,18,13,22,14,25
"ENSG00000254512.1",21,34,17,11,17,34
"ENSG00000246250.2",27,18,31,26,29,28
"ENSG00000166199.8",140,96,265,379,324,213
"ENSG00000213693.4",23,18,55,70,45,71
"ENSG00000244926.2",7,8,11,9,18,17
"ENSG00000187479.4",74,65,97,129,180,174
"ENSG00000205126.2",13,10,8,16,17,4
"ENSG00000110455.9",602,502,773,863,981,809
"ENSG00000255165.1",13,11,14,14,12,18
"ENSG00000151348.9",1536,1361,1092,1637,1362,622
"ENSG00000052850.5",63,56,107,183,195,146
"ENSG00000085117.7",237,254,91,116,124,91
"ENSG00000157570.7",12,5,699,892,303,182
"ENSG00000175274.14",19,24,47,87,146,128
"ENSG00000019485.8",17,19,38,53,293,205
"ENSG00000019505.3",11,5,11,21,73,37
"ENSG00000175264.3",5,8,11,15,17,7
"ENSG00000181830.7",333,264,246,310,273,165
"ENSG00000121671.7",1118,955,511,778,583,297
"ENSG00000121653.7",170,123,140,170,192,136
"ENSG00000234776.1",8,1,9,4,15,13
"ENSG00000121680.11",317,278,268,350,334,215
"ENSG00000165905.12",371,309,230,295,140,94
"ENSG00000135365.11",1059,910,1086,1510,1278,1143
"ENSG00000254653.1",14,13,14,19,21,8
"ENSG00000254639.1",20,15,26,52,43,20
"ENSG00000157613.6",251,207,402,551,673,575
"ENSG00000149091.11",2185,1947,2575,3189,2205,1903
"ENSG00000110492.11",3181,2947,2426,3325,3237,2086
"ENSG00000180720.6",27,23,28,47,46,12
"ENSG00000110497.10",1448,1224,1344,1622,1200,970
"ENSG00000244313.2",137,128,84,140,103,34
"ENSG00000180423.4",56,61,69,101,81,63
"ENSG00000175224.12",1421,1263,1189,1427,1152,685
"ENSG00000175220.7",756,676,664,896,903,543
"ENSG00000175213.2",299,247,305,329,310,148
"ENSG00000180210.10",18,22,20,41,30,21
"ENSG00000175216.10",11041,9733,9350,11274,8336,5013
"ENSG00000247675.2",13,9,8,14,8,4
"ENSG00000134569.5",90,62,77,103,85,64
"ENSG00000149179.9",375,319,391,450,408,291
"ENSG00000149182.10",2819,2559,2369,2973,2408,1453
"ENSG00000270060.1",70,37,35,62,50,53
"ENSG00000165912.11",334,283,241,299,240,150
"ENSG00000134574.7",550,509,476,493,456,419
"ENSG00000256897.1",25,20,16,24,13,28
"ENSG00000134575.5",329,230,235,355,373,247
"ENSG00000025434.14",283,311,176,338,266,183
"ENSG00000110514.14",2203,1952,2576,3231,3109,2236
"ENSG00000256746.1",34,20,17,31,18,28
"ENSG00000134571.6",35,30,19,53,44,35
"ENSG00000066336.7",554,552,624,922,918,739
"ENSG00000165915.9",385,317,358,483,462,391
"ENSG00000165916.4",2319,2056,2061,2508,2588,1232
"ENSG00000165917.5",4,5,4,8,11,10
"ENSG00000149187.13",3423,3353,3153,3737,3283,2157
"ENSG00000270072.1",13,13,17,16,19,18
"ENSG00000213619.5",1197,1042,947,1157,1006,343
"ENSG00000110536.9",201,173,150,209,123,56
"ENSG00000123444.9",111,95,103,139,99,43
"ENSG00000109919.5",1154,1104,968,1309,1045,331
"ENSG00000165923.11",49,23,24,47,44,24
"ENSG00000109920.8",2843,2507,2290,2948,2272,2220
"ENSG00000200090.1",16,16,15,23,13,9
"ENSG00000252447.1",26,14,35,31,25,8
"ENSG00000030066.9",3419,3126,2876,3599,2619,1133
"ENSG00000252874.1",29,30,19,15,15,16
"ENSG00000271557.1",30,9,13,20,13,13
"ENSG00000149177.8",1351,1248,1103,1525,930,519
"ENSG00000254879.1",15,24,19,20,10,10
"ENSG00000176547.7",5,5,1,23,11,2
"ENSG00000197161.6",1,4,4,10,10,2
"ENSG00000182053.8",18,7,10,31,26,6
"ENSG00000214891.4",7,5,9,26,10,7
"ENSG00000086205.12",24,12,10,35,24,14
"ENSG00000255042.1",74,87,85,104,92,62
"ENSG00000254518.1",10,16,15,15,34,19
"ENSG00000254840.1",17,31,18,21,26,37
"ENSG00000150244.8",10,5,4,3,13,5
"ENSG00000124900.8",5,2,5,17,15,3
"ENSG00000181718.4",10,5,1,10,4,2
"ENSG00000172199.1",4,19,3,17,9,5
"ENSG00000174914.1",12,10,11,15,16,9
"ENSG00000134817.9",73,63,16,22,39,26
"ENSG00000149115.9",2577,2393,2526,2951,2797,2534
"ENSG00000149136.3",4764,4329,4126,5465,4653,2642
"ENSG00000109991.4",9,4,13,20,13,8
"ENSG00000134802.13",972,1077,945,1323,1715,861
"ENSG00000186907.3",37,28,42,51,61,53
"ENSG00000149150.4",1104,928,716,880,1012,670
"ENSG00000134809.4",214,236,190,305,238,69
"ENSG00000214872.4",19,12,14,27,37,26
"ENSG00000156587.11",312,296,508,737,462,171
"ENSG00000149131.11",6,13,58,99,194,93
"ENSG00000166793.6",35,35,38,54,85,77
"ENSG00000172409.5",205,201,203,237,216,79
"ENSG00000156599.6",1573,1371,1395,1869,1682,1122
"ENSG00000156603.10",193,176,151,194,198,123
"ENSG00000213593.5",1131,1035,883,1178,1090,418
"ENSG00000213592.4",46,41,24,39,21,23
"ENSG00000211450.5",463,409,362,415,365,163
"ENSG00000254732.1",21,24,12,11,12,14
"ENSG00000233436.3",61,53,61,84,49,55
"ENSG00000198561.8",4443,4008,4289,5321,3977,2657
"ENSG00000197887.3",4,7,5,10,14,7
"ENSG00000110031.8",55,30,54,63,52,36
"ENSG00000186660.14",915,808,803,1077,818,579
"ENSG00000242689.1",35,17,21,17,15,29
"ENSG00000189057.6",4,10,2,18,12,1
"ENSG00000245571.2",0,0,19,11,6,13
"ENSG00000166801.11",38,44,447,535,528,406
"ENSG00000110042.3",12,16,22,34,26,12
"ENSG00000197629.5",9,10,5,15,11,3
"ENSG00000255008.2",23,15,15,12,21,9
"ENSG00000110048.7",2363,2114,2333,2917,2330,1244
"ENSG00000255139.1",33,30,19,23,11,12
"ENSG00000166889.13",2450,2068,1650,2105,1726,1214
"ENSG00000166900.10",1892,1589,1815,2233,1578,1092
"ENSG00000254477.1",31,13,30,47,29,34
"ENSG00000166902.4",1051,939,1203,1491,1048,559
"ENSG00000134812.3",13,3,6,18,24,4
"ENSG00000134827.3",22,12,13,41,29,9
"ENSG00000149516.9",10,19,130,172,96,36
"ENSG00000110077.10",4,5,12,34,12,3
"ENSG00000214787.4",2,6,27,50,21,26
"ENSG00000166928.6",11,5,12,17,16,2
"ENSG00000156738.13",6,6,2,23,11,4
"ENSG00000166961.10",5,11,7,13,17,0
"ENSG00000110104.7",628,542,624,761,617,429
"ENSG00000183134.4",187,160,121,193,130,80
"ENSG00000149506.6",32,20,10,21,33,12
"ENSG00000110107.4",2259,2038,2215,2803,2334,1057
"ENSG00000110108.5",688,603,560,864,653,323
"ENSG00000006118.10",23,17,17,44,57,30
"ENSG00000110446.5",9,10,5,19,28,6
"ENSG00000013725.10",22,22,17,38,25,7
"ENSG00000110448.6",13,14,25,39,41,35
"ENSG00000167987.6",686,661,706,950,870,478
"ENSG00000229859.4",10,3,5,10,4,3
"ENSG00000167992.8",54,55,43,102,74,67
"ENSG00000167986.9",10213,8823,9505,12432,10228,3956
"ENSG00000149476.10",1016,928,1166,1426,1184,667
"ENSG00000162144.5",852,791,855,1047,898,460
"ENSG00000149483.7",699,616,553,648,533,476
"ENSG00000187049.5",68,44,89,93,82,30
"ENSG00000149532.11",1503,1302,1222,1575,1477,861
"ENSG00000167985.2",139,112,131,135,118,67
"ENSG00000162148.6",16,15,28,34,35,31
"ENSG00000204950.2",5,2,0,11,10,0
"ENSG00000011347.5",23,13,23,56,61,23
"ENSG00000134780.5",24,38,16,43,49,37
"ENSG00000124915.6",66,41,26,18,22,23
"ENSG00000124920.9",3010,2669,2031,2500,1876,1840
"ENSG00000134825.9",1407,1474,1008,1539,1115,242
"ENSG00000168496.3",1878,1765,1771,2272,2073,1052
"ENSG00000134824.9",1124,907,509,787,576,369
"ENSG00000149485.12",11273,10331,16048,21309,19096,11572
"ENSG00000221968.4",4321,3885,5611,7045,5602,4453
"ENSG00000167994.7",1217,997,511,733,639,534
"ENSG00000167995.11",131,138,88,151,136,109
"ENSG00000167996.11",6237,5479,2349,3663,3972,1984
"ENSG00000269089.1",81,81,37,49,52,47
"ENSG00000149503.8",3683,3320,2353,3252,2365,1644
"ENSG00000110484.6",7,6,10,9,12,6
"ENSG00000162174.8",128,123,95,151,121,54
"ENSG00000254454.2",16,12,8,8,13,13
"ENSG00000124942.9",41332,36171,12664,15705,10899,6542
"ENSG00000250659.2",35,27,5,8,2,14
"ENSG00000257058.1",30,16,6,6,2,2
"ENSG00000255508.3",35,29,45,32,24,24
"ENSG00000149016.11",384,353,386,446,360,223
"ENSG00000149480.2",3861,3534,3637,4534,3453,1779
"ENSG00000149499.7",2053,1739,1743,2217,1761,1289
"ENSG00000149489.4",67,48,31,60,45,36
"ENSG00000149541.5",568,482,402,495,431,287
"ENSG00000089597.12",10506,9558,6473,9816,8480,3673
"ENSG00000185085.2",460,496,520,779,683,262
"ENSG00000162194.8",630,632,618,791,631,406
"ENSG00000214756.3",249,183,168,194,195,162
"ENSG00000204922.4",603,512,398,523,365,211
"ENSG00000162191.9",2437,2100,1652,2300,1644,921
"ENSG00000177363.4",10,16,13,10,17,13
"ENSG00000234857.2",26,19,13,29,10,24
"ENSG00000168000.10",63,73,80,69,62,81
"ENSG00000162188.5",27,11,18,18,19,26
"ENSG00000214753.2",623,549,414,466,418,317
"ENSG00000162222.9",371,321,285,464,350,172
"ENSG00000185670.7",251,215,199,257,156,154
"ENSG00000168002.7",822,753,710,950,810,206
"ENSG00000162227.3",417,349,373,404,364,248
"ENSG00000168569.7",228,234,221,281,212,134
"ENSG00000185475.4",188,178,174,248,206,107
"ENSG00000162231.9",972,798,912,1127,1091,759
"ENSG00000162236.7",468,446,560,668,573,431
"ENSG00000269463.1",5,6,2,18,10,8
"ENSG00000264442.1",9,10,6,8,11,29
"ENSG00000133316.11",822,750,709,919,742,456
"ENSG00000255717.2",3817,3631,3331,4022,2982,1837
"ENSG00000168003.12",4899,4341,3647,4666,4423,2880
"ENSG00000197901.7",9,10,3,23,15,5
"ENSG00000149452.11",17,8,9,12,14,6
"ENSG00000197658.5",8,10,4,12,12,5
"ENSG00000184999.7",10,14,5,23,17,4
"ENSG00000196600.8",13,22,9,21,12,10
"ENSG00000149742.5",10,14,5,11,22,3
"ENSG00000133317.10",85,88,357,391,555,311
"ENSG00000133321.6",10,12,22,19,48,8
"ENSG00000176485.6",15,15,61,111,161,49
"ENSG00000184743.8",1171,1018,1014,1312,1017,544
"ENSG00000270269.1",13,9,11,4,4,11
"ENSG00000133318.9",3146,2786,2701,4021,3209,1714
"ENSG00000271100.1",13,9,21,13,18,20
"ENSG00000188070.8",355,352,421,552,616,461
"ENSG00000168005.4",540,440,366,592,488,341
"ENSG00000072518.16",1575,1364,1376,1766,1721,1301
"ENSG00000202089.1",5,3,10,14,10,5
"ENSG00000167771.5",95,89,206,251,195,135
"ENSG00000110583.8",717,615,791,945,818,622
"ENSG00000176340.3",1860,1858,1280,1904,1474,249
"ENSG00000167770.7",1282,1164,1111,1427,1105,736
"ENSG00000133315.6",1177,992,990,1319,1175,732
"ENSG00000256824.1",13,9,5,4,11,14
"ENSG00000256481.1",21,36,45,19,26,57
"ENSG00000126500.3",144,123,88,102,105,184
"ENSG00000168439.12",4413,3900,3655,4846,3993,2065
"ENSG00000149781.8",4229,3700,4774,6323,5835,3258
"ENSG00000149743.9",456,405,375,456,433,226
"ENSG00000149761.4",499,466,427,524,469,328
"ENSG00000110011.9",646,596,414,576,492,368
"ENSG00000173511.5",671,583,666,842,570,556
"ENSG00000173486.8",569,508,516,678,644,369
"ENSG00000173457.6",2274,2043,2352,2821,2757,1599
"ENSG00000256940.1",10,13,9,7,3,14
"ENSG00000257086.1",51,35,31,57,39,27
"ENSG00000149782.7",1864,1755,2141,2650,2670,2100
"ENSG00000002330.9",307,247,296,406,347,184
"ENSG00000173264.9",310,248,239,346,333,236
"ENSG00000173153.9",1279,1191,1068,1409,1176,862
"ENSG00000173113.2",1832,1660,1478,2041,1515,313
"ENSG00000126432.9",2650,2523,2266,3391,2620,993
"ENSG00000168071.17",939,831,1258,1252,1152,1425
"ENSG00000162302.8",718,596,419,544,476,417
"ENSG00000168065.11",21,17,4,31,10,5
"ENSG00000197891.7",8,16,8,31,28,5
"ENSG00000110076.14",46,50,40,115,115,59
"ENSG00000068831.14",277,240,517,669,756,647
"ENSG00000068976.9",79,47,94,121,109,90
"ENSG00000168066.16",3714,3153,2948,3774,3313,3043
"ENSG00000168067.7",575,511,538,801,537,388
"ENSG00000133895.10",1057,908,1203,1542,1384,916
"ENSG00000171219.8",1236,1027,1018,1175,1132,1028
"ENSG00000110047.13",2017,1696,1804,2398,2176,1313
"ENSG00000110046.8",1720,1484,1790,2028,1954,1964
"ENSG00000068971.9",308,300,278,361,362,285
"ENSG00000149735.2",8,3,5,15,7,10
"ENSG00000168070.7",6,7,15,25,19,4
"ENSG00000168062.5",96,90,81,137,89,63
"ENSG00000213465.3",787,811,441,710,445,181
"ENSG00000110025.8",29,9,20,18,15,18
"ENSG00000168061.9",386,343,202,243,192,112
"ENSG00000168060.10",27,32,20,51,41,20
"ENSG00000146670.5",2010,1827,1379,2109,1487,763
"ENSG00000162300.7",244,221,167,212,209,81
"ENSG00000187066.4",63,60,40,67,34,25
"ENSG00000149823.3",2272,2057,1701,2391,1861,965
"ENSG00000149809.10",495,401,431,688,528,299
"ENSG00000174276.5",147,182,175,217,174,139
"ENSG00000149806.6",6106,5865,4596,6262,5088,2142
"ENSG00000162298.12",1075,956,1001,1314,1189,1022
"ENSG00000149792.4",1000,919,975,1156,1018,423
"ENSG00000204710.2",378,353,298,376,248,113
"ENSG00000255200.1",18,18,14,21,24,18
"ENSG00000254614.1",114,100,65,88,97,49
"ENSG00000014216.11",4046,3820,3454,4614,3949,2143
"ENSG00000197847.8",19,24,30,36,48,34
"ENSG00000014138.4",1448,1138,1223,1503,1305,966
"ENSG00000149798.3",63,53,56,101,111,70
"ENSG00000133884.5",1921,1529,1954,2572,1813,902
"ENSG00000173825.6",39,27,30,38,47,18
"ENSG00000255478.1",2,1,4,10,11,5
"ENSG00000162241.8",90,81,88,105,100,102
"ENSG00000126391.9",991,835,1211,1627,1618,1163
"ENSG00000245532.4",39820,34126,40058,42643,47334,48303
"ENSG00000173727.7",69,65,122,137,157,121
"ENSG00000251562.3",175231,150124,126420,132494,148509,223878
"ENSG00000142186.12",2271,1890,2028,2663,2339,1530
"ENSG00000168056.10",933,811,1006,1384,983,943
"ENSG00000260233.2",29,28,32,39,44,39
"ENSG00000173465.3",284,300,332,427,313,157
"ENSG00000176973.7",53,36,54,65,77,30
"ENSG00000173442.7",2997,2725,2854,3339,3423,3599
"ENSG00000173338.8",15,19,17,32,34,21
"ENSG00000173327.3",1205,968,1149,1560,1481,1028
"ENSG00000197136.4",2558,2272,2419,3196,2670,2325
"ENSG00000213445.4",2470,2053,1944,2557,2275,1763
"ENSG00000173039.14",912,832,919,1181,939,703
"ENSG00000172977.8",631,585,535,773,569,429
"ENSG00000172922.4",529,468,452,656,573,328
"ENSG00000254470.2",634,549,581,655,590,514
"ENSG00000172757.8",5185,4593,4445,5788,5273,2419
"ENSG00000172803.13",131,127,66,71,67,46
"ENSG00000172732.7",1407,1237,1065,1377,1179,1045
"ENSG00000172638.8",278,217,228,258,238,217
"ENSG00000172543.3",33,27,14,28,28,22
"ENSG00000172500.8",643,534,523,759,675,302
"ENSG00000175602.2",899,871,782,1082,888,442
"ENSG00000175592.4",464,343,405,474,505,448
"ENSG00000175573.6",420,378,413,482,472,278
"ENSG00000175550.3",1187,1073,1272,1809,1440,825
"ENSG00000175513.5",28,6,8,24,31,16
"ENSG00000175467.10",2089,1792,1592,1909,1724,1530
"ENSG00000175376.4",599,593,586,808,728,442
"ENSG00000175334.3",1627,1362,1106,1473,1210,654
"ENSG00000175315.2",7,4,10,10,11,11
"ENSG00000175294.5",25,10,54,74,102,87
"ENSG00000175229.6",4,3,0,14,19,9
"ENSG00000087365.10",6139,5517,5032,6170,5117,3298
"ENSG00000175115.7",1507,1331,1494,1871,1488,1406
"ENSG00000255320.1",11,16,18,31,27,29
"ENSG00000174996.7",508,497,430,515,372,455
"ENSG00000254461.1",29,20,28,17,29,20
"ENSG00000174903.10",1500,1278,1165,1521,1249,544
"ENSG00000245156.1",97,54,53,59,42,44
"ENSG00000174871.6",31,31,23,22,41,33
"ENSG00000174851.10",1291,1191,941,1387,1041,299
"ENSG00000179292.4",7,11,2,28,9,4
"ENSG00000174807.3",8,14,9,34,29,3
"ENSG00000174791.6",37,44,57,62,65,63
"ENSG00000174744.9",571,519,408,540,490,275
"ENSG00000174684.6",323,265,149,275,142,53
"ENSG00000255468.2",131,105,79,104,103,71
"ENSG00000174669.7",1815,1562,1690,2074,1920,1932
"ENSG00000174576.4",14,10,5,19,16,17
"ENSG00000174547.9",779,718,617,792,666,263
"ENSG00000174516.10",119,94,103,162,142,130
"ENSG00000255517.2",24,42,29,32,28,30
"ENSG00000254986.3",858,809,764,1128,875,349
"ENSG00000174483.15",47,39,33,46,46,54
"ENSG00000174165.3",386,284,231,265,251,142
"ENSG00000269990.1",78,73,61,102,70,54
"ENSG00000248746.1",17,23,20,52,30,21
"ENSG00000174080.6",437,337,268,418,380,254
"ENSG00000182791.3",23,22,24,48,34,25
"ENSG00000173992.4",671,601,706,839,640,540
"ENSG00000239306.4",2787,2254,1528,1764,1452,1188
"ENSG00000173933.15",395,363,281,321,277,207
"ENSG00000173914.7",361,308,386,340,387,356
"ENSG00000258297.1",117,84,114,121,99,112
"ENSG00000173898.7",5114,4520,4237,5143,2621,2198
"ENSG00000173715.11",360,340,319,357,345,300
"ENSG00000213409.4",35,20,23,31,18,36
"ENSG00000254984.1",23,9,19,8,9,16
"ENSG00000173653.3",617,575,392,539,495,300
"ENSG00000173599.9",1064,888,651,955,600,381
"ENSG00000173621.8",720,661,502,602,483,357
"ENSG00000173227.9",17,20,20,27,43,26
"ENSG00000173120.10",2171,1895,2108,2589,2444,1864
"ENSG00000179038.7",28,17,35,10,24,34
"ENSG00000173020.6",3873,3556,3236,3872,3426,2544
"ENSG00000172932.10",928,864,641,758,658,607
"ENSG00000172830.8",33,20,22,45,45,40
"ENSG00000175482.4",187,165,173,217,225,197
"ENSG00000175505.9",179,111,69,79,93,111
"ENSG00000172613.3",588,496,398,599,500,350
"ENSG00000172531.10",2393,2029,2045,2608,2319,810
"ENSG00000175463.7",59,45,58,93,80,36
"ENSG00000172508.6",114,80,64,87,60,74
"ENSG00000175634.10",1002,903,799,1084,815,474
"ENSG00000213402.2",81,65,45,44,42,44
"ENSG00000172725.9",2056,2050,1864,2398,1969,1058
"ENSG00000175544.9",12,5,9,5,23,7
"ENSG00000172663.4",477,399,252,383,264,172
"ENSG00000110711.5",1209,1026,1103,1367,1137,419
"ENSG00000110697.8",1158,968,1168,1457,1276,1022
"ENSG00000167797.3",600,566,549,759,490,300
"ENSG00000084207.11",14761,13585,7538,10644,8486,2794
"ENSG00000255119.1",26,19,22,17,29,15
"ENSG00000167792.7",4291,3785,3124,4192,3577,1806
"ENSG00000231793.4",85,58,34,43,45,50
"ENSG00000255318.1",59,55,80,102,93,136
"ENSG00000167799.5",237,244,244,261,207,186
"ENSG00000167800.9",31,26,34,73,101,89
"ENSG00000132746.10",13,13,7,18,26,6
"ENSG00000239559.2",12,9,8,17,12,4
"ENSG00000160172.6",61,56,55,92,41,38
"ENSG00000110057.3",271,211,175,271,202,158
"ENSG00000006534.11",50,57,50,76,56,40
"ENSG00000255306.1",13,3,6,4,8,12
"ENSG00000110717.6",1706,1589,1261,1756,1391,563
"ENSG00000110719.5",2840,2441,2749,3322,2901,2945
"ENSG00000255031.1",33,27,51,47,62,70
"ENSG00000110721.7",574,514,603,764,620,478
"ENSG00000110066.10",754,650,636,718,614,455
"ENSG00000171067.6",446,448,657,926,818,554
"ENSG00000162337.7",3341,2856,2881,4064,2637,1871
"ENSG00000110075.10",2538,2186,2186,2517,2350,1694
"ENSG00000254856.1",34,25,16,18,12,23
"ENSG00000260808.1",17,9,17,17,11,12
"ENSG00000069482.6",788,740,336,422,449,262
"ENSG00000132749.6",908,743,612,741,541,375
"ENSG00000110090.8",430,413,426,606,398,221
"ENSG00000250508.1",10,12,11,25,9,15
"ENSG00000197345.8",935,1006,788,1193,893,404
"ENSG00000132740.4",995,904,749,957,864,676
"ENSG00000162341.11",409,386,392,498,608,532
"ENSG00000259799.1",11,12,215,313,306,147
"ENSG00000172927.3",1552,1415,1455,1902,1575,913
"ENSG00000213275.2",29,5,9,10,16,12
"ENSG00000260877.1",39,36,39,67,69,65
"ENSG00000110092.3",235,220,881,1247,999,670
"ENSG00000149716.8",239,260,270,376,306,240
"ENSG00000255191.1",25,19,9,19,10,7
"ENSG00000254605.1",25,28,15,14,17,14
"ENSG00000131620.13",31,41,47,73,74,41
"ENSG00000168040.4",285,219,268,336,260,198
"ENSG00000131626.11",2193,1853,1955,2164,1790,1505
"ENSG00000255329.1",48,27,28,31,24,23
"ENSG00000254604.1",13,19,23,11,19,17
"ENSG00000254484.1",25,21,29,12,9,30
"ENSG00000246889.2",49,69,75,65,82,54
"ENSG00000085733.11",4545,3841,4343,5334,4169,3486
"ENSG00000162105.12",43,40,327,381,358,353
"ENSG00000172893.11",5228,4805,3241,5220,4350,2061
"ENSG00000254682.1",186,114,164,235,210,93
"ENSG00000172890.7",1821,1618,1421,1836,1577,1319
"ENSG00000244411.2",3,10,5,15,14,9
"ENSG00000241233.1",7,11,4,24,23,3
"ENSG00000204572.5",7,7,6,22,10,7
"ENSG00000239481.1",8,18,38,18,39,64
"ENSG00000254805.1",10,6,16,15,18,13
"ENSG00000254972.1",15,12,49,36,46,48
"ENSG00000223235.1",6,4,15,9,23,16
"ENSG00000255319.1",61,57,194,222,228,285
"ENSG00000158483.11",112,133,86,106,107,74
"ENSG00000248671.3",19,20,30,28,19,23
"ENSG00000254978.2",18,17,4,15,16,18
"ENSG00000214534.4",12,16,15,23,16,15
"ENSG00000254469.3",160,164,169,158,148,145
"ENSG00000225805.3",14,11,19,12,14,8
"ENSG00000228915.3",42,19,38,29,34,45
"ENSG00000254593.1",19,24,35,24,29,37
"ENSG00000137522.13",568,454,468,584,605,427
"ENSG00000255296.1",20,15,9,16,9,10
"ENSG00000137496.13",354,292,290,342,402,456
"ENSG00000137497.13",4753,4276,4107,4788,4629,3848
"ENSG00000251143.1",50,46,31,35,34,42
"ENSG00000184154.8",118,139,118,171,156,97
"ENSG00000149357.5",704,693,592,762,734,298
"ENSG00000110200.4",151,147,131,166,131,95
"ENSG00000110203.4",11,23,6,11,10,4
"ENSG00000110195.7",20,23,35,64,51,29
"ENSG00000165458.9",4377,4061,4804,5732,4782,4081
"ENSG00000165462.5",15,16,14,9,33,13
"ENSG00000162129.8",894,701,873,1189,966,572
"ENSG00000255843.1",11,13,13,19,6,14
"ENSG00000186642.11",63,58,53,76,100,91
"ENSG00000186635.10",3520,2928,2984,3587,2972,2393
"ENSG00000245148.2",70,74,63,69,60,63
"ENSG00000244134.1",16,17,21,9,1,7
"ENSG00000214530.3",1095,984,670,803,605,401
"ENSG00000168010.6",1107,931,875,965,1183,1245
"ENSG00000137478.10",516,412,472,593,417,341
"ENSG00000175591.7",6,14,1,20,8,4
"ENSG00000171631.10",11,7,5,16,10,4
"ENSG00000110237.3",212,205,17,74,96,51
"ENSG00000054967.8",717,637,610,731,672,626
"ENSG00000054965.6",549,555,771,914,766,663
"ENSG00000231726.2",8,4,8,13,10,21
"ENSG00000021300.9",16,12,15,32,32,14
"ENSG00000175582.15",1350,1199,1377,1689,1331,839
"ENSG00000175581.9",564,513,488,532,520,346
"ENSG00000199975.1",19,6,9,12,5,5
"ENSG00000181924.6",627,534,620,678,648,346
"ENSG00000175575.8",518,442,372,527,385,207
"ENSG00000187726.4",6,9,9,11,11,5
"ENSG00000175567.4",1290,1167,1047,1544,1144,585
"ENSG00000175564.8",13,8,11,32,24,17
"ENSG00000168014.12",772,606,730,871,840,643
"ENSG00000214517.4",2049,1847,1611,2071,1826,961
"ENSG00000149380.7",38,33,24,34,52,28
"ENSG00000206913.1",18,27,19,22,9,7
"ENSG00000165434.6",86,56,265,361,215,132
"ENSG00000175538.6",36,36,46,27,95,61
"ENSG00000175536.6",21,21,14,25,35,14
"ENSG00000254837.1",11,14,32,30,10,24
"ENSG00000077514.4",459,418,363,455,422,261
"ENSG00000054938.11",10,8,1,14,19,6
"ENSG00000227615.1",98,98,85,121,63,28
"ENSG00000166439.5",1386,1287,1475,1819,1451,1153
"ENSG00000264095.1",6,6,10,9,5,15
"ENSG00000166435.11",714,588,704,857,829,579
"ENSG00000242999.2",10,8,7,15,10,3
"ENSG00000241170.2",57,37,48,60,57,58
"ENSG00000118363.7",661,522,445,699,695,322
"ENSG00000162139.5",812,799,925,1062,770,628
"ENSG00000234611.1",29,22,20,35,55,90
"ENSG00000213333.3",26,23,31,39,93,109
"ENSG00000171561.3",40,39,40,58,93,135
"ENSG00000255395.1",18,21,562,634,1196,1245
"ENSG00000137491.10",189,185,450,484,425,572
"ENSG00000254475.1",10,6,7,12,6,4
"ENSG00000261594.3",25,20,12,19,7,7
"ENSG00000254429.1",51,41,111,130,115,72
"ENSG00000137486.12",1050,902,979,1305,1192,679
"ENSG00000149273.10",31216,29153,22169,29631,21964,7726
"ENSG00000207445.1",24,33,43,41,37,19
"ENSG00000149243.11",25,24,18,31,34,28
"ENSG00000158555.10",1095,927,775,918,1025,1039
"ENSG00000149257.9",2807,2344,2675,3909,3928,2435
"ENSG00000171533.7",25,19,16,36,31,13
"ENSG00000062282.10",121,102,26,28,73,41
"ENSG00000198382.4",771,725,552,696,598,371
"ENSG00000255081.1",16,8,11,3,13,13
"ENSG00000085741.8",13,18,24,49,46,31
"ENSG00000137492.3",959,994,941,1197,1008,595
"ENSG00000179240.4",103,107,118,130,109,75
"ENSG00000255135.3",70,74,73,114,171,81
"ENSG00000158636.12",954,926,800,992,891,888
"ENSG00000137507.7",26,25,38,59,49,26
"ENSG00000182704.6",998,819,508,687,599,352
"ENSG00000261578.1",20,29,37,29,26,22
"ENSG00000078124.7",578,553,542,781,451,353
"ENSG00000254988.1",19,20,12,20,6,9
"ENSG00000198488.6",15,15,11,22,27,20
"ENSG00000149260.10",119,92,323,449,337,239
"ENSG00000254550.1",12,4,16,20,14,27
"ENSG00000137474.15",55,72,70,115,148,118
"ENSG00000178795.5",6,5,12,15,20,16
"ENSG00000149269.5",518,434,550,798,749,444
"ENSG00000074201.4",2645,2348,2183,2636,2201,1092
"ENSG00000178301.3",86,77,79,79,103,70
"ENSG00000048649.9",2652,2465,2628,2983,2477,2129
"ENSG00000254985.1",31,25,17,25,13,19
"ENSG00000227376.1",45,32,29,36,28,22
"ENSG00000255409.1",29,17,14,11,18,11
"ENSG00000219529.2",14,18,11,11,9,13
"ENSG00000087884.10",111,99,88,131,83,41
"ENSG00000254459.1",6,14,5,4,10,10
"ENSG00000255449.1",14,14,13,7,11,22
"ENSG00000241782.1",5,6,6,9,12,11
"ENSG00000149262.12",964,881,984,1207,1063,680
"ENSG00000151364.11",8,1,4,35,14,4
"ENSG00000151366.8",140,157,128,189,125,28
"ENSG00000159063.8",590,489,468,574,565,334
"ENSG00000246174.3",65,77,64,92,84,54
"ENSG00000188997.3",88,74,62,76,67,52
"ENSG00000118369.8",386,347,313,384,316,242
"ENSG00000033327.8",2335,2084,811,1076,529,421
"ENSG00000254649.1",25,21,7,12,5,6
"ENSG00000251323.2",9,7,20,15,5,13
"ENSG00000137513.5",647,538,548,630,494,288
"ENSG00000255084.1",14,19,17,19,15,25
"ENSG00000149256.10",56,44,19,83,85,34
"ENSG00000227097.4",258,268,141,253,215,34
"ENSG00000182103.3",12,20,5,18,21,2
"ENSG00000137509.6",886,817,671,1007,921,252
"ENSG00000254441.1",11,7,2,17,6,6
"ENSG00000165490.8",268,279,234,295,298,162
"ENSG00000137502.5",61,60,107,116,117,84
"ENSG00000246067.3",195,198,211,259,256,186
"ENSG00000255503.1",4,7,11,3,18,7
"ENSG00000165494.6",1715,1521,1757,2010,1880,1824
"ENSG00000254676.1",4,7,9,12,11,18
"ENSG00000247137.4",84,68,93,88,82,78
"ENSG00000137494.9",359,316,255,341,304,259
"ENSG00000137500.5",283,308,344,329,300,182
"ENSG00000150672.12",78,50,83,129,109,73
"ENSG00000171204.8",515,452,488,516,465,211
"ENSG00000171202.2",212,258,231,221,163,43
"ENSG00000137504.9",3389,2871,2120,2756,2328,2025
"ENSG00000137501.12",35,22,29,59,54,36
"ENSG00000215504.2",14,20,6,9,12,3
"ENSG00000073921.13",11000,9871,5166,5879,5837,3248
"ENSG00000074266.13",622,554,545,592,467,303
"ENSG00000254783.1",18,11,5,19,12,20
"ENSG00000149196.11",407,359,303,371,316,129
"ENSG00000149201.5",27,20,12,36,35,38
"ENSG00000151376.12",16,20,23,56,66,35
"ENSG00000150687.7",78,49,29,66,61,35
"ENSG00000255471.1",119,113,46,51,57,32
"ENSG00000174804.3",1525,1535,582,657,494,326
"ENSG00000246523.3",31,21,6,17,10,9
"ENSG00000166575.12",1685,1646,1259,1437,1176,637
"ENSG00000254843.1",68,48,58,53,41,52
"ENSG00000213287.3",44,36,30,18,37,47
"ENSG00000270510.1",34,30,15,22,18,19
"ENSG00000254582.1",12,7,6,14,8,7
"ENSG00000123892.7",10,7,13,36,49,23
"ENSG00000109861.11",1876,1730,899,1274,1119,542
"ENSG00000249489.1",12,17,0,3,10,3
"ENSG00000168959.10",10,7,13,21,22,6
"ENSG00000086991.8",4,6,4,15,11,3
"ENSG00000134612.7",12,11,14,22,27,6
"ENSG00000254751.2",5,10,8,16,9,5
"ENSG00000168930.9",8,8,3,12,15,5
"ENSG00000189253.7",16,7,8,27,21,11
"ENSG00000204449.2",10,10,10,8,9,1
"ENSG00000077616.6",18,15,43,81,80,32
"ENSG00000110172.7",1302,1063,843,961,805,534
"ENSG00000214391.3",34,11,14,37,27,17
"ENSG00000165323.11",61,48,43,107,90,55
"ENSG00000180773.10",88,60,155,163,194,130
"ENSG00000165325.9",27,19,112,156,136,140
"ENSG00000166002.2",35,42,122,165,176,95
"ENSG00000234106.3",3,2,9,17,20,12
"ENSG00000166004.10",1315,1172,1330,1496,1420,1347
"ENSG00000254911.2",196,173,154,197,190,214
"ENSG00000166012.10",2460,2205,2161,2331,1872,1378
"ENSG00000202314.1",10,5,10,6,3,5
"ENSG00000182919.10",456,394,552,670,408,286
"ENSG00000042429.6",544,470,517,611,569,364
"ENSG00000214376.5",16,8,7,15,25,14
"ENSG00000181333.11",16,14,9,40,29,22
"ENSG00000110218.4",293,254,332,431,511,248
"ENSG00000250519.2",0,2,4,0,13,12
"ENSG00000123901.4",8,4,8,14,7,15
"ENSG00000020922.8",1088,918,1068,1170,916,709
"ENSG00000221230.1",12,16,9,21,6,1
"ENSG00000255893.1",14,11,14,21,9,12
"ENSG00000168876.4",144,133,140,159,140,98
"ENSG00000134627.7",36,28,120,160,218,102
"ENSG00000196371.2",204,193,267,351,322,220
"ENSG00000233536.2",3,2,5,4,15,10
"ENSG00000255666.1",8,5,35,36,24,24
"ENSG00000166025.13",5057,4455,3946,4767,3091,2297
"ENSG00000150316.7",823,768,859,932,793,527
"ENSG00000186280.5",30,26,53,60,34,27
"ENSG00000235268.2",8,7,3,14,10,4
"ENSG00000180771.10",84,97,114,117,105,103
"ENSG00000149218.4",654,618,595,777,1029,537
"ENSG00000245552.2",21,10,31,31,43,27
"ENSG00000149212.6",374,334,1293,1430,1065,862
"ENSG00000077458.8",564,515,433,472,473,445
"ENSG00000166037.6",2517,2267,2285,2613,2002,1465
"ENSG00000256885.1",60,62,28,43,43,42
"ENSG00000087053.14",1040,1071,892,1115,1030,455
"ENSG00000184384.9",848,708,838,1063,636,670
"ENSG00000149231.7",365,372,372,362,316,268
"ENSG00000183340.5",325,224,279,359,416,275
"ENSG00000255679.1",27,11,26,19,7,8
"ENSG00000255502.1",3,1,9,5,13,12
"ENSG00000149972.6",13,13,19,34,28,10
"ENSG00000248027.1",5,10,7,5,11,6
"ENSG00000165895.13",85,93,270,271,183,116
"ENSG00000170647.2",4,12,19,19,12,6
"ENSG00000082175.10",313,277,37,43,55,35
"ENSG00000137672.8",19,10,17,28,38,21
"ENSG00000110318.9",10,11,11,21,18,6
"ENSG00000137693.9",11,9,8,24,30,7
"ENSG00000023445.9",14,11,26,45,28,24
"ENSG00000110330.4",658,708,696,821,672,330
"ENSG00000152558.10",2245,1900,964,1208,1023,665
"ENSG00000137674.3",9,1,6,20,10,8
"ENSG00000118113.7",6,4,4,11,17,7
"ENSG00000166670.5",19,3,2,6,11,2
"ENSG00000149968.7",5,2,6,18,11,8
"ENSG00000110347.7",5,13,5,15,9,5
"ENSG00000137745.7",11,5,3,14,11,3
"ENSG00000260966.1",35,43,49,54,43,48
"ENSG00000137692.7",1099,907,1168,1412,1220,732
"ENSG00000187240.9",96,65,267,406,233,145
"ENSG00000170962.8",7,4,12,10,4,0
"ENSG00000170967.3",7,7,4,16,12,2
"ENSG00000196954.8",13,8,117,140,114,61
"ENSG00000137752.18",9,9,6,24,14,6
"ENSG00000204397.3",5,6,32,51,31,25
"ENSG00000255221.2",1,5,10,16,12,13
"ENSG00000255501.1",9,0,17,23,22,43
"ENSG00000254998.1",8,4,15,22,14,24
"ENSG00000254767.1",2,2,4,19,14,8
"ENSG00000152578.8",20,16,62,89,70,79
"ENSG00000255403.1",2,1,4,2,11,10
"ENSG00000170903.6",322,256,394,465,420,293
"ENSG00000182359.10",49,73,61,72,78,30
"ENSG00000149313.6",754,678,832,1017,787,444
"ENSG00000254433.1",19,16,13,14,3,11
"ENSG00000152402.6",7,7,11,20,33,12
"ENSG00000261098.1",42,33,54,59,34,41
"ENSG00000152404.11",716,653,641,712,646,524
"ENSG00000225215.1",14,11,9,13,20,25
"ENSG00000137760.10",157,127,138,175,137,91
"ENSG00000110660.10",744,745,581,765,638,344
"ENSG00000166266.9",1207,1209,996,1122,1032,673
"ENSG00000075239.9",1365,1188,1125,1239,870,389
"ENSG00000149308.12",1064,907,861,1026,1091,797
"ENSG00000149311.13",2498,2227,1407,1569,1795,1612
"ENSG00000166323.8",34,39,22,48,41,24
"ENSG00000178202.8",1053,880,656,882,668,316
"ENSG00000110723.7",465,378,585,670,583,474
"ENSG00000178105.5",970,779,910,1032,931,582
"ENSG00000254730.1",9,12,5,9,14,3
"ENSG00000185742.6",3,2,1,13,13,7
"ENSG00000149289.6",38,49,172,208,152,110
"ENSG00000137710.10",1869,1711,1894,2342,1863,1199
"ENSG00000137714.2",296,231,340,429,306,131
"ENSG00000137727.8",21,20,9,49,30,16
"ENSG00000170145.4",1086,943,1085,1294,1149,818
"ENSG00000235286.1",13,12,15,10,13,24
"ENSG00000137713.11",1363,1155,1092,1317,1129,548
"ENSG00000086848.10",150,147,143,180,223,100
"ENSG00000255561.2",10,15,11,20,17,13
"ENSG00000137720.3",184,138,144,213,114,80
"ENSG00000109846.3",24,25,10,23,31,14
"ENSG00000150764.9",442,389,403,561,406,229
"ENSG00000150768.11",2084,1770,1916,2323,2022,696
"ENSG00000230911.1",34,26,22,28,37,25
"ENSG00000150773.6",15,19,23,25,17,14
"ENSG00000150776.13",598,557,646,762,732,443
"ENSG00000150779.7",310,278,328,348,337,75
"ENSG00000204370.4",817,759,777,931,834,292
"ENSG00000150782.7",13,20,78,107,73,32
"ENSG00000197580.7",9,5,24,37,28,35
"ENSG00000150787.3",247,245,161,209,191,83
"ENSG00000188771.3",7,2,10,18,17,3
"ENSG00000250303.2",29,30,69,62,40,40
"ENSG00000149294.12",25,29,12,26,49,24
"ENSG00000149292.12",210,192,177,177,128,104
"ENSG00000170209.4",14,13,4,28,19,9
"ENSG00000149295.9",12,10,3,27,17,5
"ENSG00000166682.6",42,28,24,51,30,25
"ENSG00000086827.4",430,406,359,464,442,197
"ENSG00000228607.2",5,6,3,10,16,0
"ENSG00000048028.7",971,828,615,845,703,409
"ENSG00000255710.2",21,27,17,25,22,38
"ENSG00000166736.7",9,9,4,17,12,7
"ENSG00000109906.9",13,12,85,88,80,66
"ENSG00000166741.3",11,17,30,27,68,22
"ENSG00000180425.7",10,11,6,21,23,8
"ENSG00000076053.6",353,287,284,313,289,165
"ENSG00000076043.5",1112,1036,966,1296,805,385
"ENSG00000256533.1",6,3,13,11,10,8
"ENSG00000095110.3",12,11,3,20,11,22
"ENSG00000137634.5",10,8,10,12,15,7
"ENSG00000204361.7",6,10,8,15,16,7
"ENSG00000182985.12",21,16,8,25,14,13
"ENSG00000137656.7",673,566,487,645,506,306
"ENSG00000109917.6",1182,1004,1113,1318,1105,588
"ENSG00000110243.7",4,10,3,18,13,5
"ENSG00000110244.5",3,5,8,4,17,15
"ENSG00000235910.1",12,6,9,2,13,15
"ENSG00000160584.11",979,846,933,1083,1106,989
"ENSG00000231865.1",42,22,41,46,45,66
"ENSG00000234268.1",28,13,10,19,12,15
"ENSG00000168092.9",2166,1936,1991,2507,2059,1068
"ENSG00000149577.11",1073,994,1017,1306,1267,942
"ENSG00000149591.12",95,84,100,90,135,128
"ENSG00000160613.8",766,674,697,792,886,937
"ENSG00000167257.6",743,668,578,774,623,423
"ENSG00000186318.12",270,259,252,310,282,254
"ENSG00000110274.10",715,619,629,711,728,655
"ENSG00000177103.9",40,34,22,66,70,30
"ENSG00000137726.11",10,3,1,11,6,3
"ENSG00000137747.10",64,52,23,61,43,17
"ENSG00000110324.5",692,614,23,42,65,29
"ENSG00000137648.12",428,425,626,604,659,667
"ENSG00000177098.4",7,5,6,12,11,6
"ENSG00000160593.13",9,8,12,16,19,9
"ENSG00000160588.5",16,18,90,77,108,46
"ENSG00000167286.5",145,138,206,291,257,77
"ENSG00000160654.5",22,28,10,7,21,16
"ENSG00000110344.5",1744,1450,1406,2165,1578,864
"ENSG00000254873.1",14,8,12,18,10,20
"ENSG00000167283.3",1909,1898,1641,1958,1787,407
"ENSG00000118058.16",6397,5798,7066,8900,6618,5861
"ENSG00000172425.6",20,6,13,16,30,23
"ENSG00000149582.11",88,66,128,183,146,85
"ENSG00000118096.3",214,174,250,332,231,156
"ENSG00000243431.1",7,9,15,8,14,11
"ENSG00000095139.9",3825,3590,4140,5078,4271,1992
"ENSG00000019144.12",1030,866,1070,1263,1194,1040
"ENSG00000255176.1",21,8,15,17,21,28
"ENSG00000118094.7",28,24,34,45,44,27
"ENSG00000110367.7",4315,3722,3374,4108,3365,2219
"ENSG00000186174.8",652,546,856,989,796,800
"ENSG00000255121.2",32,32,27,25,37,29
"ENSG00000186166.4",454,404,323,371,337,343
"ENSG00000240970.1",40,37,32,25,24,33
"ENSG00000254428.1",53,46,44,27,29,37
"ENSG00000254909.1",9,12,3,5,14,5
"ENSG00000118181.6",15007,14010,11567,12592,10070,3805
"ENSG00000196655.5",819,793,673,942,656,185
"ENSG00000137700.12",1327,1167,794,1177,897,395
"ENSG00000149428.14",4679,4321,4338,6800,5858,2963
"ENSG00000271751.1",10,9,10,8,12,9
"ENSG00000272186.1",16,14,9,19,4,7
"ENSG00000160695.10",1024,903,814,1133,975,479
"ENSG00000256269.2",4158,3932,1766,2146,1743,933
"ENSG00000188486.3",4469,4388,3351,4392,3777,2014
"ENSG00000172269.12",882,722,716,1025,888,429
"ENSG00000172375.8",864,768,719,923,890,645
"ENSG00000172273.8",743,668,584,737,602,395
"ENSG00000172350.5",14,16,8,26,20,13
"ENSG00000160703.11",245,213,287,414,292,155
"ENSG00000172367.11",6,11,9,25,15,5
"ENSG00000248712.3",16,10,21,19,31,18
"ENSG00000110395.4",2620,2500,2365,3191,2477,1675
"ENSG00000076706.10",799,616,1558,2191,2259,1456
"ENSG00000173456.4",1352,1198,869,1288,1026,432
"ENSG00000036672.11",187,187,322,389,365,225
"ENSG00000245248.3",41,41,67,67,73,43
"ENSG00000154096.9",22,17,16,22,16,38
"ENSG00000110400.6",31,29,24,53,58,31
"ENSG00000137699.12",15,19,19,25,70,46
"ENSG00000184232.4",102,99,206,289,259,204
"ENSG00000137709.5",15,4,12,13,25,8
"ENSG00000181264.4",37,48,48,55,71,59
"ENSG00000196914.4",4050,3422,3989,5054,4185,3313
"ENSG00000149403.7",15,23,10,26,19,13
"ENSG00000154114.8",43,38,232,316,294,250
"ENSG00000109927.5",49,42,34,78,66,36
"ENSG00000109929.5",457,351,230,338,303,120
"ENSG00000137642.8",51,33,32,64,73,38
"ENSG00000154127.5",23,15,13,35,30,11
"ENSG00000109944.6",6,11,8,25,11,8
"ENSG00000109971.9",18009,16067,12939,16108,14489,7015
"ENSG00000200879.1",13,10,6,5,8,0
"ENSG00000166250.7",3,14,9,13,15,11
"ENSG00000023171.10",16,17,6,27,33,17
"ENSG00000166257.4",7,10,5,10,7,9
"ENSG00000166261.6",242,235,232,301,226,190
"ENSG00000182634.7",11,3,7,11,13,7
"ENSG00000110002.11",204,156,384,546,461,198
"ENSG00000197309.2",42,32,73,66,91,69
"ENSG00000239426.3",27,35,47,69,49,52
"ENSG00000255425.3",62,54,71,106,81,95
"ENSG00000181214.6",24,20,33,32,50,33
"ENSG00000254845.1",22,13,37,51,33,38
"ENSG00000197849.4",12,15,23,26,33,25
"ENSG00000255298.2",35,17,32,29,35,24
"ENSG00000255116.2",6,2,12,13,14,11
"ENSG00000196341.2",57,44,91,101,171,214
"ENSG00000197263.2",40,34,97,83,120,182
"ENSG00000254976.1",33,19,52,63,89,122
"ENSG00000255225.1",29,22,87,112,85,148
"ENSG00000255030.1",32,16,73,92,77,119
"ENSG00000227737.2",30,25,78,66,108,155
"ENSG00000229254.1",38,20,109,110,117,156
"ENSG00000204293.2",12,7,46,49,37,85
"ENSG00000196661.3",14,6,39,27,38,79
"ENSG00000255048.1",12,10,36,37,25,30
"ENSG00000198657.3",24,16,91,78,115,145
"ENSG00000197125.2",23,20,118,85,96,207
"ENSG00000255510.1",24,16,61,76,76,69
"ENSG00000229386.2",22,8,56,43,57,85
"ENSG00000254646.1",16,16,36,51,67,107
"ENSG00000255315.1",5,4,14,9,12,17
"ENSG00000254937.1",11,6,31,19,39,63
"ENSG00000170953.2",23,16,46,47,57,79
"ENSG00000196119.5",45,19,94,117,96,112
"ENSG00000255341.1",9,7,13,14,10,21
"ENSG00000154143.2",20,16,48,79,80,47
"ENSG00000154144.8",524,397,520,639,546,368
"ENSG00000110013.8",208,129,144,197,122,96
"ENSG00000064199.2",44,43,60,56,42,30
"ENSG00000154146.8",33,26,135,195,278,187
"ENSG00000019102.7",6,11,28,33,56,56
"ENSG00000149564.7",17,14,102,131,216,88
"ENSG00000250073.2",8,8,24,14,23,10
"ENSG00000120458.5",140,101,165,199,163,122
"ENSG00000254509.1",23,14,16,17,15,12
"ENSG00000245498.2",18,11,10,29,9,10
"ENSG00000154134.10",25,35,48,70,101,48
"ENSG00000154133.10",18,17,11,35,27,15
"ENSG00000165478.6",5,7,5,12,15,3
"ENSG00000149548.10",251,232,249,296,268,166
"ENSG00000134955.7",35,41,39,59,47,46
"ENSG00000203306.3",18,7,11,25,21,23
"ENSG00000150433.5",200,195,156,239,170,102
"ENSG00000165495.11",5,8,1,21,11,7
"ENSG00000149557.8",356,333,80,108,126,62
"ENSG00000149547.10",1957,1741,1523,1895,1745,688
"ENSG00000254671.1",12,6,15,8,9,3
"ENSG00000134910.8",4737,4022,2819,4287,3707,1473
"ENSG00000149554.8",1698,1523,1176,1531,1044,555
"ENSG00000134940.9",32,27,34,27,27,32
"ENSG00000198331.6",87,75,90,125,64,58
"ENSG00000110060.4",169,170,155,196,176,79
"ENSG00000109832.8",15,9,8,27,19,2
"ENSG00000064309.10",24,12,17,54,41,20
"ENSG00000165526.4",897,825,679,824,540,291
"ENSG00000197798.4",142,130,172,184,111,116
"ENSG00000182934.7",3170,2697,2500,3388,2818,1720
"ENSG00000110074.6",1104,974,856,910,860,667
"ENSG00000150455.9",107,75,86,92,79,73
"ENSG00000110063.4",271,239,251,311,163,105
"ENSG00000110080.14",320,275,321,397,188,129
"ENSG00000149571.6",21,20,23,45,34,18
"ENSG00000254612.2",23,14,9,14,13,10
"ENSG00000134954.10",18,10,9,11,24,21
"ENSG00000151702.12",23,14,1,26,38,10
"ENSG00000120471.10",13,3,10,25,16,7
"ENSG00000134909.14",39,29,27,66,51,21
"ENSG00000151715.3",12,5,7,8,11,16
"ENSG00000170322.10",2290,1968,1835,2149,1610,1370
"ENSG00000170325.10",601,522,552,693,488,390
"ENSG00000233220.3",18,9,14,9,5,12
"ENSG00000084234.12",6141,5200,4070,5772,4666,2283
"ENSG00000244451.1",7,7,10,3,12,10
"ENSG00000149418.6",27,15,10,51,40,15
"ENSG00000196323.7",1091,1038,1216,1607,1087,785
"ENSG00000255358.1",9,4,12,3,10,17
"ENSG00000255220.1",19,19,25,24,8,20
"ENSG00000272412.1",7,13,11,5,15,4
"ENSG00000134917.9",23,21,14,46,35,26
"ENSG00000166106.2",20,22,11,26,18,12
"ENSG00000255455.2",33,20,22,18,31,12
"ENSG00000120451.6",980,839,757,1124,1082,716
"ENSG00000182667.10",7,12,11,29,25,11
"ENSG00000183715.9",9,7,6,18,11,6
"ENSG00000080854.10",23,22,21,50,101,84
"ENSG00000166086.8",48,42,49,79,68,57
"ENSG00000151503.8",3826,3321,2838,3676,2730,1431
"ENSG00000254616.1",19,18,8,11,5,16
"ENSG00000151502.6",1286,1063,1227,1472,1075,683
"ENSG00000151500.10",500,479,596,771,541,249
"ENSG00000151498.7",519,449,486,694,557,357
"ENSG00000166105.11",13,7,111,132,75,48
"ENSG00000149328.10",703,645,905,1162,1166,857
"ENSG00000109956.8",20,28,1155,1389,1421,1243
"ENSG00000255545.3",4,6,121,168,146,125
"ENSG00000254573.1",0,3,34,37,2,6
"ENSG00000251226.1",3,2,53,48,78,62
"ENSG00000249054.2",4,4,1,8,12,11
"ENSG00000226210.3",446,364,526,640,649,641
"ENSG00000120645.7",21,12,40,60,66,45
"ENSG00000249695.2",7,19,14,7,15,13
"ENSG00000111181.8",12,16,11,19,27,20
"ENSG00000010379.11",17,16,12,33,31,12
"ENSG00000261799.1",31,18,44,55,88,41
"ENSG00000073614.7",2010,1852,1927,2310,1985,1288
"ENSG00000120647.5",283,263,272,341,233,175
"ENSG00000139044.6",25,21,5,39,37,30
"ENSG00000171840.7",24,13,19,23,37,9
"ENSG00000177406.4",123,124,99,127,178,124
"ENSG00000060237.12",6609,6051,5740,7166,5888,5499
"ENSG00000002016.12",302,264,281,345,285,290
"ENSG00000250132.2",44,56,27,42,37,31
"ENSG00000082805.15",633,548,844,894,815,829
"ENSG00000249028.2",7,11,11,8,12,8
"ENSG00000249628.2",35,27,34,47,30,27
"ENSG00000111186.8",142,93,37,68,39,38
"ENSG00000171823.6",181,172,168,271,150,84
"ENSG00000006831.9",1353,1244,1318,1634,1337,839
"ENSG00000271500.1",52,51,51,59,58,24
"ENSG00000243663.1",41,9,14,16,13,14
"ENSG00000151062.10",36,38,34,84,62,52
"ENSG00000166159.6",5,7,2,16,13,3
"ENSG00000151065.9",89,85,150,150,106,87
"ENSG00000151067.16",41,37,30,66,67,36
"ENSG00000004478.5",2442,2388,2548,3413,2428,1152
"ENSG00000111203.7",361,244,341,423,319,287
"ENSG00000053702.10",107,85,103,120,89,123
"ENSG00000206044.3",26,11,26,19,28,22
"ENSG00000111206.8",653,555,496,631,618,470
"ENSG00000171792.6",353,325,254,302,276,158
"ENSG00000078246.11",399,355,299,408,319,255
"ENSG00000197905.4",452,369,293,408,346,172
"ENSG00000250899.3",83,52,43,58,39,35
"ENSG00000234589.3",20,12,9,25,22,17
"ENSG00000011105.7",30,36,68,94,90,95
"ENSG00000227081.4",49,82,68,97,72,10
"ENSG00000111218.7",9,9,5,22,16,7
"ENSG00000130038.5",382,396,502,643,518,432
"ENSG00000111224.9",7,9,20,29,37,35
"ENSG00000118976.5",8,9,3,10,13,9
"ENSG00000118971.3",3556,2918,54,31,34,13
"ENSG00000078237.4",18,7,6,9,19,2
"ENSG00000118972.1",22,23,1,9,13,2
"ENSG00000047621.7",143,139,138,136,152,109
"ENSG00000111247.10",806,748,532,626,534,407
"ENSG00000010219.9",109,66,88,125,133,90
"ENSG00000111254.3",13,16,13,7,17,8
"ENSG00000139180.6",218,207,160,191,196,74
"ENSG00000130035.2",2,7,10,19,11,6
"ENSG00000151079.6",9,8,4,17,29,10
"ENSG00000111262.4",4,8,4,18,17,10
"ENSG00000130037.3",6,6,6,23,17,2
"ENSG00000256115.1",30,19,16,24,29,35
"ENSG00000256417.1",65,38,59,90,97,64
"ENSG00000256146.1",42,41,30,37,29,33
"ENSG00000255983.1",21,17,29,33,22,30
"ENSG00000185652.7",1,3,2,13,13,5
"ENSG00000047617.10",23,26,7,27,30,16
"ENSG00000110799.9",58,65,34,99,139,36
"ENSG00000255775.1",2,2,22,33,32,47
"ENSG00000010278.7",29,34,79,148,261,106
"ENSG00000008323.11",53,48,56,111,95,54
"ENSG00000067182.3",519,431,535,806,651,412
"ENSG00000111319.8",15,13,21,28,21,18
"ENSG00000111321.6",1167,1042,961,1218,1016,693
"ENSG00000256433.1",11,8,19,21,26,13
"ENSG00000139192.7",47,39,49,63,45,48
"ENSG00000139190.12",167,162,144,140,175,127
"ENSG00000256913.1",0,5,10,16,6,3
"ENSG00000111639.3",551,528,558,738,605,258
"ENSG00000010292.8",7372,6365,4729,6244,4763,2663
"ENSG00000239002.2",1703,1568,1119,1300,1134,662
"ENSG00000255966.1",13,9,6,16,15,9
"ENSG00000111640.10",36483,33539,29596,39949,33630,10216
"ENSG00000010295.15",21,10,8,20,21,18
"ENSG00000111641.6",748,705,774,999,867,585
"ENSG00000111642.10",8704,7913,8941,11423,11409,5770
"ENSG00000247853.2",30,22,32,36,34,25
"ENSG00000184574.5",184,153,235,314,500,377
"ENSG00000111644.3",111,108,433,549,803,451
"ENSG00000111653.15",349,281,295,344,329,157
"ENSG00000126746.13",784,733,578,854,746,420
"ENSG00000139200.9",15,18,13,26,21,14
"ENSG00000252186.1",1,1,14,21,9,17
"ENSG00000111652.5",351,312,277,415,332,179
"ENSG00000089693.6",2682,2319,2344,3166,2532,1067
"ENSG00000159335.11",2032,1808,1841,2480,1919,1289
"ENSG00000089692.4",13,15,24,29,22,16
"ENSG00000010610.5",15,8,12,39,34,20
"ENSG00000250510.3",85,79,102,117,115,105
"ENSG00000110811.15",682,615,488,619,451,465
"ENSG00000111664.6",141,121,90,92,141,99
"ENSG00000111665.7",799,741,662,833,717,466
"ENSG00000111667.9",1740,1498,1340,1859,1378,561
"ENSG00000111669.10",11438,10861,8162,10898,9291,3201
"ENSG00000111671.5",118,97,82,115,91,96
"ENSG00000240370.2",84,45,69,78,30,37
"ENSG00000010626.10",117,107,97,114,85,59
"ENSG00000248593.3",64,56,44,54,49,34
"ENSG00000111674.4",3551,3148,3849,4674,3763,2779
"ENSG00000111676.10",2400,2024,1900,2428,1864,2158
"ENSG00000111678.6",396,391,434,530,430,146
"ENSG00000272173.1",15,16,20,16,14,11
"ENSG00000111679.12",115,74,123,182,123,76
"ENSG00000126749.10",389,365,463,507,501,303
"ENSG00000215021.4",3531,3117,2989,3690,2996,1361
"ENSG00000111684.6",336,267,352,560,421,226
"ENSG00000272201.1",7,11,4,19,10,7
"ENSG00000182326.10",27,31,33,38,26,30
"ENSG00000159403.11",22,28,20,46,23,28
"ENSG00000139178.6",305,299,299,402,427,370
"ENSG00000205885.3",354,261,336,472,369,440
"ENSG00000139194.3",293,267,372,447,279,214
"ENSG00000256967.1",51,45,66,59,83,47
"ENSG00000139182.9",1298,1171,1140,1613,1260,802
"ENSG00000139197.6",826,725,652,838,669,255
"ENSG00000215009.5",7,9,4,19,12,5
"ENSG00000177675.4",29,28,12,39,73,31
"ENSG00000255836.1",9,13,20,26,64,46
"ENSG00000177575.8",21,15,14,47,20,7
"ENSG00000173262.7",158,136,90,171,168,115
"ENSG00000059804.11",7411,6426,5382,7946,7234,3734
"ENSG00000065970.4",355,321,357,457,330,246
"ENSG00000171860.4",38,35,30,46,58,36
"ENSG00000089818.12",411,365,372,393,279,170
"ENSG00000111729.8",9,6,6,13,9,12
"ENSG00000235602.4",7,4,10,10,9,11
"ENSG00000196946.5",10,11,7,21,34,9
"ENSG00000171847.6",23,10,40,53,45,60
"ENSG00000254016.2",16,8,18,26,15,22
"ENSG00000164845.12",29,26,27,62,51,27
"ENSG00000215241.3",25,19,59,52,56,66
"ENSG00000226091.3",1,8,19,20,8,19
"ENSG00000166532.11",1224,1048,457,567,429,336
"ENSG00000249790.2",17,22,808,1045,374,209
"ENSG00000166535.15",65,65,71,129,106,69
"ENSG00000111752.6",283,277,273,310,274,183
"ENSG00000003056.3",1252,1141,750,1073,964,586
"ENSG00000139187.5",18,11,16,26,10,9
"ENSG00000175899.10",16,21,34,54,39,26
"ENSG00000126838.5",21,13,21,35,38,12
"ENSG00000111788.9",789,705,611,615,555,604
"ENSG00000255753.1",4,11,4,6,8,11
"ENSG00000260423.1",9,10,13,10,7,13
"ENSG00000256673.1",64,62,28,24,41,46
"ENSG00000214826.4",1171,984,731,739,706,818
"ENSG00000214776.5",38,35,21,49,38,32
"ENSG00000111796.3",40,31,22,32,21,29
"ENSG00000256594.3",186,162,162,172,117,102
"ENSG00000257027.1",130,130,129,160,109,87
"ENSG00000069493.10",146,110,113,155,124,100
"ENSG00000213443.2",24,15,28,34,37,38
"ENSG00000110848.4",262,210,134,146,322,234
"ENSG00000150045.7",16,9,13,17,13,3
"ENSG00000110852.4",10,13,35,30,57,28
"ENSG00000139112.6",278,240,185,204,249,171
"ENSG00000245648.1",29,32,19,29,23,15
"ENSG00000180574.3",33,32,21,40,29,17
"ENSG00000256667.2",26,23,19,39,23,21
"ENSG00000111196.5",146,111,151,148,141,100
"ENSG00000060140.4",13,9,4,25,19,17
"ENSG00000060138.8",1579,1438,1013,1541,867,522
"ENSG00000111215.7",67,49,92,104,86,91
"ENSG00000212128.2",7,9,10,15,23,16
"ENSG00000134551.8",18,7,17,23,31,19
"ENSG00000212127.5",12,3,17,24,22,20
"ENSG00000212125.2",6,19,20,8,29,20
"ENSG00000212126.3",14,7,6,12,6,10
"ENSG00000255837.1",35,25,38,47,19,27
"ENSG00000212124.2",45,25,48,36,22,37
"ENSG00000256436.1",70,66,54,84,59,60
"ENSG00000256019.1",10,14,7,11,15,11
"ENSG00000226761.3",19,21,18,23,27,17
"ENSG00000255374.1",9,11,7,27,18,7
"ENSG00000256188.1",70,52,52,59,47,43
"ENSG00000256981.1",22,32,35,39,56,40
"ENSG00000256712.1",77,95,64,74,69,78
"ENSG00000256537.1",26,15,23,14,5,23
"ENSG00000197870.8",3,4,4,17,10,12
"ENSG00000251655.2",8,7,7,24,19,5
"ENSG00000121335.10",11,10,3,24,27,8
"ENSG00000247157.2",0,3,9,18,10,20
"ENSG00000139083.6",313,297,584,820,557,346
"ENSG00000121380.8",4,12,4,8,14,7
"ENSG00000070018.4",1534,1434,923,1239,821,572
"ENSG00000111261.9",157,126,55,111,57,36
"ENSG00000205791.2",17,8,12,22,19,10
"ENSG00000165714.6",169,154,94,180,132,86
"ENSG00000111266.4",435,427,432,522,344,186
"ENSG00000111269.2",178,139,127,177,117,50
"ENSG00000183150.3",17,5,13,13,14,5
"ENSG00000111276.6",1045,919,721,910,754,398
"ENSG00000256658.1",10,11,1,5,0,3
"ENSG00000178878.8",65,53,30,69,57,39
"ENSG00000213782.3",61,44,22,42,43,22
"ENSG00000234498.2",15,13,3,15,16,4
"ENSG00000013588.5",7,3,12,7,17,14
"ENSG00000247498.5",116,88,79,132,95,102
"ENSG00000111291.4",40,45,44,36,54,57
"ENSG00000013583.4",209,193,148,214,115,85
"ENSG00000183935.3",15,11,15,11,7,22
"ENSG00000084444.9",261,260,290,345,278,146
"ENSG00000111305.14",5,11,8,14,9,9
"ENSG00000134531.5",3,4,5,10,17,4
"ENSG00000273079.1",20,21,13,45,40,18
"ENSG00000171681.8",691,686,974,1062,978,707
"ENSG00000121316.6",467,409,273,357,316,128
"ENSG00000070019.3",13,15,16,29,21,14
"ENSG00000246705.3",16,6,10,34,18,12
"ENSG00000084463.3",1167,901,944,1359,1187,747
"ENSG00000182993.3",18,19,21,23,14,11
"ENSG00000179256.2",6,10,4,7,8,10
"ENSG00000111348.4",61,50,242,347,173,82
"ENSG00000134533.2",27,16,58,95,99,32
"ENSG00000151490.9",33,25,64,79,62,47
"ENSG00000151491.8",17,12,14,43,29,6
"ENSG00000023734.6",1285,1202,1026,1312,988,429
"ENSG00000023697.8",125,111,112,172,137,76
"ENSG00000188991.3",26,29,54,49,23,17
"ENSG00000008394.8",131,128,143,210,99,39
"ENSG00000256238.1",24,22,27,53,33,11
"ENSG00000048540.10",16,15,8,10,9,12
"ENSG00000139144.5",23,19,16,31,26,17
"ENSG00000139151.10",9,9,6,25,11,3
"ENSG00000052126.10",416,433,701,804,602,583
"ENSG00000253284.2",58,37,88,71,60,92
"ENSG00000139154.10",389,386,362,379,302,203
"ENSG00000245205.3",70,63,60,79,60,26
"ENSG00000172572.6",7,9,15,21,23,13
"ENSG00000256663.1",161,143,156,209,181,105
"ENSG00000139155.4",20,14,13,15,17,10
"ENSG00000134538.2",14,9,8,14,11,16
"ENSG00000084453.12",402,345,206,289,201,168
"ENSG00000121351.3",25,33,10,21,3,22
"ENSG00000121350.11",101,67,87,129,121,56
"ENSG00000004700.11",608,530,408,562,472,192
"ENSG00000111711.5",383,326,290,328,334,188
"ENSG00000134548.5",0,1,6,10,26,21
"ENSG00000111713.2",17,14,13,28,13,8
"ENSG00000111716.8",8584,7618,6295,8478,6317,2080
"ENSG00000121361.3",85,71,68,96,47,17
"ENSG00000069431.6",16,21,28,42,44,22
"ENSG00000111726.8",1292,1238,812,1029,983,534
"ENSG00000111728.6",46,27,22,28,33,14
"ENSG00000111731.8",800,693,656,814,600,356
"ENSG00000139163.11",1938,1782,1617,2064,1798,993
"ENSG00000256995.2",42,45,13,7,4,5
"ENSG00000256321.1",57,50,13,6,2,4
"ENSG00000115934.11",27,19,4,8,1,4
"ENSG00000134532.11",154,134,50,94,68,39
"ENSG00000060982.10",6306,6025,6780,8662,7722,3566
"ENSG00000268865.1",52,36,31,34,32,24
"ENSG00000118308.10",91,69,313,377,318,166
"ENSG00000118307.14",12,14,13,32,14,15
"ENSG00000205707.6",91,70,85,95,77,32
"ENSG00000133703.7",657,628,566,661,556,437
"ENSG00000152936.6",5,8,4,21,10,6
"ENSG00000123094.11",22,10,13,42,26,10
"ENSG00000123095.5",1,8,4,6,12,10
"ENSG00000123104.7",155,119,342,519,642,590
"ENSG00000064102.10",1088,976,1128,1302,951,578
"ENSG00000111790.9",881,765,671,845,727,518
"ENSG00000247903.1",94,69,86,70,73,57
"ENSG00000064115.6",712,655,470,844,544,232
"ENSG00000152944.4",338,314,214,237,205,134
"ENSG00000211455.3",188,166,250,314,202,122
"ENSG00000029153.10",183,134,9,16,39,25
"ENSG00000110841.9",85,77,1191,1397,1612,1200
"ENSG00000248100.2",6,2,29,18,41,36
"ENSG00000256056.1",2,3,12,3,11,35
"ENSG00000061794.8",1090,999,984,1113,842,363
"ENSG00000205693.3",10,6,9,13,11,7
"ENSG00000087448.5",217,203,254,308,212,154
"ENSG00000087494.11",42,38,38,45,39,11
"ENSG00000123106.6",739,619,648,707,730,556
"ENSG00000247934.3",19,21,10,25,56,30
"ENSG00000064763.6",193,141,335,420,279,195
"ENSG00000257176.1",8,15,21,25,36,28
"ENSG00000087502.13",431,359,407,495,522,297
"ENSG00000187950.4",16,16,6,25,15,6
"ENSG00000133687.11",25,21,10,53,29,9
"ENSG00000133704.5",1207,1091,1159,1393,1025,529
"ENSG00000110888.13",550,507,269,304,288,250
"ENSG00000110900.10",12,22,20,27,25,15
"ENSG00000245614.2",38,37,40,32,45,32
"ENSG00000013573.12",2296,1944,1616,1954,1590,1532
"ENSG00000177359.13",30,40,21,48,43,30
"ENSG00000243517.1",29,23,21,33,25,17
"ENSG00000139146.9",1813,1755,1646,1822,1474,772
"ENSG00000256176.1",33,40,19,18,18,25
"ENSG00000177340.4",328,253,159,176,153,143
"ENSG00000170456.10",581,521,47,85,104,53
"ENSG00000225349.2",17,15,0,0,0,1
"ENSG00000255867.1",57,40,1,5,7,6
"ENSG00000139160.9",47,30,32,28,29,29
"ENSG00000151743.6",114,120,131,145,93,49
"ENSG00000188375.3",19,6,6,23,8,7
"ENSG00000174718.7",1595,1337,1154,1357,1298,1112
"ENSG00000151746.9",386,315,363,413,386,293
"ENSG00000139132.10",28,37,19,54,33,18
"ENSG00000087470.13",1741,1525,1156,1474,1077,717
"ENSG00000257511.1",29,13,19,18,16,15
"ENSG00000139131.8",476,422,416,469,336,200
"ENSG00000057294.9",49,64,141,225,44,34
"ENSG00000110975.4",133,114,12,37,10,4
"ENSG00000139133.2",146,110,86,111,101,55
"ENSG00000175548.4",70,56,41,63,43,21
"ENSG00000139117.9",188,168,92,118,96,56
"ENSG00000139116.13",1080,1058,1147,1520,943,703
"ENSG00000173208.3",6,6,14,29,15,14
"ENSG00000180116.11",59,38,135,166,161,118
"ENSG00000151229.8",591,447,522,586,611,494
"ENSG00000188906.9",70,64,118,217,229,156
"ENSG00000205592.9",1206,866,2967,3051,2587,3709
"ENSG00000018236.10",19,17,17,38,44,7
"ENSG00000165966.10",10,7,7,37,35,7
"ENSG00000151233.6",277,263,217,329,292,190
"ENSG00000015153.10",370,328,375,423,386,316
"ENSG00000134283.13",997,885,851,1144,838,639
"ENSG00000139168.3",711,617,614,671,604,423
"ENSG00000257376.1",12,8,9,10,12,12
"ENSG00000139174.6",48,32,94,114,53,37
"ENSG00000173157.12",59,56,84,160,75,72
"ENSG00000257742.1",92,87,108,96,112,66
"ENSG00000129317.10",371,313,479,499,446,287
"ENSG00000257896.1",26,23,13,19,18,12
"ENSG00000198001.9",279,283,373,413,358,207
"ENSG00000151239.9",326,344,284,330,324,193
"ENSG00000139173.5",59,59,70,119,79,44
"ENSG00000258212.1",14,4,10,21,5,1
"ENSG00000184613.6",16,34,43,46,72,26
"ENSG00000134297.6",33,20,37,66,79,50
"ENSG00000177119.11",1358,1275,1101,1542,1496,706
"ENSG00000273015.1",318,258,334,411,360,245
"ENSG00000189079.11",1925,1641,1729,2112,1724,1544
"ENSG00000265093.1",13,9,14,14,5,13
"ENSG00000270429.1",21,19,18,10,14,14
"ENSG00000139218.13",2557,2270,2927,3365,2663,2151
"ENSG00000111371.11",1703,1489,3316,4347,4563,2717
"ENSG00000134294.9",2943,2651,4825,6210,6318,3483
"ENSG00000258096.1",46,34,46,51,40,34
"ENSG00000257261.1",130,127,106,93,96,65
"ENSG00000257496.1",14,21,21,22,19,16
"ENSG00000272369.1",13,12,13,15,20,17
"ENSG00000272963.1",8,5,17,10,11,12
"ENSG00000271642.1",7,9,10,16,12,11
"ENSG00000139209.11",37,22,48,49,57,56
"ENSG00000139211.5",190,159,129,175,51,31
"ENSG00000179715.8",47,39,58,99,28,15
"ENSG00000258352.1",14,12,7,10,4,0
"ENSG00000247774.2",13,5,9,12,2,4
"ENSG00000005175.5",748,664,763,877,678,552
"ENSG00000257433.1",24,14,11,18,17,11
"ENSG00000111405.4",17,21,19,25,22,25
"ENSG00000079337.11",82,63,79,125,62,52
"ENSG00000211584.9",1043,965,731,898,854,550
"ENSG00000061273.13",4194,3737,4912,6327,3930,3442
"ENSG00000268069.1",13,2,9,10,10,10
"ENSG00000257488.1",3,4,8,10,11,2
"ENSG00000111424.6",58,33,118,142,140,105
"ENSG00000134291.7",497,502,336,501,467,115
"ENSG00000139219.13",32,22,13,84,70,35
"ENSG00000079387.9",992,907,853,991,921,543
"ENSG00000240399.1",15,10,9,8,13,13
"ENSG00000226138.3",22,11,9,12,4,4
"ENSG00000152556.11",1087,909,1200,1474,1016,490
"ENSG00000177981.6",308,320,331,423,314,162
"ENSG00000269514.1",59,57,48,54,119,55
"ENSG00000172640.2",11,6,24,16,16,24
"ENSG00000187166.1",1,3,9,13,15,12
"ENSG00000167528.8",238,222,477,613,466,313
"ENSG00000257763.1",19,8,10,7,14,15
"ENSG00000197376.2",4,3,1,10,19,4
"ENSG00000139620.8",768,609,603,813,667,392
"ENSG00000221491.2",17,24,26,19,27,9
"ENSG00000129315.5",1259,1267,1263,1483,1342,939
"ENSG00000174233.7",131,114,320,383,720,524
"ENSG00000167535.3",67,53,53,89,100,76
"ENSG00000174243.5",2846,2391,2273,2818,2338,1442
"ENSG00000172602.5",21,13,12,7,26,17
"ENSG00000139537.6",61,52,66,75,95,92
"ENSG00000134285.6",163,141,161,200,207,236
"ENSG00000201678.1",11,4,12,2,7,7
"ENSG00000134287.5",1218,1145,1242,1708,1566,902
"ENSG00000169884.9",73,55,44,41,38,31
"ENSG00000125084.7",11,3,4,12,14,1
"ENSG00000181418.7",23,26,72,132,88,43
"ENSG00000257913.1",23,29,31,34,30,20
"ENSG00000181929.7",661,607,520,677,493,222
"ENSG00000167548.10",8054,6626,7354,8344,6620,7739
"ENSG00000167550.6",92,82,78,69,71,27
"ENSG00000139549.2",152,102,15,33,33,18
"ENSG00000139636.11",1360,1212,1004,1197,739,584
"ENSG00000258017.1",22,28,22,26,27,21
"ENSG00000123416.11",11199,10051,7261,10283,7990,1911
"ENSG00000167552.9",479,430,618,805,513,142
"ENSG00000167553.10",4825,4222,4442,6145,4887,1241
"ENSG00000258101.1",11,19,6,11,12,15
"ENSG00000258232.2",7,11,12,14,8,8
"ENSG00000258334.1",19,13,14,16,17,14
"ENSG00000135406.9",8,14,15,25,7,13
"ENSG00000135451.8",1199,1131,940,1045,955,722
"ENSG00000186897.3",44,53,48,83,68,36
"ENSG00000178401.10",14,14,12,30,31,27
"ENSG00000123352.13",636,588,762,903,809,634
"ENSG00000257954.1",38,47,43,39,48,75
"ENSG00000135519.6",51,28,30,55,61,35
"ENSG00000187778.9",1051,901,930,1227,1025,541
"ENSG00000110844.9",190,108,153,206,176,173
"ENSG00000257964.1",22,12,14,21,12,29
"ENSG00000135436.4",43,52,75,81,68,78
"ENSG00000257243.1",7,3,15,8,9,13
"ENSG00000161791.9",402,359,668,896,1003,869
"ENSG00000139644.8",5015,4722,3606,5455,5219,2177
"ENSG00000167566.12",385,410,529,638,694,609
"ENSG00000258057.1",12,19,23,34,22,19
"ENSG00000186666.4",45,49,65,81,80,51
"ENSG00000135472.4",21,22,11,22,51,9
"ENSG00000161798.6",15,4,3,11,4,5
"ENSG00000086159.8",8,4,6,17,19,18
"ENSG00000161800.8",1843,1708,1504,1750,1345,781
"ENSG00000110881.7",38,29,18,67,56,37
"ENSG00000066117.10",1316,1238,1111,1649,1395,832
"ENSG00000167588.8",7,12,17,21,21,11
"ENSG00000178449.4",213,184,189,265,175,60
"ENSG00000272368.1",26,22,29,28,37,35
"ENSG00000139624.8",569,497,463,610,624,529
"ENSG00000050405.9",742,605,802,940,834,592
"ENSG00000257298.1",28,27,38,31,29,39
"ENSG00000257531.2",2,9,7,8,11,10
"ENSG00000269529.1",21,14,20,18,20,25
"ENSG00000203427.1",68,59,44,48,40,26
"ENSG00000185958.5",62,48,45,104,87,53
"ENSG00000161813.16",1567,1281,1359,1639,1539,1003
"ENSG00000066084.8",2193,1933,2717,3588,2509,1458
"ENSG00000123268.4",608,532,578,694,531,304
"ENSG00000185432.10",738,644,694,1007,924,496
"ENSG00000110911.10",1572,1457,1233,1545,1359,891
"ENSG00000050426.11",2040,1856,1379,1672,1345,842
"ENSG00000110925.2",282,263,289,431,339,248
"ENSG00000135457.5",551,410,623,755,629,393
"ENSG00000257246.1",41,23,25,35,25,45
"ENSG00000200953.1",3,1,18,12,9,8
"ENSG00000184271.11",105,95,53,90,103,89
"ENSG00000183283.11",2304,2110,1765,2157,1953,1027
"ENSG00000170545.12",310,277,350,485,407,168
"ENSG00000110934.6",13,6,9,31,14,12
"ENSG00000139610.1",3,9,0,5,10,12
"ENSG00000139629.11",596,583,390,517,735,503
"ENSG00000050438.12",19,34,16,42,39,28
"ENSG00000196876.9",34,32,23,52,52,36
"ENSG00000261308.1",6,17,4,22,22,7
"ENSG00000167612.8",62,31,45,53,75,58
"ENSG00000139567.8",77,48,40,41,66,40
"ENSG00000135503.8",404,377,282,380,372,292
"ENSG00000161835.6",59,59,53,53,89,76
"ENSG00000123358.15",57,54,139,121,188,110
"ENSG00000123395.10",221,139,199,311,267,154
"ENSG00000167767.9",7,10,8,18,17,14
"ENSG00000135480.10",4,14,1,14,4,5
"ENSG00000170442.7",8,11,4,28,27,8
"ENSG00000135477.7",5,2,1,18,19,4
"ENSG00000205426.6",5,2,14,18,20,10
"ENSG00000170523.3",14,21,8,17,20,9
"ENSG00000135443.4",12,11,12,15,9,5
"ENSG00000161850.2",5,9,4,14,14,7
"ENSG00000170454.5",13,3,3,14,20,4
"ENSG00000185479.5",16,17,13,39,31,17
"ENSG00000170465.9",22,13,13,31,30,12
"ENSG00000205420.6",29,32,16,63,35,54
"ENSG00000186081.7",43,22,20,67,25,53
"ENSG00000139648.6",13,10,12,22,17,7
"ENSG00000170484.5",8,5,3,17,12,15
"ENSG00000170486.6",8,8,7,17,13,6
"ENSG00000172867.3",15,22,8,31,26,12
"ENSG00000167768.4",30,27,24,42,56,33
"ENSG00000189182.5",6,4,3,13,28,6
"ENSG00000185069.2",9,8,9,23,20,6
"ENSG00000186442.6",13,9,12,31,22,12
"ENSG00000170477.8",14,3,11,11,17,11
"ENSG00000185640.5",13,9,26,44,71,62
"ENSG00000170423.8",8,3,2,29,21,10
"ENSG00000170421.7",9406,8139,14950,19194,19074,9778
"ENSG00000111057.6",2441,2014,3181,4335,4194,2458
"ENSG00000063046.13",10728,10197,9840,14541,10425,5909
"ENSG00000257475.2",21,34,37,26,39,47
"ENSG00000257337.2",126,90,86,127,99,104
"ENSG00000111077.13",168,114,129,218,268,231
"ENSG00000167778.4",225,184,234,272,276,174
"ENSG00000167779.3",9,4,8,17,17,6
"ENSG00000167780.7",15,6,5,17,17,6
"ENSG00000139631.14",441,394,535,499,472,524
"ENSG00000139651.9",876,711,951,1137,977,662
"ENSG00000139626.11",288,261,403,536,300,167
"ENSG00000172819.12",289,257,180,193,151,76
"ENSG00000182544.8",243,241,151,269,217,105
"ENSG00000135476.7",2551,2110,1930,2469,2014,1462
"ENSG00000123349.9",2715,2556,2490,2951,2319,1230
"ENSG00000257605.1",11,17,10,10,7,9
"ENSG00000139637.9",70,67,71,89,125,98
"ENSG00000094914.8",1420,1395,1280,1752,1358,672
"ENSG00000170374.4",9,7,11,15,18,13
"ENSG00000185591.5",4192,3626,3558,4563,3496,2208
"ENSG00000135409.6",697,649,875,1277,803,397
"ENSG00000205352.6",971,823,919,1185,859,389
"ENSG00000197111.11",4733,3953,3530,4112,3476,1545
"ENSG00000139625.8",401,284,262,386,313,350
"ENSG00000270175.1",19,24,9,24,30,13
"ENSG00000139546.6",726,640,702,845,568,321
"ENSG00000170653.14",536,384,462,611,442,336
"ENSG00000135390.13",2745,2571,2374,3329,2637,817
"ENSG00000012822.11",463,412,679,670,905,878
"ENSG00000123364.3",2,5,13,21,9,9
"ENSG00000123407.3",4,4,10,26,22,15
"ENSG00000180818.4",7,3,20,35,31,13
"ENSG00000197757.7",60,59,73,90,56,68
"ENSG00000250133.2",148,134,125,151,100,76
"ENSG00000180806.4",153,156,176,185,145,171
"ENSG00000250451.1",38,29,35,35,17,31
"ENSG00000037965.4",80,63,70,88,64,66
"ENSG00000260597.1",39,43,58,51,50,57
"ENSG00000172789.3",11,9,14,14,7,11
"ENSG00000248265.1",1,5,11,10,15,6
"ENSG00000250742.1",9,8,10,10,3,20
"ENSG00000260470.1",16,16,16,17,27,23
"ENSG00000257534.1",14,6,15,11,12,12
"ENSG00000123415.10",367,344,415,470,467,241
"ENSG00000094916.9",9313,8728,9291,11654,10200,6089
"ENSG00000257596.1",66,57,54,53,39,50
"ENSG00000258344.1",54,44,51,58,38,46
"ENSG00000135486.13",26451,23795,23471,29722,21997,16476
"ENSG00000123405.9",4115,3756,4191,5519,4061,2527
"ENSG00000111481.5",2799,2723,2182,2812,2234,1100
"ENSG00000258086.1",51,47,38,58,31,48
"ENSG00000139572.3",7,8,6,20,12,11
"ENSG00000161642.13",713,521,1044,1220,1275,1323
"ENSG00000161638.6",5435,5006,5482,7872,7225,4321
"ENSG00000170627.5",1481,1449,1900,2282,2016,849
"ENSG00000123338.8",804,837,1785,2332,1957,924
"ENSG00000257824.1",2,4,16,11,15,7
"ENSG00000123360.7",21,26,27,48,39,37
"ENSG00000135447.12",10,8,7,16,8,11
"ENSG00000135426.10",48,41,371,431,345,273
"ENSG00000179899.7",39,31,28,54,36,40
"ENSG00000170439.5",6,4,3,17,17,5
"ENSG00000135424.11",67,37,55,93,126,104
"ENSG00000258311.1",15,9,7,8,13,4
"ENSG00000135441.3",141,115,98,158,150,48
"ENSG00000135437.5",16,6,9,11,15,14
"ENSG00000135404.7",2588,2655,2165,3138,3053,717
"ENSG00000258056.1",36,32,51,68,66,41
"ENSG00000135414.5",253,281,376,496,380,300
"ENSG00000205323.4",87,84,60,97,80,65
"ENSG00000257509.1",39,21,30,27,20,28
"ENSG00000123353.5",146,113,114,121,108,56
"ENSG00000135392.11",342,314,324,340,358,187
"ENSG00000182796.8",165,134,180,228,187,177
"ENSG00000123342.11",31,40,31,28,63,44
"ENSG00000170473.12",515,478,492,577,540,396
"ENSG00000065357.15",268,252,333,411,323,267
"ENSG00000185664.10",33,36,40,53,42,23
"ENSG00000123374.6",1401,1231,1050,1384,1212,561
"ENSG00000111540.11",500,528,440,629,477,254
"ENSG00000237493.3",22,25,35,20,40,23
"ENSG00000139531.8",528,487,502,620,505,396
"ENSG00000123411.10",629,484,258,305,270,277
"ENSG00000197728.5",1848,1745,1607,2270,1823,376
"ENSG00000065361.10",498,431,533,783,223,178
"ENSG00000170515.9",3923,3240,4162,4900,4491,2555
"ENSG00000229117.4",7314,7401,5859,7379,5858,1054
"ENSG00000135482.2",59,43,69,100,80,56
"ENSG00000139641.8",7959,7064,6287,9231,9846,4200
"ENSG00000258317.1",166,113,109,128,137,137
"ENSG00000196465.6",731,660,667,823,723,412
"ENSG00000092841.14",4957,4330,3822,4753,4493,1887
"ENSG00000258199.1",59,36,38,55,39,25
"ENSG00000139613.7",4076,3517,4069,4584,4486,3470
"ENSG00000181852.13",507,480,785,961,862,451
"ENSG00000139579.8",357,402,305,437,398,174
"ENSG00000139540.7",34,15,17,35,27,23
"ENSG00000139645.9",1791,1470,1766,2292,1697,1472
"ENSG00000135469.9",219,220,247,341,235,110
"ENSG00000062485.14",4549,4125,4467,5630,4774,2373
"ENSG00000257303.1",10,8,9,15,21,11
"ENSG00000257740.1",13,2,9,9,13,10
"ENSG00000257727.1",114,122,132,190,149,106
"ENSG00000135473.10",2232,1901,1682,1988,1678,1464
"ENSG00000110944.4",33,29,85,77,66,71
"ENSG00000170581.9",1698,1460,2216,2645,2165,1526
"ENSG00000175336.8",16,7,8,10,12,5
"ENSG00000111602.7",3457,3139,3031,3653,3187,2042
"ENSG00000135517.6",17,6,6,12,31,9
"ENSG00000176422.10",141,118,120,154,156,77
"ENSG00000135423.8",65,44,57,90,87,46
"ENSG00000076067.7",56,44,137,164,126,91
"ENSG00000076108.7",7342,6671,6854,8824,7335,6093
"ENSG00000110955.4",18465,17363,16862,21580,17736,3868
"ENSG00000207031.1",31,18,11,27,15,9
"ENSG00000110958.11",5396,4676,4885,5903,4568,2065
"ENSG00000241217.2",33,20,30,15,19,4
"ENSG00000196531.6",13435,11863,12427,14827,11704,8639
"ENSG00000198056.9",947,856,828,1004,905,426
"ENSG00000025423.7",14,17,25,46,43,18
"ENSG00000139547.6",9,15,28,34,37,15
"ENSG00000166856.1",11,6,16,29,11,31
"ENSG00000166860.2",692,632,747,956,826,495
"ENSG00000166863.7",26,23,11,24,27,10
"ENSG00000166866.8",20,22,18,35,46,22
"ENSG00000166881.5",2127,1975,1402,1825,1583,1042
"ENSG00000166886.8",535,477,562,789,951,668
"ENSG00000166888.6",1098,1013,1299,1562,1472,1132
"ENSG00000123384.9",378,287,430,661,673,384
"ENSG00000182379.9",28,35,20,33,38,34
"ENSG00000182199.6",2699,2519,2523,3308,3107,1329
"ENSG00000185633.6",39,25,66,82,72,69
"ENSG00000185482.3",38,33,51,79,110,103
"ENSG00000179912.15",592,522,512,677,496,546
"ENSG00000201198.1",10,4,12,9,2,5
"ENSG00000268367.1",11,9,15,17,6,20
"ENSG00000175189.3",9,10,4,11,15,18
"ENSG00000139269.2",35,38,165,250,396,227
"ENSG00000111087.5",24,20,30,43,81,60
"ENSG00000123329.13",27,42,89,110,241,212
"ENSG00000166986.8",3962,3448,4699,6568,5926,2913
"ENSG00000175197.6",521,457,923,1048,1143,857
"ENSG00000208028.1",24,38,61,56,45,39
"ENSG00000166987.10",535,426,668,881,830,1085
"ENSG00000175203.11",2543,2371,2565,2973,2687,1288
"ENSG00000155980.7",1353,1180,2078,2485,2387,2031
"ENSG00000166908.13",401,377,392,538,406,258
"ENSG00000178498.11",17,10,5,15,10,15
"ENSG00000240771.2",184,159,225,278,283,222
"ENSG00000224713.3",37,16,29,52,32,21
"ENSG00000135502.12",28,28,36,43,46,44
"ENSG00000135454.9",306,204,213,303,476,297
"ENSG00000135506.11",1955,1735,1378,2029,1865,1022
"ENSG00000135439.7",28,10,27,51,50,18
"ENSG00000135452.5",223,178,178,335,305,183
"ENSG00000135446.12",1520,1505,1398,1995,1701,305
"ENSG00000139266.5",264,252,179,286,258,181
"ENSG00000111012.5",45,58,63,71,86,61
"ENSG00000037897.12",121,86,124,127,149,105
"ENSG00000123427.11",188,180,196,269,259,131
"ENSG00000123297.12",232,240,233,274,268,104
"ENSG00000135407.6",46,47,42,80,94,104
"ENSG00000175215.5",4119,3820,4096,5852,5264,2846
"ENSG00000257953.1",34,24,23,26,18,14
"ENSG00000245651.2",13,13,8,8,8,4
"ENSG00000257698.1",301,319,314,382,295,118
"ENSG00000166896.3",177,170,160,232,174,115
"ENSG00000139263.7",18,24,11,20,35,10
"ENSG00000118596.7",20,12,1,16,22,8
"ENSG00000198673.6",260,230,196,227,115,121
"ENSG00000258316.1",10,16,10,8,11,8
"ENSG00000135655.9",3477,3227,3346,3751,3116,2025
"ENSG00000200814.1",16,13,24,13,11,24
"ENSG00000061987.10",2341,2050,2369,2601,2309,1850
"ENSG00000257568.1",8,11,16,13,7,8
"ENSG00000221949.2",87,79,74,64,67,52
"ENSG00000199179.1",15,3,4,9,7,10
"ENSG00000111110.7",1555,1333,1112,1368,592,354
"ENSG00000213352.3",15,11,8,17,8,16
"ENSG00000139239.6",220,192,133,195,132,46
"ENSG00000166148.2",11,4,21,28,38,23
"ENSG00000177990.7",12,13,46,49,70,51
"ENSG00000255583.1",0,4,32,35,50,21
"ENSG00000118600.7",119,139,120,237,161,100
"ENSG00000196935.4",21,18,12,39,40,20
"ENSG00000174206.8",93,89,92,119,81,56
"ENSG00000185306.8",16,20,18,39,32,22
"ENSG00000184575.7",5146,4753,6030,7573,5547,3773
"ENSG00000255566.1",20,19,37,23,34,32
"ENSG00000183735.5",558,519,503,633,495,329
"ENSG00000153179.7",732,645,479,687,542,288
"ENSG00000225195.2",12,3,11,3,8,4
"ENSG00000135677.6",1170,974,814,1120,923,450
"ENSG00000111490.8",22,22,13,59,36,12
"ENSG00000156076.5",7,5,7,12,20,10
"ENSG00000174106.2",851,807,773,972,896,647
"ENSG00000174099.6",6,6,9,18,17,12
"ENSG00000250748.2",22,18,78,72,242,176
"ENSG00000255866.1",1,0,11,8,27,18
"ENSG00000256268.1",4,7,14,12,35,18
"ENSG00000256915.1",3,3,8,12,32,10
"ENSG00000213344.2",1,5,13,21,39,16
"ENSG00000241749.3",0,2,23,30,17,7
"ENSG00000149948.9",15,20,2970,3629,2520,1905
"ENSG00000197301.3",4,5,180,185,147,198
"ENSG00000267942.1",0,0,27,13,25,18
"ENSG00000256083.1",0,0,9,17,3,13
"ENSG00000139233.2",124,108,142,127,139,70
"ENSG00000155957.12",143,119,129,173,150,124
"ENSG00000239335.4",69,56,44,80,74,50
"ENSG00000090376.4",14,5,6,23,20,11
"ENSG00000127311.5",201,155,298,304,228,174
"ENSG00000155974.7",17,20,14,31,41,9
"ENSG00000111530.8",3031,2870,3099,3735,2904,1352
"ENSG00000127334.10",468,407,431,562,422,294
"ENSG00000111554.10",170,171,660,722,554,461
"ENSG00000251301.2",4,2,17,19,11,12
"ENSG00000240087.3",8,9,9,12,17,3
"ENSG00000127314.13",1263,1140,2125,2355,1920,1283
"ENSG00000234040.3",64,53,83,51,84,68
"ENSG00000206650.1",25,7,31,32,23,34
"ENSG00000234925.2",62,53,87,67,84,65
"ENSG00000247363.2",20,16,14,22,23,15
"ENSG00000111581.5",2608,2321,2833,3183,2245,1243
"ENSG00000233560.2",108,100,96,98,78,102
"ENSG00000175782.8",285,277,282,418,358,263
"ENSG00000135679.17",1633,1498,1654,2018,2025,1244
"ENSG00000256325.1",19,13,11,12,11,15
"ENSG00000135678.7",9,13,5,14,15,8
"ENSG00000111605.12",2672,2251,2441,3113,2577,1860
"ENSG00000090382.2",258,238,292,457,381,99
"ENSG00000127337.2",412,410,359,411,308,146
"ENSG00000166225.4",252,247,312,401,280,212
"ENSG00000166226.8",4300,4060,3733,4712,3654,1531
"ENSG00000198812.3",5,8,3,11,10,5
"ENSG00000127325.14",71,68,19,35,39,35
"ENSG00000127328.17",420,356,828,930,563,330
"ENSG00000166268.6",10,14,8,32,17,8
"ENSG00000257815.1",65,49,82,76,58,45
"ENSG00000257613.1",2,4,9,13,7,19
"ENSG00000111596.7",1136,1072,1050,1327,1147,733
"ENSG00000135643.4",4,7,81,140,22,12
"ENSG00000258168.1",14,3,67,66,77,41
"ENSG00000127329.10",207,170,841,1073,315,281
"ENSG00000153233.8",76,69,137,173,80,27
"ENSG00000258053.1",64,61,94,112,95,43
"ENSG00000139292.8",18,13,9,13,16,6
"ENSG00000133858.11",2424,2088,2608,2831,2199,2097
"ENSG00000212461.1",18,11,6,2,9,11
"ENSG00000173451.2",104,86,120,111,95,72
"ENSG00000139291.9",150,144,154,173,160,77
"ENSG00000080371.4",519,569,496,578,539,306
"ENSG00000121749.11",801,754,855,972,965,566
"ENSG00000257802.1",16,15,15,27,32,25
"ENSG00000139287.8",21,13,20,42,41,21
"ENSG00000072657.4",15,23,51,70,72,54
"ENSG00000236333.3",4,4,31,40,37,55
"ENSG00000258294.1",22,4,10,6,19,9
"ENSG00000258123.1",43,48,46,28,13,28
"ENSG00000257682.1",17,16,5,6,3,3
"ENSG00000257750.1",7,9,35,42,26,22
"ENSG00000257587.1",3,4,10,24,20,23
"ENSG00000251138.2",112,62,220,318,273,189
"ENSG00000258320.1",96,71,76,120,71,75
"ENSG00000257183.1",33,29,49,62,51,77
"ENSG00000257113.1",8,4,26,9,8,13
"ENSG00000253719.2",1458,1356,1731,2007,1792,1071
"ENSG00000166006.8",6,5,6,17,14,6
"ENSG00000180881.15",11,7,40,50,39,36
"ENSG00000173401.5",5,6,7,24,12,5
"ENSG00000180481.6",2,1,4,19,11,6
"ENSG00000139278.5",44,57,42,48,40,39
"ENSG00000257497.1",5,5,14,8,10,10
"ENSG00000111615.8",412,360,433,400,337,164
"ENSG00000139289.9",161,162,213,264,259,178
"ENSG00000187109.9",9357,8370,6979,8470,6883,5459
"ENSG00000179941.6",173,143,116,164,147,98
"ENSG00000091039.12",2436,2311,3077,3798,3039,1775
"ENSG00000186908.10",769,696,611,705,682,516
"ENSG00000175183.5",33,39,53,63,43,37
"ENSG00000165891.11",420,433,427,558,593,313
"ENSG00000067798.9",40,20,24,91,62,21
"ENSG00000067715.9",28,40,74,111,75,47
"ENSG00000177425.6",11,5,3,10,9,7
"ENSG00000058272.11",2861,2410,2876,3290,2957,2383
"ENSG00000258044.1",20,9,36,21,10,22
"ENSG00000257557.1",17,17,15,12,14,16
"ENSG00000165899.6",30,15,9,46,54,17
"ENSG00000111058.3",11,18,12,14,20,6
"ENSG00000139220.12",10,24,10,29,21,8
"ENSG00000133773.7",423,346,275,446,329,279
"ENSG00000127720.3",19,15,16,35,18,16
"ENSG00000179104.4",21,26,8,24,25,7
"ENSG00000072041.12",12,13,11,32,17,10
"ENSG00000133640.14",15,16,13,39,42,15
"ENSG00000180318.3",5,13,4,16,8,1
"ENSG00000258815.1",52,44,8,11,3,6
"ENSG00000133636.6",14,12,50,73,16,12
"ENSG00000182050.9",2,2,1,14,15,6
"ENSG00000258128.2",13,9,47,37,66,44
"ENSG00000133641.13",303,288,319,373,320,150
"ENSG00000198707.10",1112,909,1070,1105,884,820
"ENSG00000257752.1",10,11,12,11,13,4
"ENSG00000139324.7",354,290,280,427,301,150
"ENSG00000049130.9",7,5,6,15,10,5
"ENSG00000139318.7",3,12,11,18,20,14
"ENSG00000139323.9",372,298,405,425,377,284
"ENSG00000257594.2",33,33,33,40,39,29
"ENSG00000270344.1",9,22,6,16,16,12
"ENSG00000258302.1",15,6,6,5,11,8
"ENSG00000070961.10",1241,1106,935,1279,1205,708
"ENSG00000271614.1",38,35,34,44,46,23
"ENSG00000011465.12",9,8,12,20,24,17
"ENSG00000258100.1",25,22,25,21,44,52
"ENSG00000258125.1",298,271,234,262,282,252
"ENSG00000258224.1",15,7,5,22,12,18
"ENSG00000257893.2",142,109,160,201,165,166
"ENSG00000257863.1",4,8,14,10,24,17
"ENSG00000257242.2",21,38,30,29,38,26
"ENSG00000133639.3",1060,1006,735,1026,781,393
"ENSG00000245904.2",7,11,5,12,12,10
"ENSG00000214215.3",7,3,1,19,11,6
"ENSG00000187510.3",4,6,5,16,10,6
"ENSG00000102189.12",879,734,788,898,798,774
"ENSG00000258012.1",15,14,14,16,14,12
"ENSG00000257195.1",6,7,6,11,20,15
"ENSG00000256393.1",12,9,10,6,4,3
"ENSG00000257512.1",25,31,37,42,51,31
"ENSG00000257252.1",20,22,17,29,48,24
"ENSG00000173598.9",5616,5162,3640,4505,4422,3047
"ENSG00000177889.5",1504,1332,1412,1784,1339,739
"ENSG00000198015.8",952,945,988,1061,869,411
"ENSG00000243015.2",32,21,37,39,17,9
"ENSG00000246985.3",91,104,68,84,41,38
"ENSG00000120833.9",1409,1162,942,1130,417,285
"ENSG00000186076.4",18,16,15,20,16,5
"ENSG00000169372.8",355,295,283,373,327,188
"ENSG00000258274.1",79,47,85,77,60,82
"ENSG00000258303.1",6,0,15,5,8,16
"ENSG00000136040.4",63,61,284,313,150,88
"ENSG00000173588.10",562,456,531,571,451,419
"ENSG00000244391.2",17,18,10,13,20,2
"ENSG00000057704.6",4,10,5,27,34,20
"ENSG00000184752.8",496,481,466,569,446,219
"ENSG00000120798.12",572,483,508,600,491,386
"ENSG00000180263.9",554,440,884,1036,410,332
"ENSG00000028203.13",612,530,670,827,531,373
"ENSG00000111142.9",2391,2147,2235,2723,2192,1328
"ENSG00000136014.7",104,72,110,109,124,69
"ENSG00000074527.7",8,15,11,20,13,6
"ENSG00000139343.6",697,565,602,896,652,183
"ENSG00000165972.8",12,14,4,6,15,6
"ENSG00000084110.6",16,15,5,27,27,13
"ENSG00000111144.5",750,690,770,1002,702,377
"ENSG00000111145.3",106,114,155,182,203,171
"ENSG00000059758.3",1389,1119,1152,1479,1229,958
"ENSG00000257169.1",27,15,14,18,22,37
"ENSG00000188596.5",44,30,22,76,63,33
"ENSG00000139350.7",441,420,534,699,445,245
"ENSG00000257167.2",69,72,51,84,99,55
"ENSG00000120802.9",3353,3020,3098,3462,3014,1742
"ENSG00000264461.1",20,25,11,14,9,12
"ENSG00000075415.8",6361,5810,4471,6191,4853,1678
"ENSG00000212443.1",12,7,25,7,12,28
"ENSG00000166130.10",412,362,296,385,352,253
"ENSG00000120868.9",1152,1051,1262,1666,1255,782
"ENSG00000185046.14",42,31,18,38,49,17
"ENSG00000111647.8",675,571,576,712,517,304
"ENSG00000238105.3",197,150,186,193,151,187
"ENSG00000257489.2",52,57,40,39,45,53
"ENSG00000075089.5",489,495,411,476,429,164
"ENSG00000166153.12",76,63,63,83,74,54
"ENSG00000136021.13",926,864,1118,1300,1171,698
"ENSG00000179520.6",7,8,7,18,13,7
"ENSG00000012504.9",10,3,15,44,25,16
"ENSG00000139354.6",194,174,209,319,159,110
"ENSG00000257803.2",12,17,9,16,9,9
"ENSG00000151572.12",21,10,14,39,35,7
"ENSG00000256870.2",18,11,11,14,22,5
"ENSG00000120800.4",842,708,820,1043,876,519
"ENSG00000120805.9",941,833,902,1072,906,513
"ENSG00000257543.1",17,20,16,19,18,17
"ENSG00000196091.8",15,17,14,21,34,17
"ENSG00000111666.6",1405,1380,1170,1389,1270,634
"ENSG00000199933.1",16,6,5,11,3,15
"ENSG00000139351.10",41,50,66,63,43,94
"ENSG00000111670.10",1178,1052,718,893,683,556
"ENSG00000258230.2",17,7,10,4,8,12
"ENSG00000136048.9",213,198,200,202,325,169
"ENSG00000120860.6",159,157,132,164,144,100
"ENSG00000075188.4",709,676,710,767,622,240
"ENSG00000185480.7",481,445,447,552,443,271
"ENSG00000017427.11",178,116,8,23,16,11
"ENSG00000171759.4",23,25,3,17,19,8
"ENSG00000136011.10",70,51,63,142,96,57
"ENSG00000257681.1",4,2,19,23,17,10
"ENSG00000111696.7",911,808,1437,1768,1160,807
"ENSG00000257754.1",12,4,8,12,11,14
"ENSG00000214198.3",18,11,26,28,14,13
"ENSG00000166598.8",17109,15412,13862,19711,14291,7491
"ENSG00000204954.5",216,262,207,271,215,108
"ENSG00000139372.10",706,596,743,889,828,463
"ENSG00000120820.8",13,10,4,21,25,6
"ENSG00000216285.4",6,10,3,18,15,0
"ENSG00000111727.7",142,108,106,128,109,90
"ENSG00000120837.3",574,522,486,528,405,270
"ENSG00000198431.11",3447,3322,2920,3413,3629,1787
"ENSG00000213442.4",163,164,100,158,120,16
"ENSG00000255150.1",102,80,89,63,70,96
"ENSG00000171310.6",1216,1112,1160,1537,849,708
"ENSG00000258111.1",31,19,18,19,26,19
"ENSG00000136052.5",18,16,131,195,163,110
"ENSG00000151131.5",176,149,166,209,166,74
"ENSG00000136010.9",171,109,743,872,1142,886
"ENSG00000136051.9",581,589,807,1044,695,435
"ENSG00000136044.7",352,327,465,506,398,386
"ENSG00000235162.4",17,7,265,314,234,108
"ENSG00000074590.9",12,11,2,23,19,5
"ENSG00000136026.9",14,21,16,25,61,27
"ENSG00000166046.6",156,130,269,377,497,234
"ENSG00000013503.5",311,243,317,390,370,191
"ENSG00000257545.1",11,15,6,9,11,2
"ENSG00000111783.8",16,17,11,19,25,7
"ENSG00000111785.14",173,165,238,249,263,184
"ENSG00000260329.1",57,51,85,80,82,45
"ENSG00000151135.5",1022,919,1014,1255,1050,625
"ENSG00000120832.5",406,364,377,440,329,285
"ENSG00000008405.7",964,970,689,794,560,364
"ENSG00000151136.10",18,15,10,26,26,9
"ENSG00000136045.7",861,811,887,1027,808,416
"ENSG00000110851.7",585,482,433,664,517,339
"ENSG00000258136.1",30,30,26,33,28,15
"ENSG00000258072.1",1,0,16,21,23,6
"ENSG00000075035.5",443,369,923,1242,668,370
"ENSG00000174600.9",63,48,3,8,11,4
"ENSG00000198855.2",164,135,129,165,123,145
"ENSG00000075856.7",2335,2116,2002,2537,2184,1430
"ENSG00000136003.11",715,633,602,784,661,300
"ENSG00000110876.8",110,121,183,275,280,182
"ENSG00000257221.1",95,93,32,40,29,21
"ENSG00000110880.6",4983,4581,4912,6299,6238,3039
"ENSG00000084112.10",456,379,1161,1395,885,709
"ENSG00000166111.5",10,14,14,21,39,12
"ENSG00000135093.8",277,276,267,314,240,144
"ENSG00000256262.1",10,14,7,10,9,7
"ENSG00000189046.6",287,262,346,408,317,153
"ENSG00000076248.6",603,458,497,684,499,313
"ENSG00000256139.2",12,15,12,18,24,18
"ENSG00000076555.11",130,111,116,197,463,397
"ENSG00000139445.13",12,2,6,23,19,11
"ENSG00000174527.5",16,19,17,38,48,26
"ENSG00000110906.8",564,527,526,727,672,368
"ENSG00000151148.9",1105,948,970,1341,1152,803
"ENSG00000139428.7",678,607,573,682,636,341
"ENSG00000200274.1",16,10,5,1,9,5
"ENSG00000110921.7",873,809,826,1021,925,707
"ENSG00000139438.5",23,17,11,19,40,26
"ENSG00000111199.6",18,8,10,15,22,16
"ENSG00000139433.5",155,135,217,265,268,153
"ENSG00000139437.13",601,494,510,656,544,501
"ENSG00000139436.16",684,588,754,944,749,558
"ENSG00000076513.12",1489,1327,1481,1809,1582,1016
"ENSG00000174456.9",389,408,457,577,388,239
"ENSG00000122970.11",231,167,315,373,313,258
"ENSG00000174437.12",8443,7587,6168,8200,6459,3781
"ENSG00000196510.8",1422,1398,1375,1662,1295,843
"ENSG00000258210.1",8,9,14,12,9,6
"ENSG00000258011.2",22,10,7,17,15,10
"ENSG00000111229.11",1655,1464,1396,1576,1466,565
"ENSG00000111231.4",597,565,516,652,444,128
"ENSG00000204856.7",409,321,338,461,288,174
"ENSG00000111237.14",630,559,677,897,781,292
"ENSG00000151164.14",40,44,56,47,51,9
"ENSG00000196850.4",486,491,468,528,483,318
"ENSG00000204852.11",153,156,138,186,160,72
"ENSG00000122986.9",26,20,40,51,47,20
"ENSG00000186298.7",2778,2787,2735,2936,2505,1246
"ENSG00000173093.8",19,10,2,7,16,8
"ENSG00000258240.1",0,0,46,78,90,61
"ENSG00000111249.9",23,26,17,62,35,18
"ENSG00000198324.10",156,182,172,283,223,144
"ENSG00000111252.6",2291,2122,3027,3845,3518,2852
"ENSG00000204842.10",3077,2617,2400,2992,2352,2239
"ENSG00000272215.1",11,7,8,26,1,4
"ENSG00000238168.4",57,49,62,36,60,42
"ENSG00000258099.1",10,15,5,18,11,8
"ENSG00000089234.11",932,811,987,1177,1027,625
"ENSG00000258359.1",16,6,17,10,8,18
"ENSG00000111271.10",923,858,959,1114,944,830
"ENSG00000111275.8",745,731,756,1046,674,316
"ENSG00000234608.3",108,60,133,132,128,49
"ENSG00000089022.9",751,618,784,952,812,668
"ENSG00000244060.2",17,5,9,10,23,18
"ENSG00000270018.1",20,11,11,33,18,21
"ENSG00000229186.3",113,76,178,186,174,218
"ENSG00000226469.1",68,54,41,30,51,23
"ENSG00000198270.8",643,558,286,378,378,301
"ENSG00000258373.1",27,14,7,7,9,25
"ENSG00000257624.1",27,19,16,8,7,9
"ENSG00000089248.6",2151,2134,1231,1767,1548,724
"ENSG00000111300.5",2073,1879,1947,2217,1678,1370
"ENSG00000258323.1",23,19,30,19,34,21
"ENSG00000135148.7",1370,1203,1574,2001,1513,778
"ENSG00000173064.6",5560,5052,5263,5835,5141,4820
"ENSG00000201428.1",106,147,103,151,226,85
"ENSG00000213152.5",15,16,25,25,34,29
"ENSG00000089009.11",12213,11043,12231,14398,11901,6368
"ENSG00000179295.11",3449,3189,3474,4433,3401,2139
"ENSG00000089169.10",22,19,10,26,20,16
"ENSG00000111331.8",34,41,487,661,712,380
"ENSG00000111335.8",23,33,12,39,43,11
"ENSG00000135144.3",10,4,9,21,28,9
"ENSG00000111344.7",13,20,7,35,47,29
"ENSG00000123064.8",2885,2649,2101,2826,2229,1288
"ENSG00000139405.11",465,460,522,704,515,304
"ENSG00000166578.5",33,29,43,51,39,35
"ENSG00000186815.8",1245,1054,1737,2006,1772,1714
"ENSG00000089060.7",851,818,1063,1305,1171,833
"ENSG00000151176.3",1297,1144,754,1105,892,520
"ENSG00000135094.6",22,17,14,38,34,29
"ENSG00000139410.10",126,106,117,157,150,69
"ENSG00000089116.3",17,8,10,19,27,6
"ENSG00000249550.2",125,132,354,410,478,280
"ENSG00000122965.6",1249,1204,1331,1465,1605,1364
"ENSG00000089225.15",19,10,14,21,12,2
"ENSG00000135111.10",83,76,14,27,32,17
"ENSG00000123066.3",6345,5922,5066,6549,4379,3321
"ENSG00000258034.1",9,7,15,16,7,8
"ENSG00000200665.1",15,8,12,3,14,8
"ENSG00000257979.1",27,15,14,21,12,14
"ENSG00000258337.1",42,60,46,31,21,25
"ENSG00000196668.3",106,113,84,130,57,51
"ENSG00000258102.1",12,14,6,0,1,5
"ENSG00000171471.5",11,16,6,6,11,9
"ENSG00000257883.1",2,5,24,19,8,12
"ENSG00000111412.4",222,218,231,333,345,125
"ENSG00000135119.10",461,399,539,711,941,558
"ENSG00000174989.8",597,516,591,814,600,487
"ENSG00000257279.1",48,31,27,41,42,35
"ENSG00000088992.13",781,729,550,554,543,355
"ENSG00000135108.10",485,457,411,516,432,202
"ENSG00000089250.14",51,56,30,116,109,31
"ENSG00000171435.9",21,29,7,40,44,27
"ENSG00000111445.9",1358,1116,1125,1389,1039,627
"ENSG00000176871.4",1090,1082,880,1314,1160,525
"ENSG00000176834.9",93,69,53,63,50,57
"ENSG00000089220.4",2189,2033,2038,2388,1578,701
"ENSG00000135090.9",1173,1020,1396,1623,1432,1393
"ENSG00000240342.2",1676,1367,881,1421,1034,270
"ENSG00000111707.7",1329,1258,1138,1507,1301,790
"ENSG00000139767.4",11,10,13,18,15,5
"ENSG00000183273.2",4,14,7,17,22,7
"ENSG00000111725.6",2051,1877,1849,2346,2130,1301
"ENSG00000122966.9",3880,3481,3262,3658,3250,2891
"ENSG00000135127.7",22,16,17,38,60,16
"ENSG00000111737.7",774,648,675,888,895,528
"ENSG00000089154.6",11693,10372,10791,13777,11577,6069
"ENSG00000263913.1",4,13,8,7,12,9
"ENSG00000089157.11",56646,56199,41124,54905,41412,6461
"ENSG00000255857.1",93,56,72,70,68,55
"ENSG00000089159.11",2374,2116,2141,3070,3129,2337
"ENSG00000240925.1",16,3,11,9,12,12
"ENSG00000202538.1",250,233,219,136,187,214
"ENSG00000200795.1",160,130,164,118,183,206
"ENSG00000089163.4",29,29,40,56,45,20
"ENSG00000135097.2",3,11,11,19,10,4
"ENSG00000111775.2",727,710,649,822,703,212
"ENSG00000170855.3",277,274,274,296,262,75
"ENSG00000257218.1",339,271,268,329,272,198
"ENSG00000111786.4",2439,2345,2086,2653,2596,1308
"ENSG00000088986.6",1236,1191,1137,1479,1427,479
"ENSG00000248008.2",75,63,70,106,88,60
"ENSG00000110871.10",324,284,356,479,357,163
"ENSG00000241030.1",11,11,12,7,12,11
"ENSG00000022840.11",2866,2674,2774,3438,3194,2115
"ENSG00000167272.6",266,225,215,201,192,123
"ENSG00000157782.5",19,4,11,27,25,14
"ENSG00000110917.3",2760,2513,2841,3918,2823,1778
"ENSG00000175970.7",868,799,824,1186,889,472
"ENSG00000122971.4",606,464,421,591,480,251
"ENSG00000157837.11",520,508,452,586,489,412
"ENSG00000213137.3",45,31,18,27,20,45
"ENSG00000135100.13",39,37,22,56,49,27
"ENSG00000271769.1",11,4,12,9,9,10
"ENSG00000157895.7",204,174,210,262,244,165
"ENSG00000135114.8",10,6,4,21,19,6
"ENSG00000089041.12",17,16,18,42,41,29
"ENSG00000135124.10",372,347,314,393,447,280
"ENSG00000110931.14",1047,949,999,1313,1092,784
"ENSG00000089053.8",4451,3859,3834,4668,3697,2453
"ENSG00000170633.12",618,506,540,680,544,343
"ENSG00000089094.12",2061,1882,1439,1810,1531,1175
"ENSG00000256742.1",13,16,16,18,11,28
"ENSG00000182500.7",406,402,321,436,377,202
"ENSG00000139714.8",20,25,18,47,34,39
"ENSG00000188735.8",473,395,654,704,651,569
"ENSG00000139725.3",148,94,116,159,176,205
"ENSG00000212694.4",577,500,586,643,703,709
"ENSG00000272849.1",98,84,115,151,129,142
"ENSG00000139718.6",1128,985,1136,1329,1293,1533
"ENSG00000158104.7",30,22,9,16,12,11
"ENSG00000110801.9",407,332,286,296,245,147
"ENSG00000158023.5",540,473,449,586,442,395
"ENSG00000110987.4",827,694,557,721,565,390
"ENSG00000256546.1",186,166,345,387,367,245
"ENSG00000175727.9",5434,4708,6191,7208,7142,7304
"ENSG00000158113.8",18,13,11,38,22,9
"ENSG00000176383.8",124,126,104,155,124,106
"ENSG00000184047.11",320,285,308,353,303,177
"ENSG00000139719.5",137,120,126,124,143,59
"ENSG00000130779.15",1246,1130,1486,1570,1438,1417
"ENSG00000256304.1",46,22,27,36,32,41
"ENSG00000257097.1",13,30,16,46,31,13
"ENSG00000033030.9",996,897,993,1088,998,851
"ENSG00000252192.1",9,9,18,8,4,16
"ENSG00000111011.13",2747,2282,2118,2475,2063,1835
"ENSG00000184445.7",5556,5037,4059,4352,4052,3250
"ENSG00000196917.4",7,10,2,20,10,12
"ENSG00000182782.7",5,5,4,10,11,3
"ENSG00000139726.6",1042,930,1194,1708,1327,746
"ENSG00000130783.9",22,33,64,83,70,82
"ENSG00000130787.9",838,770,903,1049,916,812
"ENSG00000139722.2",640,601,1066,1333,995,727
"ENSG00000150967.13",336,320,561,724,631,495
"ENSG00000111325.12",125,99,125,135,132,88
"ENSG00000182196.9",28,25,17,25,19,25
"ENSG00000090975.8",581,463,1089,1353,1301,1400
"ENSG00000251497.2",17,24,38,41,33,65
"ENSG00000051825.10",1817,1544,1432,1650,1377,1205
"ENSG00000130921.3",570,458,593,656,616,479
"ENSG00000235423.4",48,18,18,36,35,26
"ENSG00000111328.2",332,321,290,452,320,147
"ENSG00000139697.7",4476,3881,4121,5249,3876,2808
"ENSG00000256092.2",166,132,124,114,111,89
"ENSG00000183955.8",2561,2349,2628,3039,2470,2263
"ENSG00000150977.9",200,211,301,390,375,237
"ENSG00000184209.14",374,303,338,466,341,305
"ENSG00000188026.7",357,299,328,420,346,299
"ENSG00000247373.2",97,87,78,106,77,66
"ENSG00000086598.6",1110,1013,1359,1320,1431,999
"ENSG00000111364.11",1039,991,1091,1208,981,851
"ENSG00000206897.1",6,9,11,13,7,11
"ENSG00000111361.8",880,821,921,1120,904,556
"ENSG00000111358.9",597,568,687,818,616,408
"ENSG00000168778.7",287,231,183,255,209,99
"ENSG00000185344.9",1877,1625,1938,2584,2185,1488
"ENSG00000239215.1",7,8,18,12,13,10
"ENSG00000197653.10",103,54,61,168,136,63
"ENSG00000119242.4",143,151,290,394,324,285
"ENSG00000250091.2",4,7,5,24,12,11
"ENSG00000270130.1",5,9,13,18,9,13
"ENSG00000270048.1",7,3,6,10,16,9
"ENSG00000269997.1",21,10,29,19,32,42
"ENSG00000269938.1",22,14,19,23,11,22
"ENSG00000270061.1",18,13,26,18,15,20
"ENSG00000270095.1",9,18,10,13,10,21
"ENSG00000179195.11",1221,1132,1489,1825,1609,1147
"ENSG00000196498.9",5171,4835,5645,6672,5244,7142
"ENSG00000214650.2",19,15,19,10,10,30
"ENSG00000073060.11",7454,6380,3588,4364,3959,3070
"ENSG00000150991.10",15135,12450,10990,13909,12778,6530
"ENSG00000150990.3",1059,872,1021,1368,1192,814
"ENSG00000184992.10",1100,1037,932,1337,803,541
"ENSG00000081760.12",801,690,543,743,780,555
"ENSG00000139364.6",17,14,15,53,56,17
"ENSG00000249345.2",70,45,66,26,44,56
"ENSG00000256001.1",306,283,170,226,183,128
"ENSG00000239776.2",1,16,9,3,28,37
"ENSG00000181234.8",17,25,12,34,39,20
"ENSG00000139370.6",315,291,296,282,318,192
"ENSG00000151948.7",13,4,3,12,21,4
"ENSG00000151952.10",21,10,14,32,47,8
"ENSG00000249196.2",565,490,567,721,785,292
"ENSG00000125207.3",10,15,15,19,22,17
"ENSG00000060709.9",16,9,21,30,25,7
"ENSG00000111450.9",1473,1231,1251,1401,1112,1187
"ENSG00000256250.1",21,11,16,8,14,10
"ENSG00000132341.7",7957,7340,7102,9294,7205,1941
"ENSG00000111452.8",123,148,1233,1654,1183,897
"ENSG00000256151.1",1,0,28,50,6,6
"ENSG00000268091.1",1,0,18,15,20,26
"ENSG00000256810.1",4,5,22,8,16,42
"ENSG00000204603.2",6,5,317,468,309,227
"ENSG00000230294.4",4,0,3,10,22,14
"ENSG00000256209.1",2,3,87,75,80,53
"ENSG00000256258.1",56,42,105,147,213,207
"ENSG00000061936.5",2119,1754,1789,2152,2072,1907
"ENSG00000255933.1",49,35,44,43,50,79
"ENSG00000198598.2",563,395,1089,1319,1620,1418
"ENSG00000177169.5",1723,1416,1546,1699,1741,1954
"ENSG00000255992.1",11,4,1,13,7,7
"ENSG00000177192.9",457,379,537,618,587,527
"ENSG00000183495.9",5258,4336,5390,6326,6126,5594
"ENSG00000271905.1",32,18,20,30,28,32
"ENSG00000208892.1",8,25,36,8,29,43
"ENSG00000185684.8",656,483,547,562,567,684
"ENSG00000185163.5",553,543,661,846,656,711
"ENSG00000184967.2",546,494,510,713,558,331
"ENSG00000182870.8",9,13,9,17,17,5
"ENSG00000269676.1",12,8,12,46,48,36
"ENSG00000112787.8",1017,900,1105,1255,1117,1671
"ENSG00000204583.5",8,3,4,23,10,11
"ENSG00000187848.8",60,56,37,72,57,70
"ENSG00000177084.12",8302,7210,6640,7651,7242,6237
"ENSG00000176894.5",282,284,226,258,264,128
"ENSG00000247077.2",1319,1059,1057,1401,1096,702
"ENSG00000176915.10",2333,1982,2288,2630,2464,2310
"ENSG00000256108.1",6,8,7,21,12,13
"ENSG00000090615.8",5827,5043,6735,7538,7184,7410
"ENSG00000072609.13",854,688,700,986,974,771
"ENSG00000232888.3",129,113,120,154,164,87
"ENSG00000196458.6",11,6,129,163,136,170
"ENSG00000198393.3",24,21,54,53,66,51
"ENSG00000198040.6",33,47,61,100,108,65
"ENSG00000196387.5",65,53,98,111,177,87
"ENSG00000214029.3",88,114,134,136,154,151
"ENSG00000256223.1",93,110,88,124,111,68
"ENSG00000090612.16",105,87,160,171,251,129
"ENSG00000227059.2",7,8,4,15,10,8
"ENSG00000235876.2",11,9,7,9,10,2
"ENSG00000206192.7",25,29,11,26,22,13
"ENSG00000226057.2",925,740,29,30,28,41
"ENSG00000232685.3",110,106,3,0,2,5
"ENSG00000229375.1",167,133,5,5,3,7
"ENSG00000187721.7",68,64,3,7,5,4
"ENSG00000226619.1",19,17,0,1,0,0
"ENSG00000252287.1",15,15,0,0,0,0
"ENSG00000224778.1",197,190,3,6,10,14
"ENSG00000234894.1",22,13,1,0,0,0
"ENSG00000229147.1",42,25,0,3,4,1
"ENSG00000198033.7",24,14,62,143,189,60
"ENSG00000121388.4",0,0,12,6,20,3
"ENSG00000224976.2",14,5,3,18,22,5
"ENSG00000237164.1",19,14,13,14,15,9
"ENSG00000132958.13",8,11,8,27,12,7
"ENSG00000196199.9",907,685,938,1149,1050,900
"ENSG00000226352.2",1,5,6,16,12,2
"ENSG00000121390.13",1689,1385,1106,1322,1101,738
"ENSG00000269591.1",17,19,21,19,7,19
"ENSG00000265624.1",6,18,7,13,11,5
"ENSG00000132950.14",222,226,198,241,201,140
"ENSG00000223576.2",7,5,12,11,10,9
"ENSG00000121741.12",2049,1696,1772,1997,1529,1254
"ENSG00000237672.1",49,43,36,42,28,30
"ENSG00000121743.3",8,20,39,63,58,31
"ENSG00000165474.5",5,2,2,17,11,5
"ENSG00000165475.9",191,157,161,226,137,35
"ENSG00000032742.13",219,264,203,236,230,173
"ENSG00000238286.1",22,13,13,9,16,16
"ENSG00000172458.4",23,23,6,11,18,11
"ENSG00000150456.6",30,18,49,51,67,22
"ENSG00000132953.12",1026,897,826,1081,974,609
"ENSG00000213621.3",24,19,13,18,16,3
"ENSG00000150457.7",221,171,142,180,208,142
"ENSG00000150459.8",810,713,620,902,769,306
"ENSG00000165480.11",351,294,365,452,396,193
"ENSG00000173141.4",371,344,304,388,363,128
"ENSG00000233325.3",15,30,17,16,11,19
"ENSG00000215571.4",6,7,5,14,12,1
"ENSG00000180776.11",255,268,249,292,208,121
"ENSG00000165487.9",540,433,419,508,371,222
"ENSG00000226525.4",10,10,8,11,8,3
"ENSG00000151835.9",1596,1328,1336,1473,1115,789
"ENSG00000127863.11",10,8,5,17,19,6
"ENSG00000027001.7",276,248,169,247,197,86
"ENSG00000196593.5",54,23,70,102,20,56
"ENSG00000182957.11",27,26,7,17,20,3
"ENSG00000102699.5",1401,1170,1618,1919,1559,990
"ENSG00000075673.7",12,20,12,26,33,14
"ENSG00000132972.14",30,29,672,803,656,519
"ENSG00000151849.10",921,739,1040,1174,1256,1168
"ENSG00000151846.7",22,14,14,28,40,15
"ENSG00000165566.11",9,11,7,23,23,8
"ENSG00000139505.10",214,212,182,225,180,81
"ENSG00000139496.11",2672,2413,2043,2311,2089,1353
"ENSG00000132932.12",33,34,24,38,20,21
"ENSG00000127870.12",567,471,449,563,625,335
"ENSG00000132964.7",623,471,476,702,540,284
"ENSG00000132970.8",17,14,17,40,26,14
"ENSG00000132975.6",1,3,5,17,10,3
"ENSG00000152484.9",823,808,475,552,565,361
"ENSG00000232162.1",24,21,13,12,15,14
"ENSG00000122026.6",5168,5637,4804,5467,4721,1115
"ENSG00000122035.6",54,39,17,12,24,19
"ENSG00000122034.8",1213,1037,866,1085,965,516
"ENSG00000122033.10",290,218,215,239,206,153
"ENSG00000139517.6",222,174,187,215,228,97
"ENSG00000186184.11",1606,1457,1191,1520,1073,542
"ENSG00000169840.4",5,4,3,13,13,6
"ENSG00000122025.10",27,13,14,34,16,11
"ENSG00000261485.1",39,21,23,38,46,22
"ENSG00000152520.9",1093,970,879,1038,952,850
"ENSG00000232587.1",86,57,65,80,54,72
"ENSG00000102755.6",95,83,54,79,288,170
"ENSG00000132963.7",836,852,845,1246,1244,241
"ENSG00000139508.10",21,13,9,13,32,21
"ENSG00000233588.1",11,11,6,13,15,6
"ENSG00000132938.14",31,16,56,53,42,25
"ENSG00000139514.8",2033,1866,2255,3299,2913,1711
"ENSG00000122042.9",80,74,65,70,74,38
"ENSG00000102781.9",475,401,377,422,365,303
"ENSG00000215049.3",20,11,9,6,3,7
"ENSG00000189403.10",4420,3862,3591,3978,3207,1948
"ENSG00000132952.7",300,287,324,379,334,220
"ENSG00000102802.5",9,8,5,14,11,2
"ENSG00000120694.15",960,847,741,903,984,508
"ENSG00000187676.7",100,104,111,171,121,76
"ENSG00000133105.3",13,7,4,12,16,5
"ENSG00000073910.15",51,45,38,93,92,48
"ENSG00000189167.7",12,8,7,11,13,2
"ENSG00000139618.10",482,411,505,539,620,459
"ENSG00000139597.12",8,13,5,19,17,8
"ENSG00000244754.4",1125,954,1090,1140,1098,1042
"ENSG00000083642.14",955,842,969,1063,886,615
"ENSG00000133116.6",17,15,9,34,23,11
"ENSG00000133121.16",21,24,32,54,84,49
"ENSG00000133119.8",700,641,606,798,613,310
"ENSG00000172915.14",37,35,27,77,73,18
"ENSG00000133083.10",24,25,17,57,75,20
"ENSG00000120669.11",30,23,53,37,45,28
"ENSG00000242715.3",85,50,99,96,58,42
"ENSG00000133104.8",958,795,803,1059,908,447
"ENSG00000133101.5",5,10,3,16,6,8
"ENSG00000133111.3",75,73,69,101,84,46
"ENSG00000120693.9",15,12,4,10,18,11
"ENSG00000120697.4",251,258,216,269,248,107
"ENSG00000120699.8",609,574,596,769,596,354
"ENSG00000102710.15",1060,886,975,1129,827,564
"ENSG00000133110.10",5,7,6,22,21,3
"ENSG00000133107.10",17,7,7,33,32,9
"ENSG00000120686.7",531,455,573,638,540,420
"ENSG00000150893.9",30,34,21,61,52,24
"ENSG00000133115.7",6,2,6,12,11,1
"ENSG00000120685.15",851,711,652,885,764,613
"ENSG00000188811.8",398,341,353,440,331,205
"ENSG00000133103.12",433,420,538,724,463,254
"ENSG00000150907.6",123,112,22,23,34,16
"ENSG00000102738.6",355,305,253,328,285,173
"ENSG00000102743.10",326,257,199,284,205,69
"ENSG00000207652.1",50,43,39,26,29,14
"ENSG00000120690.9",877,753,1029,1243,1099,709
"ENSG00000229473.2",23,26,20,15,26,29
"ENSG00000120688.7",231,170,234,250,216,152
"ENSG00000165572.6",263,300,257,307,258,123
"ENSG00000120696.8",259,266,253,338,247,145
"ENSG00000120662.11",206,185,212,282,166,143
"ENSG00000172766.14",378,381,281,343,352,213
"ENSG00000102760.12",182,171,134,178,250,109
"ENSG00000102763.11",916,853,1107,1249,1057,826
"ENSG00000229696.1",16,17,14,17,14,8
"ENSG00000102780.12",372,333,461,604,533,450
"ENSG00000237263.1",22,9,11,22,19,15
"ENSG00000023516.7",1945,1744,1929,2257,2366,1667
"ENSG00000120659.10",2,3,5,13,11,7
"ENSG00000133106.10",25,14,7,25,20,13
"ENSG00000120675.4",13,5,77,93,79,41
"ENSG00000120658.8",8,6,8,32,30,8
"ENSG00000151773.8",1,2,19,13,24,13
"ENSG00000179630.6",9,10,9,26,16,16
"ENSG00000179611.2",12,15,12,28,19,7
"ENSG00000102804.10",909,699,1943,2540,2021,1293
"ENSG00000083635.7",145,126,126,169,136,94
"ENSG00000133114.13",414,369,395,398,316,297
"ENSG00000265802.1",10,6,4,14,4,9
"ENSG00000188342.7",550,458,763,841,624,393
"ENSG00000180332.5",30,19,29,40,17,32
"ENSG00000253051.1",30,28,30,23,29,27
"ENSG00000133112.12",9325,8714,6881,8072,6720,2635
"ENSG00000170919.11",260,213,210,215,259,279
"ENSG00000228886.1",8,15,22,22,28,31
"ENSG00000174032.12",116,117,95,114,91,61
"ENSG00000136152.10",644,456,542,617,546,416
"ENSG00000165837.7",19,6,9,31,17,8
"ENSG00000174015.5",6,4,3,21,13,10
"ENSG00000123200.12",1414,1251,1473,1889,1459,1169
"ENSG00000235903.3",3,4,14,11,17,15
"ENSG00000080618.9",14,11,10,27,24,25
"ENSG00000136167.9",4320,3916,4714,6021,4485,2028
"ENSG00000173988.8",4,6,7,14,22,9
"ENSG00000102445.14",3,10,2,13,17,12
"ENSG00000136141.10",483,333,366,535,427,328
"ENSG00000139684.9",1225,1186,1167,1378,991,378
"ENSG00000102468.6",9,6,10,17,13,3
"ENSG00000136143.9",378,347,351,439,348,130
"ENSG00000136159.3",141,147,173,216,160,59
"ENSG00000136146.10",198,183,200,251,148,134
"ENSG00000136156.8",543,522,805,1105,985,360
"ENSG00000231473.2",18,20,12,26,13,9
"ENSG00000139687.9",737,654,821,1094,876,550
"ENSG00000238086.4",38,30,29,32,59,38
"ENSG00000139679.11",32,32,33,61,44,70
"ENSG00000136161.8",33,25,30,70,67,21
"ENSG00000225131.1",7,3,13,18,1,6
"ENSG00000102531.12",874,803,886,1103,846,555
"ENSG00000223724.1",12,10,12,15,2,15
"ENSG00000102539.4",9,12,10,12,9,6
"ENSG00000102543.10",87,92,91,122,107,63
"ENSG00000102547.14",93,62,47,49,26,11
"ENSG00000136169.12",446,365,343,466,270,190
"ENSG00000136147.12",60,59,94,142,98,65
"ENSG00000136144.7",301,275,227,315,213,111
"ENSG00000152213.3",12,19,39,55,42,29
"ENSG00000123179.9",489,458,241,377,274,77
"ENSG00000102753.5",690,648,539,600,482,248
"ENSG00000123178.10",189,157,163,232,180,93
"ENSG00000204977.5",455,400,336,428,366,224
"ENSG00000198553.4",12,16,30,6,24,20
"ENSG00000231607.4",167,104,122,121,164,109
"ENSG00000176124.7",780,593,784,904,729,551
"ENSG00000214359.3",20,10,29,9,29,17
"ENSG00000232150.3",8,6,5,18,4,11
"ENSG00000223676.1",9,11,11,7,11,3
"ENSG00000229323.1",26,28,40,37,57,43
"ENSG00000186047.9",27,26,42,64,71,66
"ENSG00000237152.2",6,5,7,9,12,12
"ENSG00000233672.2",31,30,25,34,10,18
"ENSG00000136104.14",461,421,397,524,469,215
"ENSG00000123201.10",11,9,21,18,16,42
"ENSG00000150510.11",8,14,8,24,18,3
"ENSG00000253309.2",26,20,38,50,39,34
"ENSG00000102786.10",699,599,751,899,907,702
"ENSG00000270101.1",13,12,27,34,42,11
"ENSG00000236778.3",14,7,20,29,22,16
"ENSG00000224892.2",7,2,7,3,13,13
"ENSG00000139668.7",524,415,490,618,439,349
"ENSG00000224451.2",14,10,15,7,23,7
"ENSG00000102796.6",89,73,57,89,114,71
"ENSG00000231856.1",14,9,17,8,17,9
"ENSG00000232872.2",30,21,41,46,30,39
"ENSG00000123191.9",2259,1837,1723,2271,1458,1088
"ENSG00000236044.1",20,11,13,17,16,3
"ENSG00000253710.1",195,157,198,210,184,153
"ENSG00000253797.2",313,263,353,413,415,368
"ENSG00000197168.7",32,17,35,59,33,31
"ENSG00000136098.12",50,55,60,53,53,34
"ENSG00000243406.2",56,51,42,53,51,47
"ENSG00000272281.2",150,134,265,301,261,315
"ENSG00000136114.11",19,15,41,67,79,36
"ENSG00000136100.8",825,749,622,747,459,387
"ENSG00000136108.10",1033,858,857,995,750,503
"ENSG00000139675.10",32,34,39,41,36,36
"ENSG00000165416.10",871,694,700,866,725,499
"ENSG00000136099.9",18,7,11,25,23,15
"ENSG00000102837.6",15,1,4,15,9,2
"ENSG00000136149.6",44,35,33,73,43,22
"ENSG00000118946.7",18,14,13,29,32,7
"ENSG00000139734.13",1448,1282,1450,1678,1252,899
"ENSG00000227528.1",8,10,7,5,11,5
"ENSG00000223815.1",25,15,22,23,13,5
"ENSG00000083544.9",274,266,288,345,278,179
"ENSG00000197991.10",18,7,9,12,15,7
"ENSG00000237849.1",62,28,63,54,55,69
"ENSG00000227674.1",215,205,269,297,277,217
"ENSG00000184226.10",60,68,62,109,80,35
"ENSG00000237534.1",4,14,11,6,36,27
"ENSG00000224640.1",0,0,6,13,9,24
"ENSG00000165659.12",29,22,39,74,33,29
"ENSG00000204899.5",274,222,232,268,184,104
"ENSG00000136122.11",291,335,208,289,241,153
"ENSG00000083520.10",1328,1088,1114,1319,1136,672
"ENSG00000083535.11",544,469,639,692,471,445
"ENSG00000102554.9",26,23,34,46,38,19
"ENSG00000118922.12",4,10,2,17,0,6
"ENSG00000214249.3",11,5,9,26,20,10
"ENSG00000136111.8",529,496,1699,2265,1024,739
"ENSG00000188243.8",184,245,200,227,162,23
"ENSG00000118939.13",49,41,55,69,39,19
"ENSG00000261553.1",10,7,11,19,14,5
"ENSG00000261105.1",2,5,10,7,10,3
"ENSG00000136153.15",149,133,339,440,270,240
"ENSG00000178695.4",23,23,15,31,30,8
"ENSG00000102794.5",8,9,7,14,11,1
"ENSG00000102805.9",89,94,78,135,87,34
"ENSG00000005812.6",333,310,276,287,283,178
"ENSG00000005810.13",1822,1564,2033,2449,2045,1575
"ENSG00000136155.12",12,9,6,23,14,9
"ENSG00000139737.17",17,6,12,45,21,8
"ENSG00000136160.10",13,23,50,86,63,39
"ENSG00000152192.6",156,130,111,192,139,130
"ENSG00000152193.7",122,125,148,198,188,112
"ENSG00000139746.11",1288,1022,1309,1650,1246,993
"ENSG00000252496.1",17,12,12,8,7,13
"ENSG00000227354.2",14,31,25,30,33,23
"ENSG00000102471.9",488,463,398,577,418,185
"ENSG00000136158.6",249,221,270,393,276,165
"ENSG00000226683.2",7,8,17,23,14,20
"ENSG00000229309.2",82,42,7,5,5,9
"ENSG00000237148.1",19,10,0,0,3,5
"ENSG00000214182.5",40,17,33,37,41,19
"ENSG00000237099.1",11,5,17,15,30,16
"ENSG00000178235.6",13,14,32,56,56,33
"ENSG00000215037.2",1,2,20,15,4,6
"ENSG00000184564.8",33,30,6,16,23,4
"ENSG00000165300.6",17,18,10,14,12,8
"ENSG00000272046.1",33,23,0,0,2,0
"ENSG00000234384.1",15,16,320,285,304,325
"ENSG00000231674.1",2,2,9,15,18,23
"ENSG00000215417.6",910,745,915,1069,931,968
"ENSG00000179399.9",9,17,4,17,21,6
"ENSG00000232885.1",6,2,17,28,44,44
"ENSG00000236240.1",6,8,24,35,32,36
"ENSG00000183098.6",49,37,139,171,254,322
"ENSG00000252365.1",21,18,43,33,86,85
"ENSG00000080166.11",8,5,39,45,125,85
"ENSG00000088451.6",284,228,255,289,209,100
"ENSG00000152749.7",178,158,197,212,176,104
"ENSG00000125285.4",22,23,2,9,9,1
"ENSG00000227640.2",33,31,6,12,8,1
"ENSG00000125257.9",2873,2538,3531,4616,3305,2023
"ENSG00000223298.1",5,10,31,34,5,5
"ENSG00000134874.13",27,15,7,45,26,17
"ENSG00000247400.3",91,74,84,124,90,69
"ENSG00000102580.10",845,749,854,943,738,448
"ENSG00000232373.2",9,14,5,7,6,13
"ENSG00000102595.14",551,449,472,609,587,509
"ENSG00000185352.7",1,6,7,11,14,4
"ENSG00000233124.1",3,0,4,13,10,18
"ENSG00000139793.14",1074,924,2371,3069,2279,1469
"ENSG00000202290.1",5,8,21,30,25,25
"ENSG00000125249.6",265,238,469,513,370,219
"ENSG00000065150.14",4906,4663,3218,4148,3231,1438
"ENSG00000152767.11",52,52,48,70,75,55
"ENSG00000139797.7",6,2,2,16,19,4
"ENSG00000102572.10",1239,1098,973,1318,1217,986
"ENSG00000271437.1",29,14,8,27,33,15
"ENSG00000224418.1",9,7,10,15,8,6
"ENSG00000088386.11",12,9,11,27,16,9
"ENSG00000088387.13",1468,1343,827,1031,748,577
"ENSG00000260992.1",28,25,15,17,15,12
"ENSG00000228889.2",47,33,30,31,36,16
"ENSG00000134882.11",891,831,625,821,686,344
"ENSG00000201793.1",37,50,32,44,50,44
"ENSG00000218502.3",9,16,11,14,7,3
"ENSG00000125245.8",69,66,73,75,37,68
"ENSG00000169508.6",58,37,36,24,36,19
"ENSG00000228808.1",9,16,11,18,17,23
"ENSG00000203441.2",12,17,25,21,15,5
"ENSG00000125304.8",1456,1224,836,1275,1100,429
"ENSG00000125246.11",101,93,101,108,85,62
"ENSG00000139800.8",106,80,23,66,51,24
"ENSG00000043355.6",353,293,109,136,145,123
"ENSG00000175198.10",323,316,288,435,348,134
"ENSG00000234650.1",19,17,7,20,19,19
"ENSG00000134864.6",40,31,23,42,41,21
"ENSG00000224356.3",4,8,7,8,10,12
"ENSG00000125247.11",514,368,301,350,339,226
"ENSG00000102452.11",42,28,27,46,70,23
"ENSG00000198542.9",33,36,334,446,403,294
"ENSG00000102466.11",5,4,31,58,26,51
"ENSG00000134900.7",1586,1362,1487,1697,1508,1074
"ENSG00000139780.7",7,5,7,15,13,6
"ENSG00000175820.2",21,21,27,43,52,22
"ENSG00000151287.12",113,120,122,189,126,65
"ENSG00000134901.8",161,144,155,209,153,75
"ENSG00000134897.9",290,315,255,317,243,179
"ENSG00000134899.13",260,227,235,289,217,154
"ENSG00000125266.6",18,11,9,28,14,17
"ENSG00000134884.9",1955,1729,1607,1710,1597,1706
"ENSG00000204442.2",97,95,189,260,392,369
"ENSG00000227248.1",1,0,13,7,12,19
"ENSG00000174405.9",104,110,148,158,131,111
"ENSG00000139826.5",88,119,145,158,120,81
"ENSG00000102524.7",9,21,38,48,44,19
"ENSG00000041515.11",69,65,229,307,242,162
"ENSG00000185950.7",615,566,516,619,535,604
"ENSG00000187498.10",37,47,28,72,69,32
"ENSG00000134871.13",331,298,167,275,283,168
"ENSG00000139832.3",169,145,167,262,238,100
"ENSG00000213995.7",511,468,483,600,441,303
"ENSG00000134905.12",612,509,486,603,510,431
"ENSG00000153487.11",432,419,357,486,526,447
"ENSG00000255874.1",40,34,107,130,124,137
"ENSG00000088448.10",2369,2055,2907,3257,2777,2293
"ENSG00000229152.1",166,171,231,250,216,233
"ENSG00000225760.1",3,10,47,51,45,35
"ENSG00000102606.13",1622,1413,1253,1432,1250,1043
"ENSG00000153495.6",10,3,12,4,8,1
"ENSG00000126216.8",1128,1082,947,1180,903,536
"ENSG00000068650.14",2004,1710,1851,2208,2209,1870
"ENSG00000232684.1",51,32,37,41,43,48
"ENSG00000126217.16",53,45,31,73,83,55
"ENSG00000057593.9",19,7,6,36,21,4
"ENSG00000126218.7",11,13,5,30,39,19
"ENSG00000126231.9",13,10,2,19,24,18
"ENSG00000126226.17",1066,885,947,1025,796,679
"ENSG00000139842.10",1981,1770,1955,2089,1848,1437
"ENSG00000185896.9",741,694,554,852,775,388
"ENSG00000139835.9",326,305,388,412,576,270
"ENSG00000225083.1",16,34,36,21,25,22
"ENSG00000153531.8",36,28,14,21,24,22
"ENSG00000150401.10",325,287,287,310,264,298
"ENSG00000233613.1",27,19,25,34,25,37
"ENSG00000150403.13",1339,1139,900,1154,1140,726
"ENSG00000198176.8",2015,1880,1532,1939,1959,1337
"ENSG00000185974.6",6,13,10,18,21,9
"ENSG00000184497.8",14,8,9,11,20,11
"ENSG00000233695.1",23,14,29,16,27,25
"ENSG00000183087.10",1054,860,122,172,374,341
"ENSG00000272695.1",7,13,1,5,10,7
"ENSG00000226921.2",0,0,0,0,24,10
"ENSG00000229373.4",16,5,2,10,17,17
"ENSG00000185989.9",1574,1358,1821,2199,1959,1655
"ENSG00000232487.1",17,6,8,10,13,15
"ENSG00000130177.10",1226,1097,1417,1638,1235,1017
"ENSG00000169062.10",886,698,645,719,661,614
"ENSG00000198824.4",339,290,341,477,447,336
"ENSG00000222036.3",27,24,19,80,52,21
"ENSG00000257608.1",1,7,9,8,12,14
"ENSG00000225210.5",139,148,322,293,433,448
"ENSG00000228294.2",11,7,23,12,25,36
"ENSG00000257573.2",11,5,36,43,41,41
"ENSG00000196143.4",22,12,16,23,18,11
"ENSG00000258188.1",3,3,11,8,13,9
"ENSG00000244306.5",64,44,142,204,194,230
"ENSG00000215394.4",37,33,66,72,88,101
"ENSG00000187537.9",19,4,7,16,16,7
"ENSG00000176299.4",12,6,7,18,4,6
"ENSG00000155249.4",2,2,4,19,18,4
"ENSG00000136319.7",346,323,304,328,291,130
"ENSG00000258768.2",3,6,22,13,6,10
"ENSG00000100814.13",846,773,956,1116,862,509
"ENSG00000222489.1",20,17,27,24,10,33
"ENSG00000259001.2",136515,178179,207324,168744,210718,170370
"ENSG00000129484.9",562,526,510,468,366,299
"ENSG00000129566.8",711,676,805,1063,733,682
"ENSG00000185271.6",6,10,8,21,21,27
"ENSG00000259162.1",0,6,2,16,24,17
"ENSG00000092094.6",578,516,626,693,543,428
"ENSG00000258515.1",30,18,22,18,16,16
"ENSG00000100823.7",2047,1885,1959,2579,2026,870
"ENSG00000165782.6",342,283,232,331,258,141
"ENSG00000198805.7",960,815,1119,1469,1195,493
"ENSG00000129538.9",1240,1127,518,712,764,356
"ENSG00000165792.13",765,719,713,812,719,505
"ENSG00000165794.5",5,9,5,13,12,2
"ENSG00000165795.16",1098,1020,1107,1461,1783,1018
"ENSG00000165801.5",345,297,290,358,278,246
"ENSG00000165804.11",301,278,332,430,320,262
"ENSG00000232070.4",12,7,10,25,18,9
"ENSG00000258441.1",76,69,109,93,140,176
"ENSG00000092199.13",8936,7897,8568,10368,8101,4257
"ENSG00000092200.8",21,24,17,44,52,34
"ENSG00000092201.5",2773,2484,2745,3620,3049,1519
"ENSG00000100888.8",2390,1986,2216,2678,2217,1525
"ENSG00000258870.1",7,8,9,12,3,19
"ENSG00000129472.8",444,364,412,443,387,250
"ENSG00000092203.9",970,949,757,1067,979,484
"ENSG00000165819.7",1082,960,1131,1380,1101,894
"ENSG00000165821.7",929,861,1018,1366,973,553
"ENSG00000129562.6",677,620,574,942,777,189
"ENSG00000228313.3",48,38,42,30,53,45
"ENSG00000100439.6",605,549,478,692,496,238
"ENSG00000255804.1",3,1,2,1,14,17
"ENSG00000242061.1",1,1,4,3,21,21
"ENSG00000235213.1",16,12,8,32,88,95
"ENSG00000258458.1",4,10,14,24,29,41
"ENSG00000155463.8",1294,1134,1246,1700,1537,705
"ENSG00000155465.14",36,25,35,49,60,46
"ENSG00000172590.14",782,753,787,1080,858,526
"ENSG00000157227.8",236,226,247,275,240,356
"ENSG00000197324.4",1946,1793,1621,2502,2048,1387
"ENSG00000139890.5",38,16,28,31,32,27
"ENSG00000100461.13",950,829,902,1229,1091,554
"ENSG00000237054.5",17,14,17,23,12,8
"ENSG00000100462.11",1528,1349,1714,2614,1825,540
"ENSG00000257285.1",17,21,22,16,15,11
"ENSG00000092036.12",651,611,488,704,599,224
"ENSG00000129474.11",181,173,180,267,224,182
"ENSG00000100802.10",396,397,313,367,410,264
"ENSG00000100804.14",1773,1655,1401,1930,1611,472
"ENSG00000139880.15",627,600,403,562,540,398
"ENSG00000100813.10",5845,4991,5023,5730,4970,4330
"ENSG00000179933.4",463,402,518,631,498,226
"ENSG00000092067.5",10,5,6,3,8,12
"ENSG00000092068.14",1189,1041,317,464,291,256
"ENSG00000215277.4",5,7,5,16,18,4
"ENSG00000215271.6",501,389,449,613,530,353
"ENSG00000270433.1",23,20,25,20,17,24
"ENSG00000235194.4",478,436,377,493,446,358
"ENSG00000129473.5",746,752,549,646,576,428
"ENSG00000258643.1",25,12,25,16,9,14
"ENSG00000100836.6",879,901,758,769,708,707
"ENSG00000092096.10",31,14,16,20,53,44
"ENSG00000100842.8",14,10,13,18,43,38
"ENSG00000166091.15",12,9,3,7,13,1
"ENSG00000197616.7",40,39,26,74,77,27
"ENSG00000092054.12",37,32,24,71,63,29
"ENSG00000129460.11",341,276,251,325,321,157
"ENSG00000157306.10",17,9,21,24,31,33
"ENSG00000136367.12",91,62,126,252,227,202
"ENSG00000259431.1",62,70,59,88,70,44
"ENSG00000213983.7",472,423,724,749,570,581
"ENSG00000258727.1",9,15,15,13,17,14
"ENSG00000092051.12",12,18,31,44,64,43
"ENSG00000100867.10",619,561,4155,5051,4194,2497
"ENSG00000215256.3",113,78,294,372,208,87
"ENSG00000157326.14",84,91,269,399,212,122
"ENSG00000187630.10",95,71,174,255,172,51
"ENSG00000225766.4",38,40,110,138,106,60
"ENSG00000186648.10",40,26,54,114,60,38
"ENSG00000100884.5",15,23,18,17,21,18
"ENSG00000129535.8",44,41,60,72,26,27
"ENSG00000100889.7",786,690,1212,1600,1495,677
"ENSG00000100897.13",989,906,929,1227,834,430
"ENSG00000092010.10",649,617,766,933,614,250
"ENSG00000100908.9",153,120,123,190,107,57
"ENSG00000259321.1",12,4,4,5,10,2
"ENSG00000100911.9",792,628,767,994,776,309
"ENSG00000092098.12",391,339,331,403,412,305
"ENSG00000259529.1",36,24,26,27,29,26
"ENSG00000213928.4",79,67,77,93,56,29
"ENSG00000100918.8",124,68,112,136,119,134
"ENSG00000196497.11",36,26,41,45,34,22
"ENSG00000100926.10",68,87,73,121,63,54
"ENSG00000139908.10",60,48,52,48,48,67
"ENSG00000254505.4",37,33,33,26,17,36
"ENSG00000260669.2",31,29,46,27,10,14
"ENSG00000129559.8",446,439,368,517,408,78
"ENSG00000100938.13",626,528,563,773,589,296
"ENSG00000092330.11",260,271,262,341,248,162
"ENSG00000092295.7",59,70,59,59,58,65
"ENSG00000100949.10",385,351,369,496,364,216
"ENSG00000157379.9",323,293,373,454,312,185
"ENSG00000196943.8",441,381,461,572,460,281
"ENSG00000272658.1",10,14,8,13,17,25
"ENSG00000213903.4",130,116,74,126,98,108
"ENSG00000129467.9",20,21,16,36,35,12
"ENSG00000129465.11",16,6,6,18,14,8
"ENSG00000100968.9",117,99,51,76,67,41
"ENSG00000205978.5",284,259,28,63,72,23
"ENSG00000139899.6",12,13,11,14,14,8
"ENSG00000100441.5",952,833,782,1017,893,619
"ENSG00000100445.12",150,164,164,211,200,105
"ENSG00000168952.11",25,35,72,74,120,68
"ENSG00000139910.15",11,12,6,18,19,8
"ENSG00000258081.3",28,29,41,64,60,42
"ENSG00000257612.1",50,30,52,51,45,52
"ENSG00000258932.1",110,80,107,121,125,87
"ENSG00000258548.1",213,133,186,210,195,224
"ENSG00000197358.8",11,15,3,6,7,0
"ENSG00000257126.1",7,20,8,12,14,17
"ENSG00000176165.7",133,94,93,124,100,76
"ENSG00000258038.1",169,155,118,127,137,138
"ENSG00000258065.1",70,48,47,38,47,53
"ENSG00000258028.1",51,23,50,46,50,75
"ENSG00000257523.1",10,7,16,15,10,13
"ENSG00000184304.10",15,7,10,26,24,12
"ENSG00000248975.2",6,7,11,4,13,12
"ENSG00000257636.2",145,143,111,177,160,135
"ENSG00000092140.10",712,658,686,749,576,314
"ENSG00000092108.16",976,893,965,1101,926,671
"ENSG00000258648.1",31,25,22,21,23,31
"ENSG00000100473.11",1087,995,674,897,671,401
"ENSG00000258525.1",65,42,32,54,30,24
"ENSG00000196792.7",1426,1130,837,1059,1031,919
"ENSG00000258886.2",16,11,5,4,10,2
"ENSG00000258968.2",60,38,37,24,33,28
"ENSG00000100478.10",245,190,151,127,151,112
"ENSG00000092148.8",3398,3111,3796,4519,4431,2815
"ENSG00000129493.10",144,145,274,302,297,186
"ENSG00000250365.2",18,23,34,27,36,24
"ENSG00000129480.8",116,111,103,125,93,60
"ENSG00000151413.12",181,182,177,232,164,122
"ENSG00000258655.1",10,5,12,24,10,13
"ENSG00000100852.8",1083,945,1282,1492,1332,1101
"ENSG00000151320.6",25,21,35,70,57,22
"ENSG00000151322.14",12,18,16,45,43,30
"ENSG00000129521.9",2427,2180,1970,2473,1639,1015
"ENSG00000165389.6",309,248,194,321,256,99
"ENSG00000129518.4",263,210,235,323,244,121
"ENSG00000129515.14",815,686,693,820,735,369
"ENSG00000240463.1",21,9,14,12,11,7
"ENSG00000165410.10",108,92,72,103,115,72
"ENSG00000198604.6",976,871,1122,1235,1071,827
"ENSG00000258738.1",66,50,44,48,51,22
"ENSG00000258704.1",44,28,33,53,31,36
"ENSG00000226677.2",10,6,7,11,11,2
"ENSG00000100883.7",1039,853,926,1162,937,573
"ENSG00000151327.8",504,449,386,593,342,242
"ENSG00000092020.6",186,184,145,157,156,62
"ENSG00000100890.11",21,30,19,22,31,8
"ENSG00000100902.6",466,476,420,476,399,104
"ENSG00000100906.6",503,428,382,528,434,217
"ENSG00000168348.3",10,8,1,8,15,5
"ENSG00000174373.11",421,390,454,467,433,349
"ENSG00000257957.1",12,12,17,7,8,12
"ENSG00000100916.9",41,27,26,44,62,17
"ENSG00000151332.14",257,256,149,171,133,94
"ENSG00000136352.13",8,4,6,15,14,11
"ENSG00000198807.8",72,83,75,144,90,51
"ENSG00000183032.6",315,276,364,502,292,152
"ENSG00000258690.1",25,19,28,17,15,16
"ENSG00000258601.1",19,9,20,16,5,17
"ENSG00000258827.2",46,26,31,37,39,30
"ENSG00000258708.1",102,81,79,101,65,19
"ENSG00000151338.14",310,242,311,349,288,259
"ENSG00000129514.4",85,43,40,75,53,32
"ENSG00000139865.12",34,25,16,64,75,25
"ENSG00000139874.5",9,7,2,19,18,1
"ENSG00000100934.10",1186,1026,1118,1262,1033,513
"ENSG00000092208.12",242,203,237,226,172,74
"ENSG00000182400.10",456,430,579,631,457,341
"ENSG00000241984.2",17,14,11,18,5,6
"ENSG00000259083.1",39,56,47,50,42,20
"ENSG00000100941.4",3524,3041,3107,3530,2626,2932
"ENSG00000150527.12",43,41,51,60,53,22
"ENSG00000258940.2",5,9,4,12,16,6
"ENSG00000259100.1",2,1,5,11,12,5
"ENSG00000165355.7",144,116,134,152,139,75
"ENSG00000258526.1",4,3,3,14,5,15
"ENSG00000251363.2",9,13,34,69,53,23
"ENSG00000165379.9",8,9,6,15,21,9
"ENSG00000258969.1",51,26,73,98,112,93
"ENSG00000259137.1",9,6,15,9,25,27
"ENSG00000259148.1",20,23,24,22,27,49
"ENSG00000189139.5",14,8,12,21,10,5
"ENSG00000259000.1",15,13,10,12,7,2
"ENSG00000179476.3",18,19,23,40,22,13
"ENSG00000179454.9",252,203,236,254,203,118
"ENSG00000198718.8",441,405,411,502,442,329
"ENSG00000185246.13",624,491,496,643,445,380
"ENSG00000100442.6",571,471,464,556,518,282
"ENSG00000187790.6",587,515,494,501,503,345
"ENSG00000129534.9",840,706,1009,943,737,580
"ENSG00000213741.4",4462,5411,3470,4604,3328,195
"ENSG00000258486.2",323096,468567,422240,350126,467716,131478
"ENSG00000253459.3",9,4,14,16,5,9
"ENSG00000165501.12",130,137,145,168,137,84
"ENSG00000258568.1",18,15,19,26,21,7
"ENSG00000165502.6",1087,912,901,1124,888,455
"ENSG00000168282.4",74,83,71,104,111,53
"ENSG00000165506.10",451,384,372,449,355,262
"ENSG00000100479.8",403,351,295,360,293,214
"ENSG00000259155.2",64,78,39,80,64,33
"ENSG00000197776.3",18,10,9,10,15,12
"ENSG00000165516.6",669,605,529,594,538,330
"ENSG00000165525.13",1231,1129,1190,1356,1123,994
"ENSG00000269832.1",32,19,20,22,18,18
"ENSG00000197502.1",23,12,7,16,14,4
"ENSG00000266037.1",944,1412,914,1189,1510,367
"ENSG00000265150.1",308636,440867,404299,308500,405583,243636
"ENSG00000165527.5",966,943,966,1109,925,535
"ENSG00000214900.4",25,15,21,25,36,13
"ENSG00000168260.1",7,7,4,18,13,8
"ENSG00000100483.9",103,82,81,102,91,48
"ENSG00000100485.7",580,523,432,481,393,290
"ENSG00000087299.7",364,313,161,235,136,85
"ENSG00000125375.10",178,174,66,79,96,49
"ENSG00000259071.1",24,13,7,6,6,8
"ENSG00000100490.5",176,129,89,90,79,67
"ENSG00000012983.7",762,598,470,503,424,357
"ENSG00000198513.7",17,22,13,27,29,5
"ENSG00000151748.10",427,398,369,421,347,224
"ENSG00000269906.1",32,14,16,9,14,20
"ENSG00000100503.19",783,668,651,862,1352,1150
"ENSG00000100504.12",1620,1446,946,1330,914,418
"ENSG00000131969.10",36,18,27,33,29,32
"ENSG00000100505.9",21,19,20,64,43,16
"ENSG00000139921.8",792,678,530,745,595,281
"ENSG00000201376.1",13,11,2,6,2,5
"ENSG00000139926.11",15,16,15,26,23,17
"ENSG00000087302.4",730,680,536,768,657,254
"ENSG00000087303.12",63,34,37,47,56,40
"ENSG00000087301.4",434,386,404,528,353,261
"ENSG00000180998.7",25,14,16,22,19,16
"ENSG00000197930.8",1535,1396,1027,1391,1032,616
"ENSG00000100519.7",1055,1040,945,1153,924,451
"ENSG00000198252.7",542,490,320,481,307,227
"ENSG00000100522.4",312,286,286,358,266,177
"ENSG00000073712.9",15,19,12,20,13,14
"ENSG00000258985.1",31,23,46,58,28,38
"ENSG00000100523.10",862,801,805,1059,786,694
"ENSG00000237356.1",4,1,4,13,9,13
"ENSG00000100526.15",307,315,332,324,290,120
"ENSG00000100528.7",444,485,442,563,441,171
"ENSG00000197045.8",200,163,196,263,208,125
"ENSG00000100532.7",21,38,40,37,40,20
"ENSG00000020577.9",577,463,979,1159,963,869
"ENSG00000131979.14",119,111,89,105,98,53
"ENSG00000198554.7",1019,942,1117,1303,1051,618
"ENSG00000233924.1",17,13,10,10,25,22
"ENSG00000180008.8",286,270,318,328,244,256
"ENSG00000168175.10",962,854,858,1003,898,693
"ENSG00000131981.11",56,51,40,53,54,37
"ENSG00000126787.8",1746,1493,1460,1596,1252,697
"ENSG00000258413.1",63,38,34,43,24,24
"ENSG00000178974.5",878,737,742,914,804,515
"ENSG00000239686.1",26,21,20,31,23,22
"ENSG00000258469.1",58,46,41,45,69,119
"ENSG00000258455.1",14,12,10,7,9,16
"ENSG00000126775.8",396,277,249,302,252,228
"ENSG00000259318.1",10,7,6,4,10,11
"ENSG00000186615.6",58,64,72,63,55,26
"ENSG00000126777.13",2715,2492,2769,3372,2586,2441
"ENSG00000258791.3",28,53,59,76,187,56
"ENSG00000139946.5",1125,947,675,883,809,554
"ENSG00000070269.9",280,224,240,277,246,180
"ENSG00000248550.3",9,17,9,16,11,22
"ENSG00000243388.1",15,21,11,11,9,6
"ENSG00000258592.1",7,10,9,8,15,6
"ENSG00000070367.11",1027,948,855,1081,928,550
"ENSG00000053770.7",296,240,298,388,299,215
"ENSG00000139977.9",292,280,289,418,311,229
"ENSG00000151812.10",8,13,18,30,19,9
"ENSG00000139971.11",15,16,16,27,21,12
"ENSG00000131966.9",513,478,364,526,381,143
"ENSG00000100567.8",1041,927,1043,1226,935,513
"ENSG00000258682.1",31,26,27,32,34,23
"ENSG00000257621.3",521,443,432,478,479,507
"ENSG00000180189.9",6,15,10,17,10,6
"ENSG00000268466.1",26,11,28,21,23,40
"ENSG00000032219.14",761,694,648,721,680,561
"ENSG00000196860.3",12,10,13,23,12,11
"ENSG00000100575.9",238,214,242,267,203,163
"ENSG00000100578.10",699,701,766,785,633,431
"ENSG00000258900.1",28,20,12,37,19,32
"ENSG00000165617.10",16,8,16,42,32,32
"ENSG00000213598.3",17,10,8,9,14,4
"ENSG00000100592.11",532,494,535,718,556,347
"ENSG00000181619.11",151,117,141,170,132,177
"ENSG00000126790.7",316,281,283,357,246,202
"ENSG00000050130.13",348,280,226,280,224,111
"ENSG00000151838.7",6,5,4,14,15,9
"ENSG00000139970.12",9,20,27,36,111,87
"ENSG00000131951.6",2,0,6,10,13,6
"ENSG00000126773.8",661,660,760,1050,813,557
"ENSG00000100612.9",316,263,177,235,186,60
"ENSG00000254718.2",6,17,5,10,10,7
"ENSG00000100614.13",791,689,764,848,725,520
"ENSG00000179008.4",14,10,28,44,37,24
"ENSG00000126778.7",29,22,12,34,27,26
"ENSG00000100625.8",338,305,315,454,274,192
"ENSG00000020426.6",359,300,376,356,338,153
"ENSG00000258445.3",12,9,14,22,9,11
"ENSG00000258485.2",26,31,27,25,29,25
"ENSG00000126814.6",311,283,269,454,305,168
"ENSG00000139974.11",259,207,219,259,211,157
"ENSG00000027075.9",336,265,141,209,75,45
"ENSG00000100644.12",823,755,716,845,889,561
"ENSG00000258667.1",87,91,67,86,120,101
"ENSG00000023608.4",231,254,236,284,226,122
"ENSG00000139973.11",11,11,7,30,21,8
"ENSG00000140015.15",36,31,70,108,63,52
"ENSG00000154001.9",775,652,607,798,616,412
"ENSG00000270878.1",23,14,15,17,15,30
"ENSG00000140006.7",153,139,146,195,163,72
"ENSG00000258645.2",1,2,4,10,15,8
"ENSG00000200693.1",5,17,16,10,10,3
"ENSG00000126821.7",260,221,150,234,143,51
"ENSG00000054654.11",86,80,62,259,211,73
"ENSG00000140009.14",27,22,7,29,30,10
"ENSG00000214770.2",12,5,19,12,5,8
"ENSG00000100714.11",2222,1776,1843,2246,1758,799
"ENSG00000272909.1",18,18,16,25,18,14
"ENSG00000089775.7",233,191,169,227,227,214
"ENSG00000179841.8",33,23,33,42,30,22
"ENSG00000126804.9",239,234,256,274,234,170
"ENSG00000126803.8",4,13,3,21,34,12
"ENSG00000165807.3",5,4,3,15,12,5
"ENSG00000126822.11",22,15,21,30,27,13
"ENSG00000070182.13",5232,4648,2706,3026,3142,2439
"ENSG00000258289.3",135,134,160,183,148,120
"ENSG00000257365.3",136,105,123,128,135,121
"ENSG00000176153.10",35,32,28,20,33,28
"ENSG00000139998.10",50,24,60,70,57,51
"ENSG00000125952.14",719,643,602,718,621,417
"ENSG00000259118.1",61,57,37,29,39,64
"ENSG00000033170.12",269,310,11,21,19,11
"ENSG00000224861.1",55,29,50,71,71,57
"ENSG00000171723.11",375,305,555,649,614,428
"ENSG00000258490.1",5,0,15,7,16,10
"ENSG00000172717.11",5,9,4,21,10,7
"ENSG00000072415.4",504,531,803,827,502,382
"ENSG00000100554.7",430,473,682,723,738,355
"ENSG00000134001.8",1096,1073,1182,1565,1359,541
"ENSG00000100558.4",11,5,3,16,7,3
"ENSG00000198133.4",14,7,2,16,14,13
"ENSG00000054690.9",776,740,271,351,281,252
"ENSG00000100564.4",267,227,234,375,273,126
"ENSG00000081181.3",640,602,1451,1770,1672,705
"ENSG00000100568.6",828,777,596,816,696,428
"ENSG00000258626.2",4,4,13,13,8,9
"ENSG00000072042.8",1274,1120,874,1223,954,557
"ENSG00000072121.11",738,635,608,796,700,568
"ENSG00000182185.14",340,241,299,300,258,264
"ENSG00000258837.1",9,12,17,14,11,22
"ENSG00000240210.2",15,14,18,13,6,4
"ENSG00000258477.1",8,12,9,7,5,10
"ENSG00000258623.1",5,2,10,10,4,5
"ENSG00000185650.8",719,553,932,1073,1082,1072
"ENSG00000072110.9",2186,1882,1771,2297,2114,1222
"ENSG00000139990.13",756,722,722,985,877,643
"ENSG00000259165.1",12,14,17,20,22,26
"ENSG00000258957.1",2,4,10,11,5,6
"ENSG00000081177.14",248,208,234,325,242,145
"ENSG00000100626.12",11,18,11,33,22,18
"ENSG00000100632.6",1013,995,887,1140,970,411
"ENSG00000029364.7",1127,1060,993,1401,1161,568
"ENSG00000175985.8",1,8,10,19,10,10
"ENSG00000267909.1",13,2,11,21,8,6
"ENSG00000100647.7",855,771,740,1054,710,547
"ENSG00000100650.11",3230,2746,2568,3311,2971,1920
"ENSG00000100652.4",13,12,21,14,15,20
"ENSG00000198732.6",11,3,1,24,9,4
"ENSG00000242071.2",126,110,93,133,88,31
"ENSG00000100678.14",18,6,10,32,135,89
"ENSG00000133983.10",89,98,107,131,139,44
"ENSG00000213463.3",35,31,124,147,105,93
"ENSG00000139985.5",17,3,8,19,5,2
"ENSG00000134007.3",35,19,22,22,33,16
"ENSG00000133997.7",305,290,308,295,252,170
"ENSG00000258951.1",72,68,40,33,20,33
"ENSG00000006432.11",263,210,51,94,98,44
"ENSG00000259153.1",20,10,0,2,0,1
"ENSG00000100731.11",311,278,382,542,524,466
"ENSG00000259146.2",13,7,22,15,9,5
"ENSG00000197555.5",808,648,861,1124,754,548
"ENSG00000259079.1",14,16,9,17,10,20
"ENSG00000266869.1",0,0,4,15,9,14
"ENSG00000182732.12",18,15,9,35,34,28
"ENSG00000205683.7",131,87,200,288,134,100
"ENSG00000119599.12",481,391,326,391,284,214
"ENSG00000259015.1",17,14,5,10,6,6
"ENSG00000165861.9",323,255,351,459,426,243
"ENSG00000258813.1",13,21,14,14,16,4
"ENSG00000119707.9",2264,1960,1473,1942,1453,1325
"ENSG00000080815.14",613,578,496,638,601,366
"ENSG00000100767.11",615,512,665,668,516,615
"ENSG00000258376.1",2,1,7,12,6,10
"ENSG00000258944.1",11,14,17,19,21,10
"ENSG00000133961.15",1541,1359,1540,1762,1565,1162
"ENSG00000187105.4",41,30,49,69,48,37
"ENSG00000119673.10",7,13,9,21,16,8
"ENSG00000119661.10",119,67,115,95,79,74
"ENSG00000176903.3",487,517,531,691,563,305
"ENSG00000156030.8",2512,2202,2279,2890,2755,2463
"ENSG00000264741.1",13,6,9,7,12,19
"ENSG00000140043.7",231,169,155,228,157,109
"ENSG00000119725.13",124,106,65,62,64,77
"ENSG00000258891.1",38,25,25,27,32,35
"ENSG00000156050.4",51,37,46,91,71,51
"ENSG00000119723.11",124,105,117,112,97,54
"ENSG00000187097.8",501,466,407,472,430,367
"ENSG00000119636.11",53,29,35,36,52,32
"ENSG00000119711.8",513,490,415,520,364,185
"ENSG00000205659.6",181,189,126,184,137,81
"ENSG00000119688.16",556,527,471,580,504,417
"ENSG00000258559.2",30,33,12,9,19,9
"ENSG00000133980.4",13,7,10,32,26,7
"ENSG00000119655.4",391,414,241,289,255,101
"ENSG00000165898.9",145,154,120,132,115,35
"ENSG00000119681.7",98,77,126,221,254,212
"ENSG00000258976.1",1,3,5,4,24,13
"ENSG00000119682.12",803,703,712,987,921,541
"ENSG00000119616.7",461,410,506,559,491,258
"ENSG00000119596.13",1516,1189,1364,1777,1578,1435
"ENSG00000119608.8",13,5,24,42,18,18
"ENSG00000119689.10",1122,1032,1037,1230,1069,735
"ENSG00000198208.7",144,119,110,120,119,95
"ENSG00000119630.9",19,11,21,32,31,26
"ENSG00000119718.6",461,377,356,449,347,149
"ENSG00000119684.11",326,350,439,502,425,413
"ENSG00000119640.4",205,241,177,220,180,119
"ENSG00000119703.12",96,67,123,137,108,81
"ENSG00000119638.8",1184,1027,1242,1583,1387,861
"ENSG00000170348.4",1609,1465,1373,1731,1513,663
"ENSG00000170345.5",797,688,299,349,631,598
"ENSG00000140044.8",61,70,73,88,214,121
"ENSG00000156127.6",2,2,0,9,33,18
"ENSG00000119686.5",18,9,16,14,18,13
"ENSG00000242951.1",21,10,19,22,16,10
"ENSG00000119685.15",615,527,548,770,607,541
"ENSG00000133935.6",585,537,454,585,510,210
"ENSG00000259103.1",5,7,14,13,6,5
"ENSG00000242488.2",11,10,2,9,8,31
"ENSG00000119650.8",72,80,72,81,75,35
"ENSG00000119699.3",48,42,37,47,42,34
"ENSG00000089916.13",1630,1415,1315,1656,1588,1094
"ENSG00000258454.1",28,19,5,3,9,4
"ENSG00000258402.1",16,10,0,0,0,0
"ENSG00000119715.10",1006,825,76,108,138,90
"ENSG00000212061.2",13,14,0,0,0,0
"ENSG00000071246.6",38,24,179,221,292,230
"ENSG00000258301.2",28,25,28,26,40,36
"ENSG00000013523.5",602,573,690,1007,875,402
"ENSG00000241081.1",10,9,12,10,6,4
"ENSG00000119669.3",940,889,883,1229,660,566
"ENSG00000198894.3",311,248,266,328,260,163
"ENSG00000165548.6",23,14,8,24,25,16
"ENSG00000177108.5",7,3,9,11,12,4
"ENSG00000009830.7",360,322,250,312,236,203
"ENSG00000100577.14",239,222,183,232,161,104
"ENSG00000100580.7",956,938,909,1188,962,704
"ENSG00000100583.4",13,19,17,20,26,12
"ENSG00000165555.5",27,16,20,32,21,7
"ENSG00000151445.11",393,396,334,469,301,235
"ENSG00000100591.3",986,904,854,1051,834,386
"ENSG00000100593.13",16,10,10,11,15,9
"ENSG00000100596.2",1635,1467,1570,2050,1747,1113
"ENSG00000240233.2",8,9,14,10,11,12
"ENSG00000100601.5",201,201,209,238,195,87
"ENSG00000258917.1",9,6,5,4,11,15
"ENSG00000119705.5",443,510,429,576,437,173
"ENSG00000100603.9",1496,1198,1130,1409,1165,726
"ENSG00000063761.11",379,339,180,223,199,126
"ENSG00000021645.13",51,29,20,62,70,27
"ENSG00000100629.12",191,138,224,275,254,304
"ENSG00000165409.11",12,11,17,25,28,8
"ENSG00000165417.7",573,551,559,642,547,386
"ENSG00000270343.1",24,23,13,31,21,31
"ENSG00000140022.5",1720,1594,2849,3710,3175,2000
"ENSG00000242163.1",13,12,21,22,25,33
"ENSG00000258605.1",3,3,9,17,11,13
"ENSG00000071537.9",795,755,823,1091,1052,509
"ENSG00000185070.6",19,11,5,18,14,0
"ENSG00000054983.12",494,509,445,563,475,209
"ENSG00000259096.1",9,3,9,10,10,3
"ENSG00000100433.11",10,8,7,9,20,5
"ENSG00000042317.12",102,90,85,98,73,60
"ENSG00000070778.8",76,63,91,115,77,75
"ENSG00000100722.14",960,808,865,977,810,634
"ENSG00000165521.11",54,50,66,96,110,49
"ENSG00000165533.14",303,224,182,249,160,100
"ENSG00000053254.11",80,58,348,514,338,265
"ENSG00000200312.1",197,236,194,292,437,80
"ENSG00000140025.11",141,140,109,153,106,75
"ENSG00000230997.4",11,9,23,17,18,6
"ENSG00000042088.9",541,539,501,631,519,296
"ENSG00000100764.9",994,886,759,968,764,372
"ENSG00000119720.13",450,310,418,471,430,335
"ENSG00000198668.6",898,886,857,1134,914,431
"ENSG00000165914.10",1083,929,1397,1759,1421,1081
"ENSG00000258935.1",22,15,20,27,25,29
"ENSG00000259163.1",18,11,21,27,27,27
"ENSG00000258437.1",13,9,17,13,19,5
"ENSG00000258716.1",18,7,12,16,19,15
"ENSG00000213315.4",24,16,13,16,21,8
"ENSG00000100784.5",199,148,175,230,192,156
"ENSG00000133943.16",681,591,620,661,698,672
"ENSG00000119714.6",407,324,382,540,383,246
"ENSG00000258875.1",20,14,22,12,18,22
"ENSG00000260810.1",48,69,84,75,81,46
"ENSG00000015133.14",1254,1159,1265,1513,970,879
"ENSG00000100796.13",1401,1211,1407,1637,1335,1101
"ENSG00000133962.3",25,17,52,85,31,24
"ENSG00000260711.1",0,2,43,89,23,6
"ENSG00000165929.8",28,42,765,831,175,112
"ENSG00000140092.10",10,14,6,23,22,2
"ENSG00000100815.8",775,707,844,876,904,710
"ENSG00000066427.17",312,272,290,359,324,237
"ENSG00000183648.5",335,267,309,351,274,115
"ENSG00000165934.8",1314,1264,1254,1507,1222,747
"ENSG00000140090.13",17,11,13,19,20,7
"ENSG00000100599.11",29,24,55,75,53,51
"ENSG00000100600.10",16,19,93,136,51,24
"ENSG00000066455.8",600,513,727,838,721,577
"ENSG00000100604.8",12,6,11,35,19,15
"ENSG00000100605.12",836,791,677,908,875,508
"ENSG00000258730.1",19,7,15,17,10,11
"ENSG00000165943.4",213,156,247,246,233,106
"ENSG00000153485.5",33,32,44,48,52,17
"ENSG00000170270.4",67,48,55,84,62,37
"ENSG00000012963.9",622,542,480,672,524,240
"ENSG00000011114.10",510,469,505,485,513,426
"ENSG00000133958.9",51,47,45,104,77,47
"ENSG00000100628.7",8,13,5,19,22,11
"ENSG00000089723.5",39,24,49,61,45,39
"ENSG00000089737.11",2448,2231,2007,2585,2132,1142
"ENSG00000165948.6",405,321,225,271,247,158
"ENSG00000165949.8",61,52,36,58,29,32
"ENSG00000119632.3",31,24,43,52,89,26
"ENSG00000119698.7",9,13,7,15,12,4
"ENSG00000140093.5",5,4,12,6,14,3
"ENSG00000186910.3",5,3,3,22,10,2
"ENSG00000188488.9",6,4,4,19,13,5
"ENSG00000100697.10",1107,1039,941,1282,826,571
"ENSG00000165959.7",19,24,10,40,50,19
"ENSG00000229645.4",0,2,0,8,26,10
"ENSG00000176438.8",87,72,54,108,255,155
"ENSG00000247092.2",391,313,293,419,346,182
"ENSG00000252481.1",844,903,855,635,598,351
"ENSG00000182512.4",1044,1077,809,1096,1210,383
"ENSG00000258927.1",1,6,69,83,154,106
"ENSG00000270038.1",0,0,21,27,77,27
"ENSG00000187621.10",1,1,3,11,14,7
"ENSG00000168398.5",14,16,13,24,24,10
"ENSG00000066739.7",838,832,956,1009,787,565
"ENSG00000100744.10",162,136,111,152,92,59
"ENSG00000140057.4",110,117,54,67,50,28
"ENSG00000260806.1",23,52,18,23,37,13
"ENSG00000090060.13",2487,2210,2432,3132,2668,1864
"ENSG00000100749.3",1490,1319,1385,1538,1173,641
"ENSG00000225163.3",8,8,21,13,14,37
"ENSG00000232573.1",103,137,76,113,99,27
"ENSG00000234648.1",12,12,10,11,8,2
"ENSG00000127152.13",13,17,11,34,12,10
"ENSG00000183576.8",841,725,775,1010,804,550
"ENSG00000272439.1",12,2,7,1,10,6
"ENSG00000090061.13",719,568,607,738,664,568
"ENSG00000205476.4",519,434,335,420,244,202
"ENSG00000182218.5",14,18,12,21,32,18
"ENSG00000036530.4",9,10,4,19,14,7
"ENSG00000066629.12",23,17,19,37,31,20
"ENSG00000196405.8",1071,977,905,1025,879,981
"ENSG00000242888.1",39,25,26,32,32,23
"ENSG00000258693.1",12,2,7,11,9,9
"ENSG00000168350.6",272,208,260,317,248,241
"ENSG00000100811.6",2295,2247,2065,2562,2054,1482
"ENSG00000258904.1",27,17,18,3,20,12
"ENSG00000197119.8",424,402,397,401,270,272
"ENSG00000140105.13",4158,3723,4078,5595,4579,2587
"ENSG00000258521.1",29,19,42,26,47,30
"ENSG00000258581.2",20,12,10,23,24,31
"ENSG00000176473.9",147,152,121,222,151,111
"ENSG00000258620.1",20,9,5,12,13,9
"ENSG00000183092.11",53,41,32,62,77,57
"ENSG00000185559.9",11868,10813,14289,22393,14643,6022
"ENSG00000273087.1",6,8,8,9,13,24
"ENSG00000254656.1",21,12,7,49,23,9
"ENSG00000258512.1",3,8,14,29,25,17
"ENSG00000078304.15",5928,4967,6241,7034,5840,5038
"ENSG00000259088.1",97,95,86,96,117,87
"ENSG00000207208.1",28,21,21,35,27,46
"ENSG00000256705.3",46,25,48,44,50,24
"ENSG00000259161.2",23,11,14,16,22,10
"ENSG00000271780.1",63,52,39,58,49,56
"ENSG00000197102.6",25686,22152,24963,30849,24823,14619
"ENSG00000259013.2",25,30,19,12,9,19
"ENSG00000258959.1",22,17,28,26,15,17
"ENSG00000080824.14",28626,25428,20545,23547,19817,9827
"ENSG00000140153.13",564,424,436,591,507,372
"ENSG00000080823.17",136,115,118,126,134,106
"ENSG00000022976.11",242,229,205,287,278,258
"ENSG00000100865.10",364,301,264,352,205,146
"ENSG00000196663.11",204,173,203,258,256,184
"ENSG00000156381.4",1935,1702,1009,1274,992,752
"ENSG00000259230.1",67,51,64,66,64,132
"ENSG00000089902.8",2394,2052,2289,2785,2353,1657
"ENSG00000230988.3",20,19,18,29,24,13
"ENSG00000131323.10",895,752,866,1085,1217,1039
"ENSG00000166126.6",25,11,38,37,54,37
"ENSG00000198752.5",1441,1232,1936,2366,2443,2194
"ENSG00000259515.1",8,1,4,3,14,14
"ENSG00000213176.4",4,11,10,17,4,7
"ENSG00000205436.3",192,159,240,260,287,320
"ENSG00000185215.4",1633,1444,1728,2075,1417,1206
"ENSG00000270705.1",1,0,21,22,15,16
"ENSG00000100664.6",2835,2583,2367,2707,3327,1706
"ENSG00000272533.1",37,31,12,21,19,6
"ENSG00000075413.13",2766,2341,2109,2549,2308,1818
"ENSG00000244691.1",23,22,22,8,17,14
"ENSG00000166165.8",4005,3799,4288,5315,4203,2411
"ENSG00000260285.1",111,113,108,125,104,103
"ENSG00000166166.8",226,208,220,241,245,188
"ENSG00000166170.9",465,465,416,508,516,322
"ENSG00000126214.16",1123,950,781,1008,896,770
"ENSG00000256053.3",150,162,170,186,134,127
"ENSG00000246451.2",262,223,204,208,211,253
"ENSG00000270108.1",20,21,28,19,23,10
"ENSG00000269910.1",14,11,5,11,12,13
"ENSG00000269940.1",13,6,22,13,14,18
"ENSG00000269958.1",151,133,118,133,149,109
"ENSG00000126215.9",940,911,850,989,824,714
"ENSG00000224997.1",57,39,21,25,47,33
"ENSG00000269963.1",84,68,59,52,51,50
"ENSG00000100711.9",457,453,325,439,378,282
"ENSG00000088808.12",27,32,18,53,64,37
"ENSG00000156411.5",810,752,786,1106,801,172
"ENSG00000156414.14",17,14,14,41,22,16
"ENSG00000166183.11",17,10,3,18,31,2
"ENSG00000066735.10",24,21,21,45,75,20
"ENSG00000258986.2",18,22,8,27,24,4
"ENSG00000184601.6",14,8,13,10,13,15
"ENSG00000203485.8",1048,983,930,1231,1161,997
"ENSG00000258858.1",33,14,7,13,25,14
"ENSG00000185100.6",238,190,193,219,199,147
"ENSG00000184990.8",700,637,483,560,547,209
"ENSG00000142208.11",2091,1837,1811,2511,2264,1569
"ENSG00000179627.9",312,288,282,384,408,219
"ENSG00000258701.1",47,40,63,57,80,75
"ENSG00000099814.11",679,573,606,674,785,838
"ENSG00000166428.8",7,3,19,30,12,12
"ENSG00000185567.6",179,145,152,363,296,161
"ENSG00000140104.9",88,79,96,155,137,72
"ENSG00000170779.10",852,794,956,1148,824,449
"ENSG00000183484.7",13,7,35,43,30,16
"ENSG00000184916.4",1415,1202,1054,1367,1069,947
"ENSG00000183828.10",362,314,184,274,234,108
"ENSG00000185024.11",1251,1084,881,1004,819,724
"ENSG00000184887.9",115,68,58,64,55,60
"ENSG00000179364.9",788,684,805,1017,867,814
"ENSG00000242085.1",14,10,16,23,7,33
"ENSG00000226174.2",65,43,72,70,78,85
"ENSG00000251602.2",51,23,41,51,57,39
"ENSG00000182979.13",2385,2106,1933,2472,2148,1801
"ENSG00000257270.1",59,49,39,54,49,21
"ENSG00000182809.6",53,48,70,117,92,51
"ENSG00000213145.5",14,14,17,17,15,20
"ENSG00000185347.13",272,254,177,208,202,197
"ENSG00000184986.6",5,6,5,17,19,3
"ENSG00000234402.1",0,3,5,19,16,22
"ENSG00000225200.2",26,14,22,25,29,22
"ENSG00000211958.2",17,10,17,5,21,15
"ENSG00000211959.2",17,21,26,31,63,35
"ENSG00000253467.1",10,3,12,17,10,2
"ENSG00000228966.2",11,8,12,9,6,20
"ENSG00000232216.1",18,22,24,37,18,11
"ENSG00000187156.4",336,305,230,372,304,208
"ENSG00000253465.1",9,2,13,10,6,1
"ENSG00000211961.2",3,5,12,4,5,11
"ENSG00000229092.2",5,11,6,4,15,6
"ENSG00000258628.1",18,9,13,24,16,12
"ENSG00000259156.3",10,2,8,8,13,4
"ENSG00000180229.8",1454,1293,1028,1214,948,867
"ENSG00000215405.3",8,6,2,12,16,10
"ENSG00000258590.1",9,7,314,371,242,139
"ENSG00000260409.1",1,3,63,89,252,126
"ENSG00000258710.3",0,2,10,15,23,32
"ENSG00000258883.1",0,0,18,34,20,14
"ENSG00000237161.3",21,13,183,213,672,867
"ENSG00000247765.1",10,6,68,79,222,205
"ENSG00000259176.1",3,2,11,17,13,13
"ENSG00000258721.2",6,11,9,16,4,10
"ENSG00000182974.2",7,4,5,13,17,5
"ENSG00000259261.2",10,10,10,7,4,1
"ENSG00000259689.1",182,167,113,166,125,109
"ENSG00000197414.8",11,32,10,22,14,11
"ENSG00000153575.6",543,470,567,733,431,292
"ENSG00000068793.13",2631,2304,3209,4277,3795,1702
"ENSG00000140157.10",767,620,721,923,765,387
"ENSG00000170113.11",1681,1474,1113,1420,1070,636
"ENSG00000259344.1",27,23,3,7,5,3
"ENSG00000259425.1",44,46,42,51,55,22
"ENSG00000187667.6",248,213,213,209,126,152
"ENSG00000153666.5",12,12,13,20,41,8
"ENSG00000140181.10",3830,3200,3429,3646,2975,3284
"ENSG00000259455.1",15,11,6,28,33,10
"ENSG00000175676.11",7,2,6,13,10,1
"ENSG00000259145.2",7,11,16,10,17,9
"ENSG00000261739.2",7,10,9,13,11,4
"ENSG00000174450.7",28,11,11,19,25,15
"ENSG00000179455.6",462,427,396,473,413,271
"ENSG00000260978.1",46,56,34,49,49,24
"ENSG00000182636.4",95,104,112,154,257,175
"ENSG00000185823.2",15,13,11,19,24,11
"ENSG00000224078.8",47,55,37,43,25,31
"ENSG00000114062.13",2140,1968,1987,2316,1963,1171
"ENSG00000261529.1",15,14,18,34,14,21
"ENSG00000206190.7",17,17,11,37,40,14
"ENSG00000166206.9",20,25,8,37,30,15
"ENSG00000182256.8",259,240,209,302,234,175
"ENSG00000228740.2",172,137,82,63,73,79
"ENSG00000214254.3",72,51,17,34,34,35
"ENSG00000261426.1",84,78,60,46,60,75
"ENSG00000258970.1",21,13,9,18,6,7
"ENSG00000259152.1",17,16,8,6,10,4
"ENSG00000259168.1",10,1,5,6,6,14
"ENSG00000104044.11",64,68,38,69,43,36
"ENSG00000128731.11",12201,10144,9830,11608,10159,7730
"ENSG00000256338.1",44,33,16,23,23,14
"ENSG00000261524.1",180,267,122,145,166,104
"ENSG00000260053.2",345,338,227,269,237,233
"ENSG00000206149.6",1296,1100,1114,1259,932,1138
"ENSG00000188626.5",19,11,13,34,26,10
"ENSG00000248334.2",179,180,145,135,102,101
"ENSG00000261377.1",160,150,163,155,153,81
"ENSG00000261649.1",70,64,71,98,86,61
"ENSG00000270301.1",17,15,18,18,10,14
"ENSG00000034053.10",2180,1814,1651,1905,1650,1389
"ENSG00000259277.1",9,10,10,20,13,6
"ENSG00000104059.4",6,19,11,32,20,9
"ENSG00000185115.4",308,249,264,383,361,210
"ENSG00000104067.12",2312,1916,1757,2258,2065,1491
"ENSG00000259644.1",15,13,13,20,15,11
"ENSG00000234664.1",40,36,35,32,51,58
"ENSG00000179938.11",5,6,12,21,11,6
"ENSG00000215302.4",91,109,71,78,72,59
"ENSG00000270055.1",69,61,47,62,38,39
"ENSG00000178115.10",20,7,12,24,16,11
"ENSG00000261794.1",16,21,28,39,41,30
"ENSG00000247728.2",9,15,10,12,8,4
"ENSG00000187951.6",1469,1210,1188,1364,1232,1355
"ENSG00000252602.1",19,12,11,13,11,10
"ENSG00000269974.1",92,63,58,35,46,60
"ENSG00000103832.10",25,15,26,27,39,15
"ENSG00000259845.1",31,28,41,45,21,30
"ENSG00000198690.5",571,495,703,836,873,580
"ENSG00000270015.1",146,128,177,198,215,188
"ENSG00000166912.12",242,215,154,246,211,175
"ENSG00000134160.9",40,37,19,73,42,16
"ENSG00000169926.5",1000,867,692,929,823,605
"ENSG00000169918.5",13,19,10,31,29,10
"ENSG00000206127.6",7,8,5,14,24,10
"ENSG00000223509.4",248,219,198,207,168,189
"ENSG00000261064.1",14,4,10,9,2,9
"ENSG00000232653.4",6,10,11,11,5,5
"ENSG00000244952.2",10,1,5,9,14,5
"ENSG00000198826.6",2254,2096,1922,2165,1726,1446
"ENSG00000166922.4",22,10,27,23,37,23
"ENSG00000248905.4",23,22,20,57,45,33
"ENSG00000198838.7",87,66,55,145,126,56
"ENSG00000169857.3",57,34,51,71,31,29
"ENSG00000184984.8",8,10,5,20,18,13
"ENSG00000134153.5",434,398,273,414,284,76
"ENSG00000182405.4",89,59,95,120,148,90
"ENSG00000134152.6",467,487,467,435,398,339
"ENSG00000128463.8",750,720,587,744,597,251
"ENSG00000140199.7",464,411,784,984,805,526
"ENSG00000182117.4",724,626,605,780,659,195
"ENSG00000184507.11",28,14,10,23,39,13
"ENSG00000176454.9",757,623,586,745,405,405
"ENSG00000175265.13",2548,2362,2599,2632,2477,3561
"ENSG00000259917.1",36,38,65,67,55,40
"ENSG00000261559.1",11,25,26,32,33,31
"ENSG00000215252.7",864,747,832,778,468,774
"ENSG00000259892.1",9,10,10,9,12,12
"ENSG00000159248.4",8,4,3,11,11,7
"ENSG00000159251.6",30,22,18,15,12,5
"ENSG00000021776.6",1893,1783,1594,1937,1493,774
"ENSG00000231409.3",10,12,5,16,18,4
"ENSG00000198146.4",822,773,1170,1276,980,588
"ENSG00000134146.7",175,137,118,132,110,66
"ENSG00000248079.2",10,13,14,12,15,6
"ENSG00000186073.7",265,213,291,358,311,194
"ENSG00000261635.2",12,16,17,21,20,20
"ENSG00000261315.2",4,5,17,18,28,28
"ENSG00000260582.1",16,4,5,5,14,10
"ENSG00000223518.5",113,69,138,97,131,122
"ENSG00000134138.15",690,604,682,834,741,578
"ENSG00000166069.9",1,8,4,13,13,3
"ENSG00000166068.8",682,617,701,982,800,524
"ENSG00000171262.7",634,632,644,685,517,234
"ENSG00000259192.1",16,20,9,10,9,11
"ENSG00000172575.7",222,223,377,433,184,166
"ENSG00000259326.1",11,21,29,21,22,19
"ENSG00000259345.1",3,4,60,79,149,116
"ENSG00000259423.1",0,0,7,13,12,15
"ENSG00000175746.4",2,1,19,14,43,22
"ENSG00000259447.1",1,1,24,16,37,51
"ENSG00000137801.9",24,18,25,42,89,71
"ENSG00000261136.1",16,20,20,19,8,11
"ENSG00000166073.4",25,23,105,98,120,77
"ENSG00000128829.7",1643,1478,1720,2072,1469,1092
"ENSG00000140319.6",2289,1872,1949,2400,2152,1379
"ENSG00000248508.2",72,87,100,121,131,87
"ENSG00000104081.9",51,73,129,168,171,130
"ENSG00000156970.8",2330,1895,2359,2645,1918,1443
"ENSG00000137843.7",12,10,60,93,157,118
"ENSG00000260648.2",14,14,16,27,14,13
"ENSG00000137841.7",466,427,1207,1389,1215,1211
"ENSG00000230778.1",122,82,97,120,166,160
"ENSG00000259330.1",82,66,95,122,117,63
"ENSG00000188549.8",45,31,54,77,68,70
"ENSG00000140323.4",42,45,29,82,62,33
"ENSG00000128944.9",1091,993,783,1058,881,560
"ENSG00000128928.4",233,170,258,309,246,247
"ENSG00000140320.7",1592,1452,1128,1479,1428,975
"ENSG00000259364.1",13,21,11,18,7,17
"ENSG00000259211.1",13,17,5,14,8,4
"ENSG00000169105.6",362,213,203,306,285,130
"ENSG00000259536.1",14,11,12,15,8,4
"ENSG00000128891.11",410,405,467,533,515,377
"ENSG00000166133.13",262,207,230,313,252,139
"ENSG00000137812.15",2529,2176,2328,2542,1964,1545
"ENSG00000265814.1",8,10,4,16,4,17
"ENSG00000259254.1",9,11,13,10,13,9
"ENSG00000245849.2",266,165,245,279,253,237
"ENSG00000051180.12",1015,814,802,1045,854,386
"ENSG00000137824.11",810,657,767,929,784,575
"ENSG00000137880.4",338,344,213,294,250,85
"ENSG00000104129.5",248,195,221,269,209,179
"ENSG00000188277.8",97,74,57,88,56,53
"ENSG00000166140.13",543,583,553,672,640,453
"ENSG00000166145.10",308,257,123,138,178,128
"ENSG00000104140.6",48,45,45,35,40,35
"ENSG00000104142.6",421,406,517,655,743,366
"ENSG00000128917.5",40,29,17,38,33,21
"ENSG00000128965.7",124,97,296,416,362,193
"ENSG00000128908.11",1201,1003,973,1321,1231,1062
"ENSG00000259617.1",6,14,13,9,16,10
"ENSG00000259463.1",4,8,8,12,6,11
"ENSG00000259521.1",11,13,14,10,8,16
"ENSG00000259547.1",15,5,8,6,7,11
"ENSG00000178997.7",8,4,7,12,17,14
"ENSG00000187446.7",2418,2217,2077,2779,2226,1103
"ENSG00000247556.2",3596,3301,3167,3717,2994,2220
"ENSG00000104147.4",388,377,296,406,320,98
"ENSG00000137804.8",3826,3533,2777,3421,2821,1690
"ENSG00000259396.1",23,13,17,13,13,10
"ENSG00000137806.4",215,202,253,335,230,125
"ENSG00000137815.10",1630,1472,1309,1497,1257,1023
"ENSG00000137825.6",568,551,732,808,799,529
"ENSG00000062524.11",433,413,221,265,300,281
"ENSG00000103932.7",1580,1389,1293,1621,1373,884
"ENSG00000092445.7",1851,1593,969,1396,975,559
"ENSG00000174197.12",2923,2569,3417,3957,3218,2411
"ENSG00000260814.2",14,5,9,7,17,14
"ENSG00000137802.9",736,613,701,867,573,533
"ENSG00000243708.4",28,28,25,27,25,19
"ENSG00000243789.6",47,57,46,43,65,60
"ENSG00000168970.16",259,246,213,196,214,190
"ENSG00000137877.8",99,85,51,159,134,68
"ENSG00000103966.5",247,240,393,448,450,249
"ENSG00000188089.9",22,15,11,26,29,13
"ENSG00000159337.6",19,14,8,34,38,14
"ENSG00000168907.9",16,14,6,34,15,9
"ENSG00000166887.11",1343,1158,1107,1387,1186,799
"ENSG00000261002.1",11,10,4,10,9,4
"ENSG00000103978.11",548,484,395,499,418,266
"ENSG00000214013.5",291,264,380,403,324,219
"ENSG00000092529.18",4,5,7,11,10,9
"ENSG00000103994.12",3154,3002,3191,4110,3763,2361
"ENSG00000092531.5",1909,1580,1691,2044,2153,1182
"ENSG00000180979.5",424,368,380,431,474,213
"ENSG00000137814.5",583,527,449,603,540,254
"ENSG00000159433.7",1553,1355,615,700,538,551
"ENSG00000140326.8",1893,1617,1463,1736,1301,974
"ENSG00000128881.12",1118,979,940,1088,892,666
"ENSG00000260799.1",46,28,30,34,33,31
"ENSG00000159459.7",1237,1011,1151,1426,1394,1048
"ENSG00000166947.7",82,79,24,75,137,77
"ENSG00000137842.2",287,256,224,305,218,161
"ENSG00000166946.9",1076,1037,920,1192,944,410
"ENSG00000104055.10",16,19,8,36,27,15
"ENSG00000159495.7",15,6,5,22,17,12
"ENSG00000168806.6",162,174,153,211,232,124
"ENSG00000168803.10",352,314,298,421,340,236
"ENSG00000140265.8",711,603,721,849,741,598
"ENSG00000137822.8",1213,1086,1222,1625,1283,849
"ENSG00000243871.2",8,10,13,15,11,6
"ENSG00000067369.9",2928,2561,3219,3882,3417,2563
"ENSG00000166963.8",3591,3181,2319,2648,2408,1962
"ENSG00000168781.17",454,372,417,585,561,427
"ENSG00000237289.5",18,29,18,26,23,17
"ENSG00000242866.5",16,16,9,28,24,14
"ENSG00000166762.12",159,101,192,179,243,318
"ENSG00000224677.1",18,13,19,23,37,38
"ENSG00000249839.1",23,28,23,17,20,21
"ENSG00000223572.5",23,20,12,21,26,8
"ENSG00000166763.7",10,8,5,17,24,10
"ENSG00000205771.2",145,113,92,125,137,77
"ENSG00000167004.8",2810,2289,2469,3230,2836,1659
"ENSG00000128886.7",21,11,11,14,10,8
"ENSG00000140264.15",5932,5379,4869,5976,5422,2108
"ENSG00000242028.1",101,93,92,81,85,94
"ENSG00000140259.6",764,783,739,978,814,479
"ENSG00000092470.7",1112,1086,954,1197,1028,571
"ENSG00000171877.15",115,78,96,135,132,110
"ENSG00000227973.1",20,6,16,10,10,10
"ENSG00000166734.14",1811,1554,1552,2023,1637,1332
"ENSG00000250130.1",46,25,24,33,33,69
"ENSG00000259499.1",17,9,10,11,15,15
"ENSG00000137770.9",1880,1799,1526,1753,1366,884
"ENSG00000259335.1",36,26,29,41,29,24
"ENSG00000259563.1",18,12,17,13,14,14
"ENSG00000179523.4",255,236,299,356,294,166
"ENSG00000104131.8",880,859,883,820,962,631
"ENSG00000259659.1",34,21,20,22,27,24
"ENSG00000104133.10",2970,2702,2765,3369,2760,2156
"ENSG00000229474.2",41,41,45,41,57,30
"ENSG00000166710.13",4222,3935,3187,4381,3596,1175
"ENSG00000185880.8",77,77,181,165,163,87
"ENSG00000259479.2",56,56,28,44,29,15
"ENSG00000140263.9",1745,1721,729,874,852,377
"ENSG00000259418.1",20,10,5,10,12,8
"ENSG00000140279.8",40,32,18,77,76,46
"ENSG00000140274.9",11,12,7,17,8,6
"ENSG00000140254.8",13,12,2,27,20,6
"ENSG00000137857.13",127,106,91,133,132,108
"ENSG00000138606.15",124,122,52,53,85,50
"ENSG00000260035.1",12,9,2,3,15,1
"ENSG00000137860.7",16,15,14,16,21,12
"ENSG00000171766.11",11,12,13,22,22,5
"ENSG00000171763.13",484,419,375,517,498,300
"ENSG00000104154.5",25,22,9,23,29,13
"ENSG00000104164.6",991,905,926,1127,940,568
"ENSG00000137767.9",4,4,11,12,24,8
"ENSG00000137872.11",26,12,10,37,23,14
"ENSG00000213862.4",13,12,8,21,16,4
"ENSG00000188467.6",9,12,2,13,9,4
"ENSG00000104177.13",27,20,18,38,42,25
"ENSG00000074803.13",31,18,11,32,33,11
"ENSG00000128951.9",1668,1494,1561,1789,1504,827
"ENSG00000166147.9",97,53,132,199,223,150
"ENSG00000103995.9",2530,2221,2096,2266,1985,1837
"ENSG00000259216.2",9,9,8,22,15,20
"ENSG00000259469.1",7,6,8,15,11,12
"ENSG00000259700.2",19,20,14,8,6,11
"ENSG00000185634.7",21,16,19,34,33,10
"ENSG00000255302.3",361,304,464,483,460,143
"ENSG00000138593.4",747,604,692,782,731,658
"ENSG00000166200.10",1832,1746,1596,1796,1485,719
"ENSG00000156958.10",781,682,740,888,725,564
"ENSG00000259545.2",13,19,17,11,20,11
"ENSG00000166262.11",104,80,121,137,134,68
"ENSG00000104047.10",259,237,285,360,270,157
"ENSG00000261597.1",5,4,8,12,11,13
"ENSG00000104043.10",19,38,22,52,31,29
"ENSG00000140284.6",703,644,285,380,274,98
"ENSG00000140287.6",8,21,16,18,37,22
"ENSG00000104064.12",853,791,661,889,629,370
"ENSG00000244879.3",452,364,554,588,485,612
"ENSG00000259715.1",71,41,89,84,67,60
"ENSG00000264109.1",19,8,14,7,1,9
"ENSG00000138592.9",1510,1262,1287,1540,1392,982
"ENSG00000242737.1",18,30,25,15,11,23
"ENSG00000259298.1",19,14,9,9,14,9
"ENSG00000170236.10",8,3,5,9,12,14
"ENSG00000092439.9",2221,2035,1750,1996,1816,1544
"ENSG00000259684.1",18,5,12,16,12,6
"ENSG00000138600.5",299,288,222,316,368,176
"ENSG00000081014.6",250,214,290,329,302,199
"ENSG00000259378.1",15,3,2,2,11,7
"ENSG00000259240.1",61,47,80,95,89,61
"ENSG00000183578.5",94,96,116,129,129,122
"ENSG00000259204.1",30,23,20,29,18,21
"ENSG00000137869.9",94,82,168,188,186,168
"ENSG00000259701.1",7,7,7,11,10,19
"ENSG00000259306.2",10,11,11,12,14,14
"ENSG00000186417.9",14,25,64,84,84,64
"ENSG00000104093.9",3873,3441,513,548,548,518
"ENSG00000259668.1",48,35,6,5,3,4
"ENSG00000104112.4",739,597,13,12,13,10
"ENSG00000140280.9",207,204,1,16,15,5
"ENSG00000128872.5",286,280,10,13,12,7
"ENSG00000138594.8",2120,1990,1599,1992,1537,900
"ENSG00000259632.2",18,23,8,3,10,15
"ENSG00000259556.2",32,32,24,29,40,26
"ENSG00000166477.8",738,608,580,718,525,380
"ENSG00000069956.7",2404,2193,1908,2388,2299,1296
"ENSG00000259438.1",0,16,9,9,13,2
"ENSG00000259398.1",22,28,17,10,22,33
"ENSG00000259712.1",24,14,22,10,13,16
"ENSG00000069966.14",20,16,10,43,44,14
"ENSG00000128833.8",21,22,20,36,59,16
"ENSG00000197535.10",41,21,41,61,80,51
"ENSG00000128989.6",1991,1900,1769,2290,1679,1102
"ENSG00000047346.8",191,177,191,213,238,180
"ENSG00000169856.7",17,8,5,17,15,6
"ENSG00000259612.1",51,40,18,39,42,16
"ENSG00000166415.10",16,15,18,32,25,10
"ENSG00000137766.12",35,19,26,80,60,22
"ENSG00000137876.5",2271,1966,2699,3002,2363,1238
"ENSG00000069974.11",993,810,1487,1813,1410,887
"ENSG00000225973.3",99,107,119,164,164,62
"ENSG00000069943.5",210,254,196,249,251,149
"ENSG00000260916.1",267,212,293,424,372,337
"ENSG00000261652.2",12,8,21,31,22,12
"ENSG00000171016.7",5,5,33,51,21,8
"ENSG00000166450.8",12,16,332,441,34,27
"ENSG00000069869.11",378,344,854,1169,949,605
"ENSG00000230183.3",3,6,3,6,19,16
"ENSG00000181827.10",879,774,1803,2185,1535,1343
"ENSG00000261072.2",23,16,32,43,28,58
"ENSG00000151575.10",21,25,169,191,137,89
"ENSG00000138587.5",24,21,187,219,135,117
"ENSG00000137871.15",748,717,944,1154,875,573
"ENSG00000140262.13",3002,2551,3319,4509,3591,2672
"ENSG00000260689.2",8,4,9,18,12,24
"ENSG00000247982.2",4,12,14,23,27,41
"ENSG00000260172.1",8,3,9,14,18,16
"ENSG00000128849.9",17,13,9,41,32,13
"ENSG00000255529.3",179,170,156,193,162,117
"ENSG00000128918.10",5618,5056,1824,2366,899,429
"ENSG00000259477.1",71,63,19,33,10,11
"ENSG00000259285.1",85,74,21,36,9,11
"ENSG00000166035.6",17,21,15,22,46,21
"ENSG00000259250.1",21,19,28,28,28,26
"ENSG00000137845.10",2398,2298,1759,2233,2317,1254
"ENSG00000270986.1",25,27,28,25,21,16
"ENSG00000182625.3",19,4,8,8,12,4
"ENSG00000199730.1",11,25,10,21,12,16
"ENSG00000245975.2",12,8,16,23,25,8
"ENSG00000128923.6",1407,1403,1400,1669,1382,1228
"ENSG00000259402.1",39,23,17,24,14,21
"ENSG00000157450.11",755,740,753,784,765,599
"ENSG00000137776.12",1637,1466,1809,2106,2069,1925
"ENSG00000157456.3",2106,1973,1592,1836,1537,604
"ENSG00000157483.4",63,59,49,68,61,45
"ENSG00000157470.7",7,11,1,12,11,10
"ENSG00000140297.8",10,6,10,15,21,7
"ENSG00000140307.6",755,608,590,682,702,220
"ENSG00000140299.7",735,649,725,805,650,409
"ENSG00000259657.1",47,22,20,30,22,33
"ENSG00000259238.1",24,17,15,12,11,8
"ENSG00000234797.4",104,87,102,138,108,31
"ENSG00000171956.5",7,5,10,11,6,5
"ENSG00000182718.12",5241,4572,4295,5119,4655,2205
"ENSG00000128915.7",1258,1077,1240,1430,1068,740
"ENSG00000245534.2",18,24,34,38,32,24
"ENSG00000069667.11",80,59,78,120,94,59
"ENSG00000129003.11",4288,3788,3687,4327,3942,2817
"ENSG00000264376.1",4,10,4,15,11,7
"ENSG00000198535.5",11,7,4,15,21,2
"ENSG00000205502.3",10,11,20,36,32,22
"ENSG00000166104.10",8,9,92,79,42,75
"ENSG00000260062.2",9,3,53,53,33,23
"ENSG00000261296.1",3,0,14,14,16,8
"ENSG00000171914.10",79,65,73,172,163,50
"ENSG00000140416.15",996,785,606,736,931,774
"ENSG00000259498.1",42,25,20,32,31,24
"ENSG00000103642.7",286,297,291,405,278,182
"ENSG00000185088.8",546,458,555,609,564,252
"ENSG00000166128.8",553,443,653,722,657,427
"ENSG00000138613.9",212,153,239,325,337,164
"ENSG00000074410.9",21,18,5,18,39,3
"ENSG00000140455.12",911,815,939,1113,1050,685
"ENSG00000259248.1",51,56,51,52,39,60
"ENSG00000197361.5",18,12,15,15,19,19
"ENSG00000103657.9",10621,9324,7815,9251,7947,6560
"ENSG00000035664.7",345,328,295,367,229,210
"ENSG00000259351.1",25,12,15,3,5,7
"ENSG00000166797.6",911,837,962,1168,1210,506
"ENSG00000028528.10",1701,1465,1710,2072,1813,1262
"ENSG00000157734.9",209,164,173,223,164,142
"ENSG00000166794.4",1423,1320,1192,1742,1528,760
"ENSG00000169118.11",387,327,421,537,460,341
"ENSG00000259316.3",24,8,7,17,9,6
"ENSG00000166803.6",1347,1317,1074,1344,1237,488
"ENSG00000103671.5",316,259,306,368,288,212
"ENSG00000180357.5",3689,3418,5270,6221,4754,4460
"ENSG00000259682.1",22,13,27,19,25,52
"ENSG00000248415.1",100,58,96,112,84,63
"ENSG00000243403.1",11,1,15,9,14,15
"ENSG00000239465.1",14,14,21,23,11,24
"ENSG00000180304.10",833,679,846,942,929,698
"ENSG00000264937.1",7,19,13,9,19,13
"ENSG00000259635.1",9,3,20,20,16,32
"ENSG00000166831.4",115,113,447,636,630,498
"ENSG00000140451.8",1142,966,877,886,614,648
"ENSG00000241839.5",132,135,225,283,290,171
"ENSG00000166839.12",35,21,44,70,70,53
"ENSG00000090487.6",711,544,684,822,691,346
"ENSG00000103707.5",204,207,178,220,195,119
"ENSG00000103710.6",15,16,9,19,29,14
"ENSG00000234438.2",20,10,20,27,27,17
"ENSG00000246922.4",41,45,57,75,90,111
"ENSG00000090470.10",756,697,810,863,791,691
"ENSG00000166855.5",1820,1676,1905,2284,1814,848
"ENSG00000138615.4",21,16,13,33,39,14
"ENSG00000138617.10",513,473,392,591,452,270
"ENSG00000199568.1",6,9,12,11,10,3
"ENSG00000174498.9",15,13,3,31,21,7
"ENSG00000103742.7",82,57,130,180,342,317
"ENSG00000074603.14",874,798,833,909,808,611
"ENSG00000259232.2",7,14,12,9,17,16
"ENSG00000074696.8",1902,1776,1394,1725,1209,685
"ENSG00000138614.10",724,710,664,855,693,348
"ENSG00000074621.9",265,230,303,396,398,345
"ENSG00000174485.10",1161,991,1746,2016,2438,1860
"ENSG00000103769.5",1895,1705,1750,2290,1705,698
"ENSG00000261544.1",27,35,37,34,38,59
"ENSG00000259924.1",101,72,86,74,92,213
"ENSG00000157890.13",147,102,152,200,161,222
"ENSG00000166938.8",627,558,390,537,426,267
"ENSG00000075131.5",223,163,209,234,222,146
"ENSG00000169032.5",1444,1386,1723,2238,1699,849
"ENSG00000243404.2",26,15,12,18,23,10
"ENSG00000261351.1",15,12,9,11,10,2
"ENSG00000174446.8",179,158,147,202,269,94
"ENSG00000174444.10",44963,40798,36845,46788,35200,19412
"ENSG00000174442.7",582,579,634,736,593,274
"ENSG00000188501.7",19,12,18,29,25,15
"ENSG00000259471.1",195,171,239,216,214,167
"ENSG00000137834.10",592,560,497,708,505,529
"ENSG00000166949.11",1289,1150,1992,2620,2426,2024
"ENSG00000259202.1",13,20,27,35,36,46
"ENSG00000103591.8",1030,960,843,1031,805,500
"ENSG00000103599.15",92,68,101,143,98,98
"ENSG00000259673.1",34,20,32,42,57,40
"ENSG00000189227.4",186,234,165,176,144,94
"ENSG00000270964.1",36,32,18,29,47,14
"ENSG00000137764.15",588,516,475,592,477,329
"ENSG00000259512.3",7,14,11,8,4,14
"ENSG00000188779.6",19,38,25,48,58,34
"ENSG00000033800.9",1079,939,976,1183,1038,683
"ENSG00000129007.10",208,201,224,280,284,249
"ENSG00000128973.7",871,745,638,691,707,616
"ENSG00000169018.5",1216,1166,1232,1577,1488,853
"ENSG00000261425.1",7,3,3,9,15,10
"ENSG00000137809.12",20,14,19,50,142,123
"ENSG00000103647.8",16,10,5,25,28,17
"ENSG00000140350.11",2332,1864,1907,2350,1895,1237
"ENSG00000265195.1",13,13,11,13,11,17
"ENSG00000258484.3",24,16,11,20,22,14
"ENSG00000255346.5",29,33,5,28,26,23
"ENSG00000138604.5",19,29,295,406,484,262
"ENSG00000137819.9",10,5,4,7,25,8
"ENSG00000259426.1",51,51,25,27,4,12
"ENSG00000137807.9",1529,1270,953,1107,899,688
"ENSG00000259191.2",23,18,12,3,13,10
"ENSG00000137818.7",14360,14486,11160,15396,12721,3911
"ENSG00000245750.3",8,10,17,37,28,22
"ENSG00000140332.11",2555,2343,2616,3360,1886,1411
"ENSG00000137831.10",29,21,20,54,27,23
"ENSG00000166173.9",10,5,3,9,10,7
"ENSG00000137821.7",7,7,9,27,16,11
"ENSG00000187720.10",21,33,24,54,47,24
"ENSG00000259781.1",148,115,126,136,118,74
"ENSG00000031544.10",7,9,11,25,22,7
"ENSG00000066933.11",721,781,637,750,781,594
"ENSG00000166192.10",56,38,36,45,29,19
"ENSG00000175318.7",10,10,1,14,26,15
"ENSG00000067225.13",27955,25137,23918,32931,27550,10415
"ENSG00000137817.12",1260,1127,990,1224,1145,1090
"ENSG00000261460.1",38,29,28,19,25,22
"ENSG00000213614.5",566,440,370,484,482,286
"ENSG00000261423.1",63,66,34,74,63,40
"ENSG00000166233.8",1352,1267,1225,1521,1240,622
"ENSG00000260534.1",18,15,45,37,44,33
"ENSG00000260144.1",11,3,10,22,7,9
"ENSG00000215186.6",17,7,3,31,14,3
"ENSG00000140463.9",959,849,794,949,743,471
"ENSG00000159322.13",726,748,585,740,689,500
"ENSG00000260898.1",31,27,29,42,33,22
"ENSG00000067141.12",47,46,1239,1936,551,292
"ENSG00000138622.3",10,19,11,29,32,14
"ENSG00000183324.6",15,7,7,12,13,14
"ENSG00000156642.12",469,377,453,630,641,341
"ENSG00000103855.13",181,144,214,346,385,236
"ENSG00000167139.4",3,3,3,11,10,7
"ENSG00000129038.11",8,10,10,25,22,5
"ENSG00000067221.9",197,165,203,300,266,118
"ENSG00000140464.15",1385,1205,1336,1714,1312,1084
"ENSG00000159289.6",11,10,19,44,31,14
"ENSG00000167178.11",11,9,2,22,22,7
"ENSG00000129009.8",4,5,6,17,13,8
"ENSG00000137868.14",47,43,85,185,375,286
"ENSG00000259264.1",5,7,4,9,26,28
"ENSG00000140481.9",28,20,12,53,22,13
"ENSG00000140459.13",36,18,5,19,10,9
"ENSG00000138623.5",4464,3998,735,965,877,493
"ENSG00000138629.11",709,584,514,648,602,220
"ENSG00000247240.3",216,188,153,187,155,119
"ENSG00000260103.2",117,111,73,73,94,75
"ENSG00000261775.1",35,12,4,16,12,20
"ENSG00000179361.13",1418,1171,1390,1690,1457,1069
"ENSG00000179335.14",2182,1927,1359,1697,1610,1078
"ENSG00000179151.7",1064,988,1083,1377,1238,677
"ENSG00000140465.9",18,5,8,18,18,11
"ENSG00000140505.6",13,11,6,18,11,1
"ENSG00000103653.12",823,761,1090,1277,1085,738
"ENSG00000140474.8",810,689,636,864,786,613
"ENSG00000140497.12",1159,1076,758,1033,967,508
"ENSG00000178802.13",1177,1043,1365,1647,1411,719
"ENSG00000178761.10",918,856,646,782,737,577
"ENSG00000178741.7",1820,1793,1828,2173,2039,662
"ENSG00000178718.5",58,58,36,43,45,48
"ENSG00000138621.7",225,203,241,320,174,158
"ENSG00000167173.14",1310,1029,2147,2729,936,761
"ENSG00000167195.7",4,1,3,17,16,4
"ENSG00000140365.11",550,597,400,448,483,233
"ENSG00000140398.9",298,261,211,223,210,200
"ENSG00000260591.1",6,17,16,4,14,21
"ENSG00000140400.10",2763,2463,2187,2576,2209,2081
"ENSG00000260274.1",21,15,9,14,17,9
"ENSG00000169375.11",2059,1886,1522,2064,1861,1108
"ENSG00000241890.1",22,9,6,12,4,5
"ENSG00000261714.2",6,4,4,12,12,13
"ENSG00000169410.5",655,652,579,888,728,427
"ENSG00000260269.1",19,15,24,19,21,14
"ENSG00000169371.9",335,268,323,379,306,204
"ENSG00000177971.7",714,622,672,767,695,322
"ENSG00000173548.8",1033,850,896,1108,991,695
"ENSG00000173546.7",97,71,58,125,106,121
"ENSG00000203392.2",11,9,11,9,7,23
"ENSG00000182950.2",15,10,4,14,14,10
"ENSG00000256530.1",21,8,14,27,11,12
"ENSG00000187812.8",6,8,10,27,29,8
"ENSG00000140367.7",894,663,505,609,436,324
"ENSG00000266308.1",10,6,0,5,7,11
"ENSG00000167196.9",1001,988,1123,1271,1132,485
"ENSG00000169752.12",38,16,48,35,40,71
"ENSG00000169758.8",58,47,42,38,61,43
"ENSG00000140374.11",3317,3070,2798,3635,3044,842
"ENSG00000259581.3",248,171,180,186,207,225
"ENSG00000159556.5",256,262,244,271,224,188
"ENSG00000259514.1",35,26,17,16,27,21
"ENSG00000140386.8",274,255,269,355,310,294
"ENSG00000117906.9",658,635,441,551,458,212
"ENSG00000140368.8",18,15,6,46,25,15
"ENSG00000260787.1",12,7,11,15,4,4
"ENSG00000140391.10",1278,1310,909,1254,876,372
"ENSG00000269951.1",28,30,25,19,23,18
"ENSG00000173517.6",1458,1321,1960,2411,1985,2005
"ENSG00000230459.2",13,8,15,16,9,9
"ENSG00000140382.10",1011,909,1019,1269,1084,658
"ENSG00000169783.8",770,620,618,826,679,526
"ENSG00000259666.1",14,9,58,49,48,55
"ENSG00000260139.2",13,9,11,20,33,22
"ENSG00000260776.1",26,25,13,36,23,10
"ENSG00000261143.1",14,12,6,28,27,6
"ENSG00000167202.7",556,523,583,669,599,481
"ENSG00000183476.8",18,20,18,26,20,9
"ENSG00000136425.8",433,449,289,421,352,168
"ENSG00000166411.9",460,346,318,458,407,203
"ENSG00000103740.5",108,103,548,598,712,622
"ENSG00000140403.8",43,39,17,44,17,30
"ENSG00000140395.4",727,727,518,701,562,153
"ENSG00000259562.2",18,19,11,20,12,24
"ENSG00000136381.8",1800,1826,1530,1999,1609,984
"ENSG00000188266.9",98,57,44,56,33,22
"ENSG00000041357.11",1955,2069,2442,2959,2393,884
"ENSG00000169684.9",22,20,30,40,33,16
"ENSG00000080644.11",10,22,17,23,17,13
"ENSG00000117971.7",9,7,6,19,32,11
"ENSG00000261303.1",6,1,2,17,18,4
"ENSG00000136378.10",41,36,39,52,78,25
"ENSG00000185787.10",3348,3044,3216,3813,3050,1576
"ENSG00000252061.1",7,6,8,13,20,7
"ENSG00000103811.11",1672,1463,634,845,522,263
"ENSG00000058335.11",53,20,20,49,42,27
"ENSG00000235711.3",6,3,8,10,8,14
"ENSG00000166557.8",990,858,823,1057,828,339
"ENSG00000261712.1",4,4,8,12,10,13
"ENSG00000169330.4",20,15,57,76,97,78
"ENSG00000136371.5",162,176,162,162,138,76
"ENSG00000180953.7",32,35,37,36,45,16
"ENSG00000259642.1",26,32,13,28,36,19
"ENSG00000086666.14",1230,1096,1201,1395,1138,644
"ENSG00000103876.7",1503,1221,809,1178,808,383
"ENSG00000259417.2",11,7,8,11,2,0
"ENSG00000172379.14",14,8,4,12,30,11
"ENSG00000103888.11",67,78,82,97,86,94
"ENSG00000117899.6",581,527,356,537,437,220
"ENSG00000140406.2",805,679,344,467,246,121
"ENSG00000156206.9",79,81,27,30,45,34
"ENSG00000172349.12",170,168,48,67,71,63
"ENSG00000172345.9",54,54,46,51,46,10
"ENSG00000259343.1",13,9,16,46,8,14
"ENSG00000188869.8",30,35,41,62,65,23
"ENSG00000259543.1",23,22,49,44,37,19
"ENSG00000259594.1",41,28,59,75,38,51
"ENSG00000259692.1",92,73,146,178,116,82
"ENSG00000183496.5",1054,938,974,1214,755,530
"ENSG00000259518.1",4,3,23,24,30,28
"ENSG00000140598.9",602,545,701,865,801,404
"ENSG00000188659.5",82,78,97,142,103,78
"ENSG00000237550.4",14,8,8,20,10,1
"ENSG00000186322.9",17,13,11,46,31,8
"ENSG00000184779.8",42,37,31,40,51,20
"ENSG00000215749.8",15,12,4,20,13,9
"ENSG00000259328.1",13,11,10,15,3,2
"ENSG00000230903.5",21,22,20,10,15,18
"ENSG00000182774.6",94,77,74,78,42,31
"ENSG00000261086.1",7,10,3,3,5,16
"ENSG00000214575.5",463,416,391,543,480,338
"ENSG00000259462.1",19,5,10,7,7,17
"ENSG00000103723.8",47,46,38,70,58,33
"ENSG00000259315.1",33,33,40,43,43,47
"ENSG00000259442.1",89,79,89,101,112,73
"ENSG00000250988.3",52,52,60,72,48,32
"ENSG00000252690.2",36,23,29,30,23,15
"ENSG00000186628.8",17,31,23,45,16,25
"ENSG00000156232.6",472,378,335,468,370,320
"ENSG00000103942.8",11,18,15,17,22,18
"ENSG00000169612.3",92,111,115,155,133,60
"ENSG00000169609.9",244,183,177,178,214,123
"ENSG00000260608.1",22,17,19,27,31,23
"ENSG00000064726.5",2273,2134,2236,2737,2356,903
"ENSG00000259767.1",9,5,4,19,14,16
"ENSG00000259308.3",8,15,12,7,14,13
"ENSG00000136404.11",146,115,376,509,405,198
"ENSG00000166503.4",568,519,919,1128,862,609
"ENSG00000259986.1",15,9,17,21,6,20
"ENSG00000169594.8",11,6,1,24,13,4
"ENSG00000140600.12",65,54,121,161,264,193
"ENSG00000156218.8",21,17,18,49,38,28
"ENSG00000259404.1",6,12,11,24,94,74
"ENSG00000259511.1",67,53,30,21,35,25
"ENSG00000259726.1",587,426,231,253,353,401
"ENSG00000225151.6",251,189,71,86,93,70
"ENSG00000184206.7",25,18,17,27,21,25
"ENSG00000259683.1",49,56,10,12,29,28
"ENSG00000235370.5",59,45,5,16,12,13
"ENSG00000230373.4",113,62,66,98,93,104
"ENSG00000189136.4",331,260,225,265,167,239
"ENSG00000259728.1",12,17,13,13,18,7
"ENSG00000176371.9",230,208,173,244,172,121
"ENSG00000176700.15",205,206,290,268,282,298
"ENSG00000254414.1",10,13,11,3,8,4
"ENSG00000177082.8",332,291,384,520,478,373
"ENSG00000197696.5",19,8,7,15,8,9
"ENSG00000140612.9",2349,2219,1644,1889,1647,650
"ENSG00000259654.1",23,14,7,12,10,9
"ENSG00000166716.5",2123,1843,1865,2326,1779,1485
"ENSG00000136383.6",44,43,36,66,94,98
"ENSG00000156222.7",11,15,13,20,20,9
"ENSG00000073417.10",1845,1457,883,1019,732,642
"ENSG00000259295.2",49,43,29,27,15,36
"ENSG00000229212.3",47,70,19,15,22,20
"ENSG00000188388.9",5,4,7,29,26,3
"ENSG00000218052.4",6,9,3,17,12,3
"ENSG00000170776.15",46,48,47,93,95,55
"ENSG00000183655.11",10,10,4,17,20,0
"ENSG00000166748.8",13,12,10,30,34,14
"ENSG00000259560.1",162,114,310,365,406,314
"ENSG00000259527.1",52,33,82,88,90,155
"ENSG00000140538.12",31,17,16,31,42,20
"ENSG00000259494.1",167,113,89,123,162,51
"ENSG00000173867.8",18,6,5,6,10,14
"ENSG00000181991.11",343,319,313,402,357,245
"ENSG00000271997.1",79,71,51,53,58,68
"ENSG00000140543.9",217,179,169,169,234,151
"ENSG00000181026.13",532,474,478,593,641,420
"ENSG00000172183.10",21,18,28,44,78,51
"ENSG00000157766.11",34,21,20,60,58,19
"ENSG00000140511.7",55,62,165,211,313,304
"ENSG00000140545.10",2146,2049,4720,6801,5820,2924
"ENSG00000260123.1",1,1,12,16,8,5
"ENSG00000140526.12",2300,2007,8059,11211,11175,6406
"ENSG00000239151.1",2,8,10,11,5,15
"ENSG00000259699.2",14,10,31,32,34,54
"ENSG00000140522.7",4,4,8,10,11,6
"ENSG00000140525.13",4595,4043,3511,4095,3655,2951
"ENSG00000140521.7",2150,1920,2277,2744,2298,1852
"ENSG00000261441.1",40,29,15,32,24,10
"ENSG00000140519.8",13,6,7,16,26,22
"ENSG00000259713.1",34,21,15,9,8,11
"ENSG00000140534.9",2744,2295,1747,2112,1737,1560
"ENSG00000166813.10",325,245,133,209,254,268
"ENSG00000166819.7",12,7,2,24,9,6
"ENSG00000140527.10",25,5,11,21,31,4
"ENSG00000166823.5",25,35,8,27,10,5
"ENSG00000188095.3",11,10,12,23,13,7
"ENSG00000166825.9",117,88,52,91,72,42
"ENSG00000157823.12",399,340,315,392,303,199
"ENSG00000259677.1",9,13,15,8,7,4
"ENSG00000140548.5",582,549,418,568,487,315
"ENSG00000259291.1",33,32,30,29,27,18
"ENSG00000182054.5",4518,4151,3422,4625,2897,1349
"ENSG00000185033.10",3694,2918,1988,2653,2222,1536
"ENSG00000225193.5",74,56,52,37,36,56
"ENSG00000185043.6",1294,1215,1166,1469,964,451
"ENSG00000183208.8",74,62,120,126,77,62
"ENSG00000213471.4",7,9,14,27,19,6
"ENSG00000182768.7",670,550,571,663,624,403
"ENSG00000228998.3",55,62,73,77,81,55
"ENSG00000196391.6",73,35,74,95,65,68
"ENSG00000140575.8",4871,4284,4263,5532,4202,2355
"ENSG00000140577.11",972,888,872,1020,919,680
"ENSG00000259212.1",27,9,12,16,20,30
"ENSG00000259314.1",11,4,17,9,1,5
"ENSG00000259736.1",15,20,18,16,23,24
"ENSG00000197299.6",1411,1174,928,981,900,670
"ENSG00000200677.1",13,18,10,5,3,6
"ENSG00000140564.6",8036,7182,3873,5424,5224,3152
"ENSG00000182511.7",84,65,34,96,77,81
"ENSG00000196547.10",7817,7028,3729,4579,5012,4776
"ENSG00000140553.12",2696,2303,2261,2692,2673,1642
"ENSG00000184508.6",214,190,171,170,165,97
"ENSG00000258384.1",57,64,26,47,27,31
"ENSG00000166965.8",1924,1791,1105,1366,1273,1024
"ENSG00000198901.9",4782,4254,3280,3971,2801,2003
"ENSG00000258725.1",96,116,64,82,54,56
"ENSG00000184056.10",863,785,649,934,659,331
"ENSG00000214432.5",17,16,21,21,21,7
"ENSG00000185518.7",17,16,13,27,33,14
"ENSG00000176463.9",27,13,8,41,49,24
"ENSG00000140557.7",10,7,5,15,21,1
"ENSG00000185442.8",89,46,47,43,81,37
"ENSG00000253954.2",17,25,24,20,9,8
"ENSG00000260361.1",2,12,7,3,7,12
"ENSG00000272888.1",1029,950,633,540,583,686
"ENSG00000173575.14",6390,5544,6675,7384,7164,6923
"ENSG00000264173.1",30,26,10,24,16,8
"ENSG00000182175.9",33,24,75,72,115,139
"ENSG00000140563.10",20,11,10,19,42,17
"ENSG00000260521.2",423,291,421,455,395,435
"ENSG00000270017.1",8,16,8,13,4,8
"ENSG00000258433.1",11,5,17,17,16,13
"ENSG00000258773.1",24,19,36,51,44,52
"ENSG00000222076.1",8,7,11,13,14,27
"ENSG00000247809.3",132,133,71,67,84,101
"ENSG00000185551.8",640,621,232,350,464,339
"ENSG00000259485.1",1,1,39,45,64,36
"ENSG00000259664.1",3,3,10,18,11,13
"ENSG00000251209.3",227,157,199,190,279,265
"ENSG00000140450.7",580,557,493,705,931,623
"ENSG00000259478.2",22,11,1,4,13,14
"ENSG00000259611.1",32,39,4,10,21,10
"ENSG00000140443.9",608,612,382,562,527,363
"ENSG00000183571.9",20,9,3,15,13,29
"ENSG00000182253.10",122,105,24,40,46,40
"ENSG00000103852.8",182,163,158,180,277,207
"ENSG00000259921.1",9,13,6,9,8,14
"ENSG00000168904.10",136,129,129,204,185,100
"ENSG00000259706.1",20,18,16,28,26,25
"ENSG00000068305.13",466,444,702,769,896,719
"ENSG00000183060.11",73,73,87,114,161,141
"ENSG00000182397.10",8,10,13,6,20,16
"ENSG00000259363.1",6,10,13,22,11,9
"ENSG00000140470.9",30,18,21,57,34,26
"ENSG00000270127.1",3,5,16,18,10,25
"ENSG00000259205.2",10,7,17,17,16,66
"ENSG00000140471.12",290,255,344,347,402,276
"ENSG00000183475.8",277,220,244,295,320,220
"ENSG00000259381.2",10,6,7,12,4,6
"ENSG00000184254.12",12,8,10,21,12,13
"ENSG00000154237.8",41,29,33,60,66,43
"ENSG00000259755.1",10,7,14,7,27,10
"ENSG00000131873.5",642,652,743,931,958,679
"ENSG00000131871.10",396,332,281,406,442,222
"ENSG00000131876.12",1444,1228,1136,1539,1401,718
"ENSG00000259172.1",59,28,32,32,50,39
"ENSG00000140479.12",1344,1117,798,974,1312,1085
"ENSG00000259764.1",13,7,11,23,17,11
"ENSG00000184277.8",439,459,236,358,389,157
"ENSG00000185418.11",380,327,300,410,428,336
"ENSG00000259658.3",70,81,84,124,99,77
"ENSG00000259660.2",68,76,90,96,198,187
"ENSG00000259236.1",17,9,17,38,43,48
"ENSG00000177693.3",8,6,2,6,12,19
"ENSG00000248893.3",9,9,10,4,23,9
"ENSG00000185596.12",1246,1101,1020,1234,1260,1140
"ENSG00000234769.4",92,72,70,92,88,64
"ENSG00000231439.3",31,42,60,97,68,35
"ENSG00000226942.2",49,34,51,31,62,45
"ENSG00000161980.5",546,485,453,614,525,146
"ENSG00000161981.6",929,817,672,860,766,363
"ENSG00000007384.11",735,625,363,409,464,426
"ENSG00000103152.7",955,799,668,918,754,342
"ENSG00000103148.11",2039,1672,1761,1983,1813,1513
"ENSG00000228779.1",70,36,51,53,56,71
"ENSG00000130656.4",13054,11781,4631,6671,4497,2108
"ENSG00000206177.2",72,86,27,48,48,23
"ENSG00000206178.2",40,29,11,8,16,2
"ENSG00000188536.8",4610,3962,618,799,1773,545
"ENSG00000206172.4",1015,949,269,509,657,191
"ENSG00000086506.2",777,666,508,579,543,322
"ENSG00000268836.1",11,8,10,7,7,10
"ENSG00000007392.12",2457,2153,1789,1948,1589,1738
"ENSG00000167930.11",995,830,584,825,703,375
"ENSG00000076344.11",14,24,10,26,37,15
"ENSG00000242173.4",296,250,27,30,7,8
"ENSG00000185615.11",202,192,25,62,28,20
"ENSG00000103126.10",2478,2150,1909,2363,2193,1606
"ENSG00000086504.11",1512,1468,1383,1900,1383,763
"ENSG00000129925.6",1919,1651,1239,1763,1598,1077
"ENSG00000236829.5",39,31,40,47,18,39
"ENSG00000103202.8",2902,2552,1851,2673,1774,994
"ENSG00000242612.2",375,285,186,299,180,101
"ENSG00000090565.11",748,630,587,673,646,649
"ENSG00000256323.1",35,27,33,35,17,47
"ENSG00000103326.6",3274,2835,2667,3003,2961,3173
"ENSG00000266124.1",32,35,26,34,21,40
"ENSG00000266235.1",31,20,26,13,18,22
"ENSG00000161992.5",119,131,43,62,39,32
"ENSG00000007541.10",1306,1027,1162,1407,1352,1251
"ENSG00000257108.1",181,160,255,358,225,179
"ENSG00000197562.5",830,810,714,943,817,650
"ENSG00000196674.1",15,24,12,8,12,18
"ENSG00000127578.6",215,205,112,143,128,156
"ENSG00000130731.11",1283,1194,1036,1247,953,636
"ENSG00000172366.15",1102,921,766,1024,846,460
"ENSG00000161996.13",376,327,275,388,286,294
"ENSG00000140983.9",4109,3855,3760,4775,4227,3555
"ENSG00000103269.9",286,199,149,208,164,164
"ENSG00000260394.2",30,17,16,17,10,14
"ENSG00000103266.6",751,667,564,785,755,479
"ENSG00000161999.7",363,335,334,435,377,243
"ENSG00000127580.11",544,460,441,576,550,340
"ENSG00000261659.2",15,9,9,19,13,11
"ENSG00000127585.7",218,251,278,313,306,227
"ENSG00000103260.4",548,533,379,485,374,268
"ENSG00000103254.5",733,627,540,740,551,363
"ENSG00000162004.12",227,176,145,185,207,181
"ENSG00000103253.13",940,851,518,647,517,484
"ENSG00000103245.9",707,651,567,683,645,484
"ENSG00000102854.10",23,8,7,36,19,10
"ENSG00000007376.3",337,266,339,428,430,331
"ENSG00000127586.12",2752,2316,2060,2393,2053,2289
"ENSG00000127588.4",19,19,10,7,18,25
"ENSG00000167945.1",62,46,25,63,43,37
"ENSG00000103227.14",188,135,111,174,153,150
"ENSG00000260316.1",10,10,1,4,2,10
"ENSG00000260439.1",24,12,6,8,9,11
"ENSG00000260807.2",11,6,24,24,59,52
"ENSG00000005513.9",20,15,16,11,31,40
"ENSG00000162009.7",13,2,5,12,12,3
"ENSG00000196557.6",33,48,67,118,174,133
"ENSG00000197253.9",5,1,2,13,17,2
"ENSG00000172236.12",6,8,6,21,17,13
"ENSG00000095917.9",10,9,8,14,21,7
"ENSG00000260710.1",11,14,5,0,2,0
"ENSG00000103275.14",2160,1891,1698,2117,1806,1086
"ENSG00000261505.1",331,294,217,159,176,280
"ENSG00000007516.9",451,415,533,627,559,603
"ENSG00000007520.3",644,568,478,588,544,344
"ENSG00000090581.5",557,481,349,469,462,414
"ENSG00000260425.1",14,10,9,1,2,11
"ENSG00000059145.14",2056,1725,1282,1532,1253,1323
"ENSG00000265529.1",13,4,1,1,15,9
"ENSG00000260132.1",10,1,0,11,4,3
"ENSG00000174109.3",235,188,157,213,134,90
"ENSG00000197599.8",94,71,33,61,81,77
"ENSG00000103249.13",2852,2407,2510,2965,2658,2395
"ENSG00000260051.1",146,116,126,117,104,113
"ENSG00000261430.1",12,17,11,17,4,19
"ENSG00000251692.3",12,7,2,22,6,12
"ENSG00000100726.10",2183,1835,1636,2000,1808,1619
"ENSG00000187535.9",703,656,749,981,858,716
"ENSG00000131634.9",47,25,25,40,29,43
"ENSG00000260954.1",7,11,2,8,6,13
"ENSG00000007545.11",579,492,485,503,473,495
"ENSG00000261732.1",72,68,36,34,41,31
"ENSG00000206053.8",2738,2758,1881,2474,1984,1151
"ENSG00000138834.8",3337,2936,3136,3325,3094,3858
"ENSG00000261399.1",12,14,10,4,3,8
"ENSG00000261207.1",50,54,49,35,47,65
"ENSG00000103024.3",483,469,555,626,472,280
"ENSG00000074071.9",1866,1702,1469,1858,1396,789
"ENSG00000197774.8",497,374,493,604,597,633
"ENSG00000162032.11",31,25,19,23,22,16
"ENSG00000095906.12",1435,1261,972,1327,1149,620
"ENSG00000099769.5",82,67,45,65,65,100
"ENSG00000063854.8",684,599,433,606,485,305
"ENSG00000180185.7",175,170,200,223,232,156
"ENSG00000162039.10",1049,1009,1015,1259,830,495
"ENSG00000198736.7",563,541,341,429,282,130
"ENSG00000140986.7",22,14,24,38,53,32
"ENSG00000140990.10",835,733,860,1179,887,415
"ENSG00000140988.11",56058,52891,37203,51149,38994,12492
"ENSG00000255198.3",53,48,22,38,49,27
"ENSG00000179580.5",8,9,10,17,14,6
"ENSG00000183751.10",1726,1667,1474,1940,1510,879
"ENSG00000127554.12",496,484,433,600,519,266
"ENSG00000127561.10",592,531,617,836,589,382
"ENSG00000167962.8",1900,1683,1711,2310,2087,1908
"ENSG00000183971.5",75,53,91,129,88,61
"ENSG00000065054.9",552,528,474,591,433,287
"ENSG00000065057.3",295,249,175,208,176,91
"ENSG00000103197.12",2475,2085,2015,2526,2100,1877
"ENSG00000008710.13",6664,5804,4794,5508,4670,5196
"ENSG00000259933.2",21,15,9,7,11,14
"ENSG00000261123.1",10,13,8,6,7,14
"ENSG00000261240.1",21,11,10,13,8,9
"ENSG00000167964.8",269,223,375,461,371,309
"ENSG00000260260.1",422,389,387,525,413,242
"ENSG00000206630.1",13,13,18,11,11,11
"ENSG00000131653.8",3644,3221,2828,3698,2986,1915
"ENSG00000167971.14",592,470,400,534,331,293
"ENSG00000167965.13",1723,1626,1386,1916,1303,648
"ENSG00000182685.3",143,161,121,137,167,173
"ENSG00000184207.8",1088,978,823,1079,975,798
"ENSG00000167967.11",1971,1599,1453,1810,1537,1488
"ENSG00000259780.2",10,12,5,5,6,9
"ENSG00000167968.8",118,108,90,165,139,108
"ENSG00000167969.8",2822,2585,2713,3273,2566,1372
"ENSG00000261663.1",99,73,88,86,72,118
"ENSG00000205937.7",3738,3342,3212,3942,3131,2317
"ENSG00000260778.2",41,25,33,19,18,30
"ENSG00000167972.9",1353,1174,1500,1929,1577,1283
"ENSG00000243445.1",3,8,14,21,17,19
"ENSG00000238098.4",54,26,59,69,59,52
"ENSG00000162063.8",2205,2055,2101,2801,2242,1560
"ENSG00000260095.1",14,20,16,15,15,11
"ENSG00000260874.1",25,28,8,14,13,9
"ENSG00000162062.10",498,427,343,423,370,232
"ENSG00000259895.1",30,15,27,19,24,34
"ENSG00000162068.1",72,52,60,75,61,96
"ENSG00000162065.7",1121,927,1012,1135,800,711
"ENSG00000260293.1",8,13,8,14,10,9
"ENSG00000185883.6",92,79,108,110,108,33
"ENSG00000162066.10",246,277,231,261,250,224
"ENSG00000140992.14",804,781,702,915,752,529
"ENSG00000269937.1",24,39,22,34,31,51
"ENSG00000261140.1",16,6,20,4,6,6
"ENSG00000215154.2",195,167,161,261,221,165
"ENSG00000205918.5",24,28,41,38,28,53
"ENSG00000260565.2",247,193,231,263,291,283
"ENSG00000167977.4",890,762,818,1036,870,515
"ENSG00000172382.5",25,26,13,26,25,20
"ENSG00000205913.2",56,50,29,45,41,58
"ENSG00000167978.12",31954,26982,25135,28879,24532,27903
"ENSG00000103363.10",1978,1858,1528,2040,1594,560
"ENSG00000007038.6",1425,1219,1094,1642,1412,830
"ENSG00000262154.1",7,12,9,10,9,6
"ENSG00000162078.7",7,12,7,11,20,11
"ENSG00000172460.10",4,1,22,14,17,13
"ENSG00000005001.5",7,5,13,21,25,25
"ENSG00000263280.1",2,0,11,9,11,6
"ENSG00000162076.8",285,226,443,638,465,345
"ENSG00000059122.12",962,889,1075,1371,1218,905
"ENSG00000131650.9",181,168,143,230,186,159
"ENSG00000127564.12",1773,1688,1441,1695,1609,1296
"ENSG00000162073.9",363,360,223,284,296,198
"ENSG00000262152.2",22,19,12,13,17,27
"ENSG00000270168.1",13,10,2,8,2,6
"ENSG00000262362.1",18,11,6,8,7,8
"ENSG00000272079.1",66,67,96,81,98,62
"ENSG00000213937.3",56,32,27,54,37,46
"ENSG00000184697.6",10,9,25,66,14,7
"ENSG00000006327.9",557,560,415,538,539,352
"ENSG00000103145.6",309,268,179,257,210,194
"ENSG00000131652.9",934,833,710,748,705,421
"ENSG00000162069.10",60,51,30,49,52,50
"ENSG00000008516.12",44,34,37,37,41,34
"ENSG00000261971.2",94,65,72,74,80,120
"ENSG00000008517.12",11,1,12,8,8,11
"ENSG00000130182.3",13,16,11,56,24,4
"ENSG00000263214.1",19,3,8,4,12,0
"ENSG00000122386.6",349,294,256,347,283,251
"ENSG00000263072.1",126,162,153,167,210,189
"ENSG00000085644.9",300,255,232,309,335,265
"ENSG00000228146.2",27,17,21,50,17,12
"ENSG00000261889.1",170,90,99,107,102,33
"ENSG00000010539.7",184,144,285,338,355,284
"ENSG00000103313.7",21,15,10,34,26,10
"ENSG00000006194.6",749,630,667,858,790,545
"ENSG00000140993.6",45,48,99,116,144,91
"ENSG00000162086.10",112,106,245,308,374,339
"ENSG00000140987.15",294,231,308,388,323,243
"ENSG00000103343.8",234,206,208,229,191,138
"ENSG00000167981.4",14,8,4,21,20,9
"ENSG00000122390.13",59,44,45,30,40,46
"ENSG00000103351.8",119,103,109,112,104,81
"ENSG00000167984.12",20,24,27,41,40,20
"ENSG00000188827.6",761,630,789,1082,861,703
"ENSG00000213918.6",1045,894,678,791,645,595
"ENSG00000263235.1",12,14,5,7,13,10
"ENSG00000126602.6",4361,3768,3640,4877,3718,1598
"ENSG00000178430.4",15,28,16,29,18,17
"ENSG00000005339.8",3017,2704,2927,3560,2930,3024
"ENSG00000162104.5",31,45,23,49,56,30
"ENSG00000262468.1",62,47,75,60,46,45
"ENSG00000090447.7",718,620,585,777,548,407
"ENSG00000126603.4",266,211,166,190,234,232
"ENSG00000217930.3",144,127,120,128,130,112
"ENSG00000262712.1",18,22,17,22,31,14
"ENSG00000262246.1",338,332,341,348,323,256
"ENSG00000168140.4",307,276,190,216,225,209
"ENSG00000103423.9",1551,1360,2012,2530,1980,1355
"ENSG00000153406.9",659,629,594,798,688,432
"ENSG00000103415.7",493,404,478,602,537,296
"ENSG00000089486.12",35,30,19,45,39,38
"ENSG00000205832.7",28,14,11,22,30,9
"ENSG00000153443.8",627,529,399,505,549,449
"ENSG00000102858.8",1365,1221,1292,1709,1407,1284
"ENSG00000261442.1",33,26,27,30,30,31
"ENSG00000168101.10",394,324,335,384,250,182
"ENSG00000168096.10",765,651,566,673,594,573
"ENSG00000166246.9",23,27,22,33,24,25
"ENSG00000103199.9",482,374,421,464,447,347
"ENSG00000067836.8",316,316,244,319,154,135
"ENSG00000140632.12",1671,1502,1493,1821,1560,1261
"ENSG00000118900.10",2871,2642,2896,3593,2736,2183
"ENSG00000118898.11",88,82,71,154,114,98
"ENSG00000103184.7",4,16,10,20,8,8
"ENSG00000103174.7",152,149,117,148,121,97
"ENSG00000033011.7",224,205,206,275,215,160
"ENSG00000153446.11",7,15,8,11,10,6
"ENSG00000118894.10",123,132,72,138,106,66
"ENSG00000078328.15",47,31,80,53,63,76
"ENSG00000260289.1",93,94,81,107,106,62
"ENSG00000067365.10",738,631,599,724,605,573
"ENSG00000183044.7",18,24,33,55,35,36
"ENSG00000184857.7",141,113,111,156,156,99
"ENSG00000140650.7",445,391,397,447,482,460
"ENSG00000260276.1",67,54,77,117,72,120
"ENSG00000153048.6",1119,996,697,900,742,523
"ENSG00000187555.10",2701,2436,3067,3730,3029,1909
"ENSG00000260979.1",40,29,20,28,18,20
"ENSG00000182831.7",1195,1057,1376,1627,1385,1030
"ENSG00000262944.1",412,348,380,469,398,356
"ENSG00000260349.1",96,69,98,94,74,86
"ENSG00000263244.1",1197,1086,1216,1396,1093,713
"ENSG00000183454.9",24,11,14,52,50,21
"ENSG00000166669.9",664,578,1506,1646,1039,883
"ENSG00000264305.1",21,12,36,36,16,25
"ENSG00000213853.5",61,71,117,196,343,212
"ENSG00000153060.3",17,11,32,23,38,20
"ENSG00000103274.6",132,132,143,207,182,92
"ENSG00000166676.10",13,13,63,62,80,55
"ENSG00000179583.13",41,37,40,86,60,46
"ENSG00000182108.5",14,11,12,13,21,14
"ENSG00000263013.1",95,74,46,62,47,57
"ENSG00000262222.1",67,68,55,57,45,36
"ENSG00000038532.10",1055,918,1173,1455,1315,1104
"ENSG00000229917.2",11,14,10,20,13,19
"ENSG00000262020.1",12,5,14,2,13,14
"ENSG00000263179.1",57,45,4,4,5,0
"ENSG00000175643.7",811,777,486,730,593,308
"ENSG00000185338.4",643,558,99,143,68,54
"ENSG00000263080.1",20,11,16,11,14,4
"ENSG00000262703.1",34,33,26,14,31,19
"ENSG00000188897.4",413,309,382,440,273,333
"ENSG00000262999.1",34,23,37,23,20,21
"ENSG00000189067.8",547,552,298,359,508,222
"ENSG00000184602.5",95,98,82,110,75,66
"ENSG00000153066.8",662,566,574,732,617,464
"ENSG00000262420.2",71,54,62,78,70,45
"ENSG00000122299.7",1122,993,874,1119,947,677
"ENSG00000171490.8",4880,4503,4381,5187,3917,2380
"ENSG00000263307.1",60,54,66,85,70,40
"ENSG00000103342.8",4218,3941,3894,4727,3824,2221
"ENSG00000261560.1",31,29,31,30,30,41
"ENSG00000260318.1",30,28,29,26,26,37
"ENSG00000261216.1",57,19,29,36,15,40
"ENSG00000234719.4",16,8,23,20,25,11
"ENSG00000048471.9",1464,1288,836,994,614,527
"ENSG00000260488.1",19,14,8,17,10,3
"ENSG00000241641.1",30,13,5,8,4,5
"ENSG00000175604.2",51,48,22,19,10,16
"ENSG00000261293.1",9,17,14,5,4,2
"ENSG00000261394.1",9,3,11,11,2,3
"ENSG00000259876.1",10,4,8,1,12,11
"ENSG00000103381.7",471,378,664,799,726,426
"ENSG00000260378.1",21,10,26,21,18,29
"ENSG00000261158.1",24,15,27,30,21,21
"ENSG00000237515.6",12,10,12,34,34,9
"ENSG00000175595.10",154,115,147,187,153,75
"ENSG00000186260.12",769,709,481,526,412,360
"ENSG00000262454.1",22,20,7,3,0,0
"ENSG00000140694.12",931,749,906,1120,924,700
"ENSG00000103429.6",937,859,768,1034,779,345
"ENSG00000255277.2",3,2,2,10,10,4
"ENSG00000103512.10",812,665,581,976,852,417
"ENSG00000183458.9",947,748,628,744,696,822
"ENSG00000207425.1",23,21,20,26,39,56
"ENSG00000183426.11",183,144,152,171,197,178
"ENSG00000179889.14",2355,2112,2381,2796,2832,2050
"ENSG00000261819.1",84,55,72,84,108,137
"ENSG00000260872.1",81,83,96,71,88,115
"ENSG00000157045.4",369,401,250,318,344,204
"ENSG00000085721.8",474,487,506,677,1046,514
"ENSG00000260735.1",16,24,33,39,38,31
"ENSG00000188599.13",103,62,173,187,212,211
"ENSG00000270580.1",22,24,69,59,50,79
"ENSG00000250251.2",1191,935,1916,2022,2030,2497
"ENSG00000257391.1",54,62,90,109,90,144
"ENSG00000264182.1",1,6,24,22,19,2
"ENSG00000183793.9",53,46,64,75,93,79
"ENSG00000166780.6",13,27,38,53,81,79
"ENSG00000166783.15",1754,1479,1642,2054,2157,1844
"ENSG00000072864.8",1356,1158,1200,1424,1263,1006
"ENSG00000262380.1",22,25,26,16,18,28
"ENSG00000133392.12",174,137,159,193,192,256
"ENSG00000263335.1",12,6,7,18,16,7
"ENSG00000133393.8",1031,972,815,1034,670,353
"ENSG00000262171.1",31,41,36,28,17,16
"ENSG00000103222.14",5411,4572,5482,7325,5288,3598
"ENSG00000241067.2",7,9,15,16,10,6
"ENSG00000091262.10",38,31,47,65,118,110
"ENSG00000103226.13",83,51,61,109,92,59
"ENSG00000183889.8",7,9,15,17,16,15
"ENSG00000227827.3",260,233,211,222,241,297
"ENSG00000261362.1",37,45,51,55,46,41
"ENSG00000264752.1",14,15,23,34,17,35
"ENSG00000260126.1",76,89,145,119,146,113
"ENSG00000260675.1",17,19,28,22,20,29
"ENSG00000260405.1",7,5,12,14,10,4
"ENSG00000103489.7",453,385,752,719,437,495
"ENSG00000261448.1",151,131,232,263,163,111
"ENSG00000261555.1",13,4,49,54,45,48
"ENSG00000228071.4",9,7,38,34,38,57
"ENSG00000259929.1",46,48,249,257,229,280
"ENSG00000260242.1",22,23,82,67,98,121
"ENSG00000260933.1",11,15,49,29,44,25
"ENSG00000205746.5",459,389,310,359,342,447
"ENSG00000254681.2",1192,1047,981,1019,955,1138
"ENSG00000185164.10",556,467,371,656,445,247
"ENSG00000256340.4",5,6,11,20,17,14
"ENSG00000134419.11",6731,6507,4861,5960,4591,562
"ENSG00000170540.10",2414,2247,1468,2026,1554,859
"ENSG00000157106.12",6330,5441,5438,6204,5317,4408
"ENSG00000170537.8",60,48,85,136,120,75
"ENSG00000167186.6",276,275,224,270,279,142
"ENSG00000205730.5",292,302,285,429,257,191
"ENSG00000103528.12",12,9,7,14,22,6
"ENSG00000103534.12",67,53,28,66,79,48
"ENSG00000260592.1",39,32,10,8,13,4
"ENSG00000006007.7",1099,1019,1176,1692,1245,553
"ENSG00000103540.12",737,616,685,740,573,494
"ENSG00000103544.10",847,751,755,895,717,471
"ENSG00000103550.9",730,634,776,738,574,547
"ENSG00000174628.12",131,86,173,166,117,84
"ENSG00000167191.7",525,492,561,889,539,301
"ENSG00000169347.12",6,10,4,14,15,11
"ENSG00000169344.11",19,14,12,22,22,16
"ENSG00000169340.5",8,6,1,23,14,5
"ENSG00000183549.6",10,12,3,24,24,7
"ENSG00000183747.7",20,26,11,36,34,12
"ENSG00000066813.10",19,15,11,31,17,11
"ENSG00000260762.1",8,4,5,18,11,9
"ENSG00000005187.7",1008,861,10732,12686,6150,2773
"ENSG00000166743.5",261,204,308,372,92,80
"ENSG00000066654.8",971,916,1409,1664,1277,976
"ENSG00000260510.1",2,3,20,18,13,23
"ENSG00000196678.9",535,501,551,633,495,343
"ENSG00000200893.1",2,3,15,15,8,9
"ENSG00000005189.15",1142,1027,814,1005,711,428
"ENSG00000188215.5",242,181,198,234,236,148
"ENSG00000102897.5",191,184,203,243,246,124
"ENSG00000158486.9",97,102,222,327,360,264
"ENSG00000263331.1",1,3,9,23,26,33
"ENSG00000011638.6",325,307,289,433,411,158
"ENSG00000103310.6",23,8,16,38,23,8
"ENSG00000103316.6",216,166,74,65,290,129
"ENSG00000189149.7",11,9,4,9,27,25
"ENSG00000169246.12",185,140,172,199,162,270
"ENSG00000180747.11",1130,915,827,910,935,1038
"ENSG00000265462.1",20,18,17,12,20,32
"ENSG00000197006.9",1801,1605,1054,1525,1110,329
"ENSG00000261596.1",31,47,12,9,20,22
"ENSG00000140749.7",50,39,28,35,26,17
"ENSG00000155719.12",13,19,9,26,15,9
"ENSG00000185864.12",312,232,285,269,330,434
"ENSG00000185710.5",84,66,71,72,77,84
"ENSG00000140740.6",4437,4358,4000,4825,4005,1699
"ENSG00000155714.9",11,16,11,18,23,6
"ENSG00000185716.7",126,128,149,159,141,97
"ENSG00000175267.10",32,29,20,57,43,18
"ENSG00000103319.7",2260,1992,2231,2985,2586,2018
"ENSG00000261113.1",26,18,34,44,33,17
"ENSG00000058600.11",2235,1922,2314,2724,2553,1980
"ENSG00000140743.3",573,538,702,809,922,587
"ENSG00000260635.1",5,11,16,13,21,12
"ENSG00000260790.1",13,9,10,4,0,5
"ENSG00000230872.1",20,8,15,7,19,25
"ENSG00000257122.1",95,70,68,70,92,83
"ENSG00000237296.5",366,312,344,387,399,367
"ENSG00000243716.6",113,88,115,117,109,137
"ENSG00000103404.10",537,480,386,486,426,357
"ENSG00000166828.2",19,13,3,18,15,2
"ENSG00000168447.6",13,19,5,12,15,7
"ENSG00000168434.8",971,801,779,832,621,560
"ENSG00000259782.2",8,16,15,3,7,14
"ENSG00000260136.1",12,17,11,19,12,17
"ENSG00000103365.11",3262,2731,2768,3177,3115,2165
"ENSG00000261528.2",58,40,47,43,44,34
"ENSG00000103356.11",782,723,599,835,861,406
"ENSG00000103353.11",2450,2076,1938,2500,2262,1449
"ENSG00000260751.2",61,46,49,47,30,49
"ENSG00000004779.5",1082,1103,1094,1252,1075,325
"ENSG00000083093.5",365,378,354,476,428,310
"ENSG00000166847.5",1137,1056,1260,1595,1274,689
"ENSG00000260482.1",139,124,120,174,130,99
"ENSG00000259806.2",32,24,22,23,36,8
"ENSG00000166851.10",3534,3075,2861,4058,2644,1562
"ENSG00000261266.1",15,19,9,12,8,3
"ENSG00000134398.8",34,34,21,48,42,23
"ENSG00000166869.2",54,42,111,124,116,37
"ENSG00000166501.8",15275,14146,8070,10245,8107,4948
"ENSG00000122257.14",2302,1803,1872,2374,2145,1813
"ENSG00000090905.13",1940,1765,1650,1820,1679,1747
"ENSG00000261669.1",21,16,11,16,8,13
"ENSG00000158865.8",10,15,13,42,19,16
"ENSG00000140750.12",908,783,538,744,627,489
"ENSG00000262587.1",21,18,16,13,25,13
"ENSG00000262155.1",75,64,64,82,64,46
"ENSG00000271105.1",6,14,14,11,21,17
"ENSG00000263326.1",7,11,15,21,12,7
"ENSG00000260448.1",12,21,11,6,9,10
"ENSG00000205629.7",506,411,365,485,408,169
"ENSG00000260034.1",168,181,137,116,121,134
"ENSG00000103375.6",12,5,2,15,5,4
"ENSG00000155592.11",477,436,568,752,618,463
"ENSG00000182601.6",5,4,0,10,15,2
"ENSG00000230330.1",12,13,10,8,21,14
"ENSG00000261557.1",6,10,9,13,10,2
"ENSG00000155666.7",111,95,133,170,154,131
"ENSG00000259940.1",7,4,4,12,10,7
"ENSG00000169189.12",593,575,466,629,456,149
"ENSG00000245888.2",26,29,25,16,17,18
"ENSG00000077238.9",121,145,31,69,88,63
"ENSG00000077235.13",4250,3589,3800,5045,4370,2661
"ENSG00000047578.8",613,527,583,689,638,523
"ENSG00000261736.1",15,8,8,7,6,12
"ENSG00000261329.1",10,3,7,14,9,16
"ENSG00000169181.8",2,6,3,17,10,4
"ENSG00000169180.7",4036,3440,3107,4172,3770,2169
"ENSG00000188322.4",9,7,12,17,22,13
"ENSG00000198156.6",17,12,10,25,21,15
"ENSG00000205609.8",15,13,16,24,27,16
"ENSG00000233232.2",8,7,1,12,11,7
"ENSG00000188603.12",66,48,69,68,115,36
"ENSG00000184730.6",133,110,198,289,330,346
"ENSG00000197272.2",8,7,9,14,10,6
"ENSG00000176046.7",41,51,58,65,46,40
"ENSG00000176476.4",412,328,325,435,382,234
"ENSG00000197165.6",63,60,50,90,86,51
"ENSG00000196502.7",250,199,316,384,451,259
"ENSG00000261419.1",11,10,3,1,6,17
"ENSG00000184110.10",95,99,109,113,99,76
"ENSG00000270424.1",5,11,3,3,8,10
"ENSG00000196993.4",11,10,9,10,17,9
"ENSG00000251417.1",14,12,28,19,10,33
"ENSG00000260796.1",23,8,13,31,21,19
"ENSG00000168488.14",7971,6664,6093,7966,6433,5399
"ENSG00000178952.4",5196,4630,4211,5647,4494,1650
"ENSG00000178188.10",1206,1064,884,1200,1077,1010
"ENSG00000196296.9",172,178,139,166,161,168
"ENSG00000260442.1",29,13,14,29,23,18
"ENSG00000177548.8",257,229,366,353,415,355
"ENSG00000177455.7",129,174,186,200,200,176
"ENSG00000176953.6",1423,1233,1280,1408,1473,1432
"ENSG00000260853.1",123,92,72,70,68,87
"ENSG00000169682.13",48,43,42,22,45,45
"ENSG00000261067.2",28,26,19,24,17,10
"ENSG00000260367.1",20,12,8,13,6,10
"ENSG00000213658.6",10,13,8,12,18,14
"ENSG00000196796.4",11,12,10,9,18,6
"ENSG00000103472.5",14,16,8,8,16,9
"ENSG00000198106.7",95,66,108,97,167,165
"ENSG00000260953.1",1,7,16,27,81,57
"ENSG00000254206.1",46,31,46,64,83,115
"ENSG00000254634.3",66,37,73,124,89,90
"ENSG00000261740.1",11,22,20,29,16,1
"ENSG00000169203.12",72,47,43,62,53,49
"ENSG00000205534.5",301,263,184,290,239,248
"ENSG00000266758.1",11,6,7,5,2,14
"ENSG00000260727.1",508,358,329,423,405,502
"ENSG00000197471.7",5941,5318,6241,8861,6903,5081
"ENSG00000103485.13",4475,3771,4413,5603,3437,2027
"ENSG00000079616.8",4391,3846,2913,3736,2703,1541
"ENSG00000103495.9",1990,2062,1752,2193,1737,1276
"ENSG00000238045.5",66,59,35,49,28,31
"ENSG00000167371.12",68,66,41,39,25,37
"ENSG00000185928.7",124,122,128,200,165,65
"ENSG00000261690.1",51,54,44,85,61,40
"ENSG00000013364.14",103,124,112,135,120,70
"ENSG00000103502.9",588,547,559,824,611,285
"ENSG00000174938.10",124,89,116,167,123,57
"ENSG00000174939.6",9,10,4,10,22,10
"ENSG00000174943.5",394,350,417,547,488,400
"ENSG00000260114.1",82,76,73,66,86,74
"ENSG00000247735.2",35,30,29,42,51,46
"ENSG00000149932.12",860,771,680,959,845,273
"ENSG00000149930.13",2329,2007,2031,2421,2284,1929
"ENSG00000149929.11",340,292,408,448,434,362
"ENSG00000169592.10",612,572,546,539,477,463
"ENSG00000149927.13",35,24,29,39,32,31
"ENSG00000149926.9",31,38,24,42,41,19
"ENSG00000149925.12",119726,111680,77770,110991,87372,29498
"ENSG00000149923.9",1158,1048,913,1140,1214,608
"ENSG00000149922.6",44,48,45,71,43,57
"ENSG00000090238.7",476,445,448,555,526,365
"ENSG00000250616.2",6,10,11,5,11,14
"ENSG00000102886.10",81,103,58,71,96,82
"ENSG00000102882.7",950,823,628,858,737,441
"ENSG00000102879.11",85,55,321,492,529,254
"ENSG00000169627.7",8,12,8,5,10,3
"ENSG00000183604.10",287,209,174,186,173,195
"ENSG00000169217.4",789,725,673,851,829,507
"ENSG00000260219.1",32,24,10,39,39,22
"ENSG00000169221.9",2091,1844,1690,2352,1991,1464
"ENSG00000180209.7",9,8,7,16,13,4
"ENSG00000180035.6",216,200,203,261,246,166
"ENSG00000180096.7",54,32,47,66,54,43
"ENSG00000179965.7",270,219,272,301,271,200
"ENSG00000199787.1",4,11,10,6,3,2
"ENSG00000179958.4",697,600,538,731,572,150
"ENSG00000179918.15",1117,1053,1385,1755,1583,918
"ENSG00000005844.13",33,36,29,47,42,34
"ENSG00000169957.8",1306,1151,1356,1716,1365,987
"ENSG00000169955.6",27,25,40,46,59,47
"ENSG00000235560.3",34,34,67,63,58,38
"ENSG00000260494.1",15,5,18,19,14,9
"ENSG00000169951.5",420,350,419,502,344,312
"ENSG00000229809.4",124,130,151,183,177,130
"ENSG00000239791.1",13,9,16,13,9,8
"ENSG00000197162.8",340,311,387,432,449,412
"ENSG00000260167.1",29,30,26,30,30,41
"ENSG00000261588.1",8,16,12,15,19,12
"ENSG00000156853.7",373,392,335,449,329,230
"ENSG00000156858.7",631,584,570,762,676,567
"ENSG00000156860.11",1864,1622,1925,2293,1956,1822
"ENSG00000261840.1",107,100,82,109,84,75
"ENSG00000080603.12",4235,3571,4473,5228,4435,4621
"ENSG00000222287.1",16,9,9,21,1,13
"ENSG00000156873.11",502,428,350,450,455,282
"ENSG00000196118.7",57,71,54,54,72,56
"ENSG00000103549.17",3104,2693,3008,3880,3190,2562
"ENSG00000102870.4",524,476,765,944,787,755
"ENSG00000099385.7",720,603,582,875,612,324
"ENSG00000260083.1",32,35,21,34,43,22
"ENSG00000150281.6",107,121,80,116,79,112
"ENSG00000260852.1",131,116,130,141,188,195
"ENSG00000099364.12",1229,1225,1234,1725,1378,1193
"ENSG00000175938.6",398,287,371,532,344,306
"ENSG00000099381.12",1262,1140,1133,1326,1248,1100
"ENSG00000099377.9",396,359,577,708,182,101
"ENSG00000099365.5",99,108,85,124,133,123
"ENSG00000103496.10",472,433,564,760,611,456
"ENSG00000167394.8",376,326,329,321,314,215
"ENSG00000261124.1",10,12,3,10,5,5
"ENSG00000167395.10",1166,1051,1075,1406,1237,996
"ENSG00000151006.7",113,109,106,122,112,135
"ENSG00000167397.10",198,226,155,243,171,53
"ENSG00000103507.9",786,664,834,1081,979,538
"ENSG00000103510.15",1683,1439,1305,1782,1290,927
"ENSG00000262766.1",61,49,40,55,44,38
"ENSG00000052344.11",348,297,118,196,60,34
"ENSG00000178226.6",40,24,27,37,59,20
"ENSG00000089280.14",2962,2799,2598,2594,2743,2479
"ENSG00000260060.1",29,34,26,45,26,21
"ENSG00000103490.13",334,266,70,115,68,28
"ENSG00000177238.9",6,11,11,11,11,11
"ENSG00000169896.12",208,152,47,73,53,19
"ENSG00000140678.12",46,31,18,43,47,30
"ENSG00000156886.11",27,24,13,39,40,28
"ENSG00000260757.1",9,8,21,21,31,25
"ENSG00000156885.4",1,0,1,10,13,4
"ENSG00000176723.5",21,20,13,20,15,12
"ENSG00000261474.1",48,47,49,43,43,64
"ENSG00000260267.1",248,191,226,200,178,217
"ENSG00000140691.12",248,243,260,376,277,179
"ENSG00000140682.14",61,46,30,63,50,32
"ENSG00000140675.8",81,52,44,56,52,57
"ENSG00000140688.12",1569,1394,1101,1535,1337,945
"ENSG00000260625.1",9,13,19,14,23,8
"ENSG00000169877.5",246,210,217,241,255,197
"ENSG00000131797.8",482,405,388,465,313,373
"ENSG00000261731.2",20,27,30,21,17,15
"ENSG00000197302.6",294,271,193,266,193,124
"ENSG00000185947.10",482,464,467,549,519,285
"ENSG00000259950.1",10,13,8,12,10,5
"ENSG00000260628.1",6,10,3,12,16,8
"ENSG00000230267.3",209,194,296,345,346,389
"ENSG00000205456.7",21,15,46,68,49,20
"ENSG00000260644.2",52,36,85,80,87,102
"ENSG00000214617.5",8,4,18,13,5,6
"ENSG00000260141.1",0,1,11,20,27,26
"ENSG00000261599.1",27,21,62,69,72,72
"ENSG00000259882.1",12,10,7,27,18,12
"ENSG00000260518.1",151,123,83,109,99,89
"ENSG00000261580.1",11,2,1,15,0,4
"ENSG00000260781.1",6,12,3,22,18,7
"ENSG00000171241.4",827,715,602,736,694,351
"ENSG00000261512.2",12,9,7,20,21,11
"ENSG00000069329.11",1905,1911,2101,2559,2180,753
"ENSG00000091651.4",990,953,795,979,921,710
"ENSG00000261788.1",29,23,63,62,46,25
"ENSG00000140795.8",316,300,413,492,439,347
"ENSG00000155330.5",287,207,225,276,231,180
"ENSG00000166123.9",293,245,404,514,553,296
"ENSG00000069345.7",1252,1106,1124,1292,1437,751
"ENSG00000171208.5",483,387,370,479,605,398
"ENSG00000129636.8",1024,1017,773,990,909,484
"ENSG00000260744.1",21,10,11,11,18,14
"ENSG00000260012.1",7,29,25,16,18,21
"ENSG00000261369.1",43,33,42,36,46,65
"ENSG00000102893.11",3179,2944,2626,3193,2778,1884
"ENSG00000262038.1",19,18,20,24,6,18
"ENSG00000259866.1",22,26,25,23,12,17
"ENSG00000261336.1",51,38,36,54,56,35
"ENSG00000259918.1",23,22,10,16,15,15
"ENSG00000140798.11",11,21,17,47,61,17
"ENSG00000121270.11",29,12,18,50,29,32
"ENSG00000102910.9",1849,1617,1995,2165,2187,1609
"ENSG00000240793.1",22,13,11,17,16,7
"ENSG00000196470.7",241,182,203,199,242,190
"ENSG00000102921.3",696,575,622,793,851,594
"ENSG00000243609.1",10,13,10,12,12,22
"ENSG00000102935.7",32,20,31,61,36,19
"ENSG00000205423.7",175,192,164,177,174,68
"ENSG00000155393.8",329,230,333,390,363,261
"ENSG00000121274.8",275,252,314,323,323,264
"ENSG00000121281.8",2472,2023,2816,3547,3802,3114
"ENSG00000166164.11",1524,1509,1362,1737,1637,1369
"ENSG00000140807.4",14,10,16,29,7,5
"ENSG00000167208.10",4,10,1,15,10,6
"ENSG00000167207.7",20,13,22,34,33,18
"ENSG00000083799.13",237,224,273,358,314,247
"ENSG00000103449.7",16,16,17,31,33,7
"ENSG00000224578.3",104,109,131,136,139,85
"ENSG00000103460.12",16,8,7,15,16,9
"ENSG00000234337.3",10,5,8,10,5,7
"ENSG00000177200.11",2782,2426,3091,3517,3488,3008
"ENSG00000261291.1",19,10,20,20,19,31
"ENSG00000261056.2",42,45,43,47,37,54
"ENSG00000103479.10",1867,1550,1371,1565,1427,1260
"ENSG00000166971.12",112,112,104,108,93,67
"ENSG00000103494.8",239,178,265,327,294,290
"ENSG00000140718.14",455,415,437,624,482,260
"ENSG00000261630.1",9,7,9,19,11,16
"ENSG00000260194.1",13,12,15,25,17,12
"ENSG00000261049.2",15,5,6,13,10,2
"ENSG00000260936.1",13,11,16,18,13,15
"ENSG00000177508.11",15,0,7,15,18,10
"ENSG00000245694.4",343,341,256,324,308,124
"ENSG00000176842.10",126,121,37,69,80,46
"ENSG00000159387.7",7,6,7,22,14,14
"ENSG00000087245.8",15,10,8,16,20,9
"ENSG00000087253.7",101,110,377,536,413,214
"ENSG00000261997.1",7,2,13,15,20,13
"ENSG00000103546.14",9,22,10,19,23,18
"ENSG00000228695.5",7,14,8,12,20,12
"ENSG00000198848.8",12,11,8,28,30,9
"ENSG00000159398.11",13,14,9,22,21,5
"ENSG00000087258.9",43,28,14,51,45,31
"ENSG00000159461.10",4096,3715,5431,7453,5638,2838
"ENSG00000260621.1",6,5,23,12,11,10
"ENSG00000167005.9",2510,2472,2656,3285,2656,1152
"ENSG00000087263.12",784,796,1145,1412,1386,702
"ENSG00000125124.7",485,409,567,665,548,269
"ENSG00000125148.6",668,655,429,548,313,159
"ENSG00000125144.9",14,10,0,7,7,2
"ENSG00000187193.8",86,86,50,51,52,6
"ENSG00000261302.1",7,7,12,13,7,6
"ENSG00000102900.8",2296,2041,2014,2472,2507,1212
"ENSG00000070915.5",31,21,5,43,30,11
"ENSG00000051108.10",787,649,1204,1524,1394,780
"ENSG00000261270.1",24,18,21,32,33,29
"ENSG00000261114.1",14,5,8,8,13,11
"ENSG00000087237.6",10,7,7,22,29,6
"ENSG00000140853.11",28,22,28,60,182,177
"ENSG00000140848.12",282,233,135,193,381,232
"ENSG00000172775.12",1534,1420,1288,1536,1588,1236
"ENSG00000159579.9",666,591,518,716,699,412
"ENSG00000102931.3",351,324,313,428,557,267
"ENSG00000102934.5",32,26,50,69,66,19
"ENSG00000005194.10",744,627,731,925,1117,407
"ENSG00000088682.9",737,731,813,991,1087,588
"ENSG00000102978.8",1400,1285,1295,1637,1666,621
"ENSG00000125170.6",364,275,323,414,453,253
"ENSG00000135736.5",170,141,222,274,272,199
"ENSG00000159618.11",24,10,21,45,28,24
"ENSG00000205336.7",47,37,97,190,298,181
"ENSG00000182885.12",8,19,16,10,15,10
"ENSG00000159625.10",16,20,23,61,43,27
"ENSG00000140854.8",633,555,640,1047,958,453
"ENSG00000140859.11",3129,2783,3829,4783,5745,4290
"ENSG00000187185.3",16,12,4,21,20,17
"ENSG00000070729.9",37,21,23,53,46,26
"ENSG00000159648.7",45,41,32,63,51,60
"ENSG00000166188.2",132,133,120,216,266,192
"ENSG00000103005.7",577,494,571,775,878,574
"ENSG00000102996.4",351,274,345,483,312,176
"ENSG00000070761.3",510,523,529,656,661,236
"ENSG00000260545.1",17,12,4,8,2,8
"ENSG00000260927.1",11,6,9,21,9,4
"ENSG00000070770.4",3055,2786,2618,3311,3242,2096
"ENSG00000260867.1",14,6,1,10,5,2
"ENSG00000103021.5",128,119,120,201,172,111
"ENSG00000181938.9",191,207,275,350,426,275
"ENSG00000103034.10",63,45,121,156,662,609
"ENSG00000103037.7",364,305,278,323,298,277
"ENSG00000125107.12",9537,8736,8986,11948,11448,5771
"ENSG00000206952.2",45,37,32,27,27,10
"ENSG00000260865.1",32,26,27,16,27,28
"ENSG00000239121.1",14,6,6,7,11,8
"ENSG00000103042.4",188,200,194,282,303,247
"ENSG00000125166.8",1667,1492,1443,1870,1879,756
"ENSG00000245768.2",19,7,10,9,11,12
"ENSG00000261807.1",6,0,37,49,1,0
"ENSG00000224631.3",53,62,38,59,34,22
"ENSG00000150394.9",31,29,8,35,26,16
"ENSG00000259846.1",0,0,0,0,17,19
"ENSG00000140937.9",34,19,16,40,35,18
"ENSG00000261742.1",1,5,12,21,3,4
"ENSG00000179776.13",12,8,6,18,20,9
"ENSG00000166548.11",148,175,146,196,148,116
"ENSG00000261519.2",4,9,7,11,12,6
"ENSG00000217555.8",92,74,103,136,126,42
"ENSG00000254788.2",8,5,12,13,12,9
"ENSG00000089505.13",40,23,31,33,47,40
"ENSG00000140931.15",277,279,309,407,327,207
"ENSG00000183723.8",1123,965,856,1105,966,629
"ENSG00000135720.8",1771,1470,1393,1683,1839,1489
"ENSG00000260558.1",44,45,32,43,28,25
"ENSG00000249961.5",22,7,1,11,15,5
"ENSG00000159593.10",1535,1323,1483,1670,1387,697
"ENSG00000168748.9",16,8,5,11,14,10
"ENSG00000172840.2",451,424,402,474,434,359
"ENSG00000261705.1",39,59,56,51,60,52
"ENSG00000261088.1",132,113,84,107,112,131
"ENSG00000166589.8",8,13,12,17,27,9
"ENSG00000166592.7",24,25,18,24,30,22
"ENSG00000166595.7",928,824,686,926,1029,298
"ENSG00000172831.7",646,593,732,937,1171,895
"ENSG00000172828.8",131,98,138,212,183,179
"ENSG00000172824.10",21,10,15,24,23,28
"ENSG00000067955.9",805,764,901,1013,1100,731
"ENSG00000125149.7",425,334,322,420,360,257
"ENSG00000237172.3",134,130,118,152,158,133
"ENSG00000102871.11",394,292,286,326,421,367
"ENSG00000135722.4",476,431,265,290,316,356
"ENSG00000102878.11",665,606,360,409,379,533
"ENSG00000140939.10",544,538,401,394,574,695
"ENSG00000196123.8",783,711,482,536,704,660
"ENSG00000179044.11",72,65,38,79,99,56
"ENSG00000205250.4",1614,1555,1511,1865,2153,1561
"ENSG00000102890.10",175,172,149,214,175,217
"ENSG00000125122.10",55,54,54,46,71,90
"ENSG00000168701.14",371,363,247,279,336,150
"ENSG00000135723.9",2279,2077,1717,2176,2530,1768
"ENSG00000135740.12",318,280,269,309,351,357
"ENSG00000262691.1",26,14,17,26,27,46
"ENSG00000196155.8",1805,1569,1791,2236,2176,1579
"ENSG00000168676.6",27,37,37,58,40,40
"ENSG00000159708.13",24,22,5,32,26,14
"ENSG00000159713.6",12,10,11,16,19,20
"ENSG00000159714.6",17,14,9,24,22,6
"ENSG00000176387.6",22,37,13,29,16,17
"ENSG00000159720.7",791,662,664,863,1002,488
"ENSG00000270049.1",61,50,46,40,94,61
"ENSG00000159723.4",12,21,8,9,26,16
"ENSG00000039523.13",959,840,959,1035,1068,892
"ENSG00000261386.2",76,63,29,39,63,61
"ENSG00000259804.1",38,27,12,34,23,38
"ENSG00000102974.10",1258,1132,1051,1291,1179,715
"ENSG00000237718.1",9,14,10,7,12,16
"ENSG00000159753.9",166,133,139,198,207,134
"ENSG00000102977.9",630,522,459,667,685,349
"ENSG00000102981.5",25,17,21,44,51,9
"ENSG00000124074.7",250,223,267,297,317,265
"ENSG00000159761.10",28,26,14,28,34,13
"ENSG00000141098.8",448,378,350,567,374,291
"ENSG00000141084.6",1075,896,838,1066,918,766
"ENSG00000270165.1",25,9,19,28,17,30
"ENSG00000102904.10",18,24,12,45,46,17
"ENSG00000102901.8",1144,922,999,1238,1222,1030
"ENSG00000168286.1",450,511,429,520,541,286
"ENSG00000102898.7",1168,1014,875,1191,1122,520
"ENSG00000038358.10",2923,2582,2529,3245,3695,2287
"ENSG00000263126.1",50,55,30,23,29,18
"ENSG00000159792.5",674,625,351,547,604,365
"ENSG00000261884.2",50,65,73,47,56,69
"ENSG00000205220.7",113,121,183,227,196,96
"ENSG00000213398.3",303,243,250,318,385,324
"ENSG00000124067.12",2062,1784,1957,2645,2873,2123
"ENSG00000141096.4",11,10,6,17,9,7
"ENSG00000167261.9",58,53,80,112,177,102
"ENSG00000167264.13",430,354,336,476,369,278
"ENSG00000182810.5",260,206,220,262,254,137
"ENSG00000072736.14",3188,2808,2505,2990,4159,2609
"ENSG00000262514.1",53,41,40,41,70,57
"ENSG00000240435.2",33,33,21,27,31,25
"ENSG00000260891.1",23,26,18,12,22,23
"ENSG00000263276.1",22,22,24,34,51,57
"ENSG00000103067.7",127,91,109,141,202,206
"ENSG00000261469.1",1,1,2,8,19,21
"ENSG00000103066.8",181,182,250,305,337,173
"ENSG00000103064.9",596,582,673,795,857,541
"ENSG00000103061.7",299,250,290,376,374,239
"ENSG00000132600.12",1152,945,1035,1228,1188,997
"ENSG00000238343.1",9,9,16,12,4,10
"ENSG00000259797.1",35,11,12,19,23,22
"ENSG00000103056.7",61,65,139,232,218,210
"ENSG00000184939.11",65,47,260,280,360,278
"ENSG00000062038.9",7,10,13,30,18,21
"ENSG00000039068.14",3,9,10,26,18,9
"ENSG00000103047.3",488,395,339,454,324,210
"ENSG00000103044.6",108,122,58,94,80,82
"ENSG00000168802.8",489,433,413,564,561,167
"ENSG00000141076.13",1014,832,970,1340,1315,631
"ENSG00000168807.12",398,366,515,562,547,390
"ENSG00000132612.14",1388,1276,1134,1423,1471,885
"ENSG00000213380.9",676,598,581,678,583,438
"ENSG00000258429.1",247,233,203,261,300,179
"ENSG00000132603.9",564,474,532,639,655,276
"ENSG00000157315.4",9,3,6,10,9,12
"ENSG00000132604.6",643,553,673,862,789,516
"ENSG00000103018.12",1361,1227,1036,1332,1327,659
"ENSG00000261527.1",9,11,13,9,10,10
"ENSG00000102908.16",3076,2702,3512,4020,4160,3850
"ENSG00000181019.8",584,558,526,665,648,274
"ENSG00000262136.1",5,7,6,13,11,7
"ENSG00000141101.8",1870,1632,1476,1797,1403,588
"ENSG00000260290.2",14,11,24,39,30,17
"ENSG00000198373.8",967,849,844,1107,1078,698
"ENSG00000157322.12",19,10,10,30,22,17
"ENSG00000196696.8",154,139,158,221,198,132
"ENSG00000255185.1",21,15,18,26,23,9
"ENSG00000090857.9",1236,1138,1084,1361,1662,1173
"ENSG00000247228.2",62,83,61,84,99,73
"ENSG00000157335.15",24,22,28,33,41,33
"ENSG00000261556.4",122,146,179,196,207,198
"ENSG00000223496.1",721,625,817,823,947,911
"ENSG00000090861.11",11530,9731,13472,17306,17281,9777
"ENSG00000265230.1",23,18,19,23,49,51
"ENSG00000265648.1",4,5,13,6,11,10
"ENSG00000157349.11",183,158,163,168,208,139
"ENSG00000261777.1",33,30,12,36,23,14
"ENSG00000168872.11",902,795,946,1108,1222,708
"ENSG00000157350.8",6881,6225,4820,6119,7416,4649
"ENSG00000157353.12",1175,1018,897,1036,975,845
"ENSG00000103051.14",1984,1842,1711,2313,2209,1061
"ENSG00000189091.8",7409,6470,6727,8902,8631,3852
"ENSG00000260023.1",17,20,28,37,46,24
"ENSG00000157368.6",10,9,6,23,11,8
"ENSG00000132613.10",858,830,704,816,882,795
"ENSG00000268927.1",25,30,14,11,35,18
"ENSG00000103043.10",953,806,733,940,939,709
"ENSG00000214353.3",50,41,23,27,46,24
"ENSG00000157423.13",59,42,37,98,113,71
"ENSG00000180917.12",302,259,318,364,431,285
"ENSG00000167377.13",86,88,77,72,100,76
"ENSG00000157429.11",44,22,32,42,41,30
"ENSG00000140835.8",15,5,6,15,9,2
"ENSG00000198650.6",10,4,5,19,14,9
"ENSG00000140832.5",6,13,10,21,23,10
"ENSG00000040199.14",343,300,198,259,298,269
"ENSG00000261513.1",12,9,7,9,8,14
"ENSG00000166747.8",2056,1749,1732,2356,2296,1353
"ENSG00000223224.1",21,13,7,9,14,4
"ENSG00000224470.3",890,662,724,867,933,809
"ENSG00000182149.16",3169,2928,2320,3003,3098,1649
"ENSG00000102984.10",144,118,130,163,95,87
"ENSG00000261337.1",80,66,44,41,49,16
"ENSG00000187008.2",32,42,36,56,46,32
"ENSG00000263320.1",12,7,12,15,16,16
"ENSG00000102967.7",381,316,261,335,293,285
"ENSG00000140830.4",351,311,292,416,454,279
"ENSG00000257017.4",28,19,13,36,19,26
"ENSG00000261701.2",28,24,27,17,35,26
"ENSG00000140829.7",2803,2351,2100,2630,2535,2125
"ENSG00000118557.11",32,26,99,120,204,223
"ENSG00000261008.2",300,273,280,284,416,386
"ENSG00000260664.1",17,9,16,18,20,39
"ENSG00000221286.1",10,8,1,4,9,16
"ENSG00000259768.3",75,65,92,110,106,77
"ENSG00000261764.1",7,9,4,11,11,25
"ENSG00000140836.10",450,348,347,529,542,489
"ENSG00000259901.1",207,151,191,319,292,256
"ENSG00000259209.1",21,14,11,21,30,9
"ENSG00000103035.6",1324,1202,1143,1628,1531,589
"ENSG00000259972.1",53,32,29,37,36,60
"ENSG00000239763.2",8,13,13,21,23,44
"ENSG00000260884.1",11,20,22,24,35,22
"ENSG00000214331.4",291,246,278,265,322,369
"ENSG00000261079.1",59,43,22,33,24,25
"ENSG00000196436.7",46,23,36,78,34,34
"ENSG00000140839.7",241,192,271,293,317,364
"ENSG00000261170.1",12,11,22,16,22,26
"ENSG00000260539.1",385,351,314,478,495,353
"ENSG00000090863.7",3103,2604,2220,3055,3474,1910
"ENSG00000240861.1",30,16,31,21,18,15
"ENSG00000168411.9",2673,2384,2143,2745,2369,1324
"ENSG00000262904.1",16,8,6,17,17,7
"ENSG00000168404.8",31,31,161,203,171,150
"ENSG00000103089.4",9,9,14,16,10,8
"ENSG00000103091.10",2167,1792,1910,2252,1907,1527
"ENSG00000186187.7",1398,1214,1205,1547,1187,997
"ENSG00000166816.9",159,117,99,129,116,91
"ENSG00000184517.7",225,165,149,179,211,109
"ENSG00000050820.12",642,573,510,623,725,572
"ENSG00000153774.4",662,512,593,668,698,488
"ENSG00000259999.1",23,17,15,9,17,31
"ENSG00000261783.1",18,20,36,22,12,15
"ENSG00000166822.8",522,487,363,470,396,239
"ENSG00000261476.1",16,17,7,12,7,8
"ENSG00000183196.4",4,3,6,16,18,8
"ENSG00000205084.6",323,245,239,285,305,182
"ENSG00000034713.3",764,757,732,916,826,340
"ENSG00000065457.6",312,274,259,313,342,218
"ENSG00000065427.10",4978,4086,3612,4704,4228,2088
"ENSG00000166848.5",1375,1316,1254,1590,1092,775
"ENSG00000152910.14",17,14,9,39,31,10
"ENSG00000103111.10",916,815,805,1112,922,597
"ENSG00000205078.5",35,31,23,31,38,28
"ENSG00000140873.11",19,11,16,51,30,8
"ENSG00000140876.7",51,35,21,33,29,10
"ENSG00000171724.2",3,10,5,7,16,7
"ENSG00000186153.12",251,231,210,312,210,116
"ENSG00000260733.1",9,8,19,16,10,13
"ENSG00000261837.1",10,1,10,7,7,6
"ENSG00000243101.1",3,3,8,20,10,4
"ENSG00000178573.6",16,9,10,39,34,16
"ENSG00000261390.1",13,14,8,9,4,6
"ENSG00000166446.10",7,15,13,15,10,11
"ENSG00000260896.1",4,0,9,11,22,19
"ENSG00000103121.4",603,569,496,621,562,166
"ENSG00000166451.9",758,691,496,702,673,256
"ENSG00000260213.1",28,20,13,17,14,22
"ENSG00000261061.1",105,89,85,131,119,87
"ENSG00000166454.5",475,405,409,510,463,286
"ENSG00000166455.9",22,31,25,34,17,17
"ENSG00000245059.2",9,12,12,10,4,2
"ENSG00000140905.5",217,186,89,108,134,58
"ENSG00000166473.12",55,40,37,106,82,52
"ENSG00000260495.1",18,7,16,17,21,6
"ENSG00000261609.3",1341,1244,1339,1687,1365,940
"ENSG00000153815.12",2676,2218,3130,4121,4566,3237
"ENSG00000260229.1",65,53,56,36,61,64
"ENSG00000261218.1",13,11,12,40,18,13
"ENSG00000197943.5",367,351,189,311,211,155
"ENSG00000260682.2",65,87,61,111,111,43
"ENSG00000184860.5",8,9,40,51,48,18
"ENSG00000086696.6",2,8,15,16,22,11
"ENSG00000135698.5",275,240,265,368,291,177
"ENSG00000140945.11",15,15,13,22,23,10
"ENSG00000230989.2",1136,1075,1290,1381,1176,489
"ENSG00000103150.4",285,240,198,177,231,157
"ENSG00000140961.8",374,382,188,199,294,187
"ENSG00000103154.5",14,14,5,17,15,11
"ENSG00000166558.6",12,16,5,15,18,13
"ENSG00000140943.12",2558,2199,2174,2700,2333,1279
"ENSG00000260018.1",21,13,20,20,15,7
"ENSG00000260410.2",16,14,7,7,7,10
"ENSG00000103160.7",1269,1048,933,1229,866,465
"ENSG00000154099.13",31,28,17,52,42,21
"ENSG00000103168.12",1348,1228,987,1286,1186,1120
"ENSG00000140955.6",5,11,7,23,11,7
"ENSG00000168418.6",12,6,3,18,16,6
"ENSG00000064270.8",13,23,18,33,43,12
"ENSG00000261286.1",5,1,2,22,15,14
"ENSG00000140950.11",601,498,607,772,686,431
"ENSG00000261243.1",4,10,3,2,19,8
"ENSG00000103187.6",2315,1974,4691,6492,5844,3596
"ENSG00000261471.1",15,29,50,51,60,111
"ENSG00000135686.8",2124,1975,1871,2269,1931,1289
"ENSG00000103194.11",3391,2994,3240,4118,3205,1561
"ENSG00000103196.7",9,10,16,26,22,13
"ENSG00000153786.8",1527,1314,969,1409,1238,670
"ENSG00000135709.8",1103,925,696,823,976,779
"ENSG00000153789.8",6,4,3,15,14,5
"ENSG00000262601.1",191,128,205,207,229,215
"ENSG00000179219.5",17,6,14,5,15,31
"ENSG00000261567.1",36,33,47,52,45,74
"ENSG00000270124.1",487,364,348,269,289,396
"ENSG00000260417.1",672,513,491,454,394,637
"ENSG00000131149.13",11086,9894,9705,11540,9584,9244
"ENSG00000263968.1",223,182,123,149,97,79
"ENSG00000131153.4",829,775,598,744,694,367
"ENSG00000131148.4",543,459,523,560,486,300
"ENSG00000270184.1",36,20,19,21,23,14
"ENSG00000131143.4",4616,4449,3855,5404,4783,2065
"ENSG00000140968.6",10,6,7,9,12,5
"ENSG00000103241.5",7,5,14,14,16,3
"ENSG00000103248.13",380,352,259,414,275,219
"ENSG00000176692.4",7,9,15,31,30,14
"ENSG00000260456.2",83,77,103,116,105,96
"ENSG00000261095.1",4,2,12,13,25,17
"ENSG00000261697.1",21,19,44,56,68,53
"ENSG00000270006.1",19,24,10,12,22,11
"ENSG00000103264.11",876,841,791,1017,893,605
"ENSG00000269901.1",21,8,21,14,8,9
"ENSG00000140941.8",931,676,1041,1156,1318,1106
"ENSG00000261592.1",28,25,34,34,50,67
"ENSG00000140948.7",628,502,644,852,765,734
"ENSG00000260750.1",16,12,26,21,34,36
"ENSG00000154118.8",33,36,20,35,49,37
"ENSG00000226180.2",25,22,30,32,51,53
"ENSG00000104731.9",989,780,668,771,777,750
"ENSG00000205047.3",109,99,117,105,103,156
"ENSG00000260671.1",49,35,50,45,39,34
"ENSG00000103257.4",2417,1952,3833,5343,4897,3431
"ENSG00000260466.1",9,11,14,6,16,8
"ENSG00000172530.15",640,603,499,654,475,473
"ENSG00000225614.2",63,82,45,145,123,79
"ENSG00000179588.4",777,797,1291,1388,1860,2376
"ENSG00000263456.1",15,7,15,20,32,50
"ENSG00000261744.1",74,69,78,89,100,155
"ENSG00000158545.11",2483,2173,1889,2568,2003,1742
"ENSG00000124391.4",10,17,14,8,21,13
"ENSG00000051523.6",3717,3477,2502,4090,3213,1554
"ENSG00000167508.6",5982,5183,3772,4904,3587,2661
"ENSG00000260630.2",344,256,223,315,265,189
"ENSG00000185669.5",208,162,170,200,137,110
"ENSG00000158717.6",1162,1027,865,1195,822,656
"ENSG00000174177.8",768,693,805,918,759,491
"ENSG00000103335.15",18297,16288,14280,18626,15850,14213
"ENSG00000260121.1",201,180,180,187,130,126
"ENSG00000224888.3",624,550,437,453,412,450
"ENSG00000182376.2",186,136,85,119,99,164
"ENSG00000167513.4",5118,4696,3399,4515,3122,1984
"ENSG00000198931.6",2122,1953,2083,2639,2169,694
"ENSG00000141012.8",472,383,396,468,439,536
"ENSG00000167515.6",487,402,389,471,400,185
"ENSG00000205022.5",14,14,7,21,22,15
"ENSG00000129993.10",2435,2096,2138,2554,2155,2328
"ENSG00000259881.1",337,300,301,235,225,370
"ENSG00000261226.1",466,392,281,200,208,478
"ENSG00000205018.2",348,268,206,188,162,411
"ENSG00000259989.1",10,8,4,11,9,7
"ENSG00000176715.11",1192,930,846,963,944,819
"ENSG00000261546.1",81,68,53,35,44,55
"ENSG00000129910.3",18,12,20,34,29,18
"ENSG00000259803.2",26,35,11,26,23,19
"ENSG00000259877.1",33,34,31,33,76,46
"ENSG00000170100.9",166,162,184,199,249,198
"ENSG00000260637.1",18,6,6,7,6,18
"ENSG00000167522.10",4894,4275,5259,5623,5596,6543
"ENSG00000268218.1",103,102,99,91,102,96
"ENSG00000260279.1",104,70,57,71,57,98
"ENSG00000261253.1",40,35,32,27,28,77
"ENSG00000261574.1",74,36,72,39,50,61
"ENSG00000261692.1",26,34,35,42,22,21
"ENSG00000252887.1",14,9,13,6,3,9
"ENSG00000270832.1",30,26,36,33,34,40
"ENSG00000197912.9",2206,1789,1624,1726,1574,1596
"ENSG00000261118.1",31,28,20,25,46,36
"ENSG00000167526.9",39039,37402,25459,33947,25583,10017
"ENSG00000178773.10",2070,1689,1367,1456,1326,1684
"ENSG00000015413.5",18,14,6,25,24,13
"ENSG00000131165.10",1312,1167,1095,1312,1238,836
"ENSG00000167523.9",334,303,280,324,309,258
"ENSG00000185324.17",1564,1270,1200,1357,1155,1178
"ENSG00000158792.11",346,222,314,376,406,275
"ENSG00000075399.8",281,278,331,420,350,360
"ENSG00000261373.1",132,115,179,238,178,155
"ENSG00000158805.7",1078,946,1336,1471,1310,1399
"ENSG00000187741.10",2807,2291,2303,2596,2418,2278
"ENSG00000204991.6",451,410,200,268,282,314
"ENSG00000141002.14",2949,2522,2242,2529,2444,2480
"ENSG00000267048.1",10,12,3,6,5,7
"ENSG00000258839.2",177,156,114,87,151,194
"ENSG00000258947.2",43,32,27,42,52,32
"ENSG00000140995.12",1210,1071,1099,1329,1273,876
"ENSG00000177946.4",94,74,141,153,193,114
"ENSG00000223959.4",588,548,509,522,522,572
"ENSG00000003249.9",467,441,426,540,410,345
"ENSG00000141013.10",521,464,437,560,430,474
"ENSG00000221819.2",47,27,23,8,50,20
"ENSG00000222019.3",53,48,47,49,30,53
"ENSG00000126856.9",13,11,8,26,24,12
"ENSG00000261812.1",7,0,5,14,28,7
"ENSG00000260528.2",456,416,419,389,439,528
"ENSG00000261172.1",33,21,23,37,42,47
"ENSG00000260923.1",161,135,281,306,786,628
"ENSG00000272636.1",7,5,5,14,12,2
"ENSG00000181031.11",25,27,35,76,194,125
"ENSG00000262061.1",4,4,1,8,14,12
"ENSG00000187624.7",15,6,7,15,15,6
"ENSG00000183688.4",136,106,113,209,565,317
"ENSG00000141252.15",786,706,697,907,772,711
"ENSG00000167695.10",218,198,108,145,171,124
"ENSG00000179409.6",873,775,777,1009,829,451
"ENSG00000231784.4",7,9,2,12,12,13
"ENSG00000167699.9",810,750,621,824,583,396
"ENSG00000171861.6",259,234,264,335,279,154
"ENSG00000167693.12",37,17,25,29,32,28
"ENSG00000177370.4",201,198,214,277,252,138
"ENSG00000159842.10",56,46,232,277,180,178
"ENSG00000184811.3",4,7,4,16,15,14
"ENSG00000108953.12",7008,6190,5642,7084,5780,2652
"ENSG00000167193.7",880,812,741,1035,903,426
"ENSG00000262777.1",5,13,19,7,20,9
"ENSG00000197879.10",1593,1321,1358,1720,1511,1072
"ENSG00000132376.15",203,165,191,224,260,128
"ENSG00000236618.2",18,34,35,22,39,5
"ENSG00000174238.10",791,613,702,860,785,550
"ENSG00000167703.10",280,223,158,278,259,172
"ENSG00000074660.11",287,217,194,224,334,381
"ENSG00000167705.7",1216,1099,923,1192,1301,1018
"ENSG00000174231.12",13502,12308,10782,14882,11484,4694
"ENSG00000185561.8",72,51,82,110,69,57
"ENSG00000186594.8",45,33,37,37,49,55
"ENSG00000167716.14",631,582,590,775,799,598
"ENSG00000167711.9",12,6,12,21,23,13
"ENSG00000132386.6",1066,976,369,616,246,125
"ENSG00000186532.7",573,467,482,575,440,374
"ENSG00000132383.7",2554,2348,2011,2577,2037,841
"ENSG00000108958.4",16,8,5,6,4,11
"ENSG00000185924.6",18,11,3,12,13,8
"ENSG00000108963.13",406,355,472,541,522,380
"ENSG00000177374.8",120,101,146,158,161,144
"ENSG00000070366.9",991,814,861,1044,857,815
"ENSG00000262402.1",19,4,10,7,6,6
"ENSG00000225084.1",10,8,7,9,13,8
"ENSG00000167720.8",139,129,89,146,82,92
"ENSG00000262333.1",38,20,32,36,53,31
"ENSG00000167721.6",1259,1090,1247,1589,1417,918
"ENSG00000141258.8",850,781,777,940,917,872
"ENSG00000263345.1",13,32,9,21,15,13
"ENSG00000070444.10",519,426,409,575,449,484
"ENSG00000127804.8",780,641,642,852,662,466
"ENSG00000007168.8",1096,952,970,1168,957,653
"ENSG00000262480.2",16,17,4,8,12,13
"ENSG00000132361.12",2882,2536,3055,4091,3540,2516
"ENSG00000262050.1",4,4,11,18,18,13
"ENSG00000132359.9",13,11,62,142,136,75
"ENSG00000127780.3",9,4,2,16,11,3
"ENSG00000141255.8",4,4,9,10,19,5
"ENSG00000167723.10",31,20,21,19,46,24
"ENSG00000197417.7",87,64,55,82,80,32
"ENSG00000262248.1",11,7,10,15,16,5
"ENSG00000040531.10",200,168,170,234,195,165
"ENSG00000262903.1",16,11,13,22,11,28
"ENSG00000213977.3",66,25,27,27,57,6
"ENSG00000257950.3",7,17,18,10,6,11
"ENSG00000240898.1",11,9,10,3,1,11
"ENSG00000127774.6",25,37,19,31,19,11
"ENSG00000083454.17",42,34,34,46,37,14
"ENSG00000083457.7",121,117,128,174,117,54
"ENSG00000177602.4",395,338,268,352,311,169
"ENSG00000262758.1",148,136,137,209,141,140
"ENSG00000074356.12",953,788,779,990,715,601
"ENSG00000004660.10",288,220,250,339,243,225
"ENSG00000108405.3",439,430,1205,1568,1652,1618
"ENSG00000074370.13",4629,4034,5888,8273,8290,5480
"ENSG00000074755.10",1613,1427,1553,1819,1698,1398
"ENSG00000167740.5",142,133,87,135,100,59
"ENSG00000185722.12",1853,1597,1361,1557,1198,834
"ENSG00000263219.1",35,33,26,17,20,29
"ENSG00000132388.8",841,825,630,744,544,364
"ENSG00000261868.1",42,26,20,22,19,25
"ENSG00000182557.3",9,6,1,16,14,6
"ENSG00000183018.4",35,25,37,42,53,50
"ENSG00000132382.10",1392,1266,1723,2167,1881,1363
"ENSG00000167741.6",9,10,5,12,15,2
"ENSG00000188176.7",7,8,9,17,24,8
"ENSG00000161905.8",9,4,6,32,15,15
"ENSG00000141456.10",1569,1284,1322,1979,1526,956
"ENSG00000141480.13",356,293,310,424,400,223
"ENSG00000161920.5",59,62,39,60,78,25
"ENSG00000161921.10",22,13,19,22,15,11
"ENSG00000141497.9",9,7,8,20,25,13
"ENSG00000182853.7",10,3,9,10,8,3
"ENSG00000182327.7",27,28,27,36,35,20
"ENSG00000142507.5",862,809,673,931,733,207
"ENSG00000129219.9",164,139,226,257,180,127
"ENSG00000141503.11",3146,2740,2418,2974,2242,2100
"ENSG00000230201.4",16,15,15,2,11,17
"ENSG00000108556.7",8,12,5,16,6,15
"ENSG00000205710.3",21,17,10,36,19,29
"ENSG00000185245.6",76,51,53,75,62,76
"ENSG00000108528.9",598,617,621,842,701,302
"ENSG00000108523.11",638,566,582,896,709,395
"ENSG00000108518.7",4870,4056,4402,6906,5684,2100
"ENSG00000108515.13",335,318,460,553,355,232
"ENSG00000091640.3",561,490,486,613,440,282
"ENSG00000108509.16",617,541,578,683,664,671
"ENSG00000262678.1",22,16,23,27,14,27
"ENSG00000262227.1",20,25,37,29,25,23
"ENSG00000196388.4",81,52,81,87,98,98
"ENSG00000129250.7",1510,1329,1381,2003,1598,1119
"ENSG00000132517.10",11,6,14,25,11,11
"ENSG00000167840.9",110,90,103,138,116,75
"ENSG00000234327.3",56,34,38,60,63,8
"ENSG00000129204.12",49,38,40,92,71,31
"ENSG00000180626.9",40,33,99,134,199,195
"ENSG00000261879.1",6,0,8,13,11,11
"ENSG00000029725.12",1108,1011,973,1238,1046,885
"ENSG00000108559.7",808,706,663,886,659,429
"ENSG00000263220.1",12,3,5,8,2,11
"ENSG00000129197.10",559,490,464,437,384,338
"ENSG00000263272.1",88,64,42,32,59,49
"ENSG00000108561.4",2488,2367,2115,2590,2193,675
"ENSG00000005100.8",530,471,514,727,563,373
"ENSG00000072849.6",243,198,179,170,198,140
"ENSG00000167842.11",237,239,234,284,211,127
"ENSG00000091592.11",2495,2103,2595,2810,2917,3412
"ENSG00000179314.9",28,13,7,26,42,20
"ENSG00000129221.10",10,7,6,24,20,7
"ENSG00000129195.11",294,251,288,327,262,168
"ENSG00000091622.11",52,52,68,107,92,87
"ENSG00000198920.5",369,233,422,451,410,418
"ENSG00000129235.6",216,223,265,377,344,132
"ENSG00000108590.6",71,44,48,74,57,15
"ENSG00000141485.11",13,17,8,38,32,17
"ENSG00000132530.12",15,11,8,32,36,15
"ENSG00000177294.6",2,6,9,17,14,6
"ENSG00000167858.8",4,3,8,12,20,4
"ENSG00000262943.3",310,241,274,232,250,360
"ENSG00000215067.5",118,101,99,106,109,123
"ENSG00000262503.1",39,31,17,37,20,42
"ENSG00000262089.1",23,44,23,45,26,21
"ENSG00000108839.7",168,105,88,119,145,108
"ENSG00000219200.6",39,27,51,56,39,45
"ENSG00000258315.1",12,7,18,23,8,5
"ENSG00000161940.6",72,62,145,180,137,77
"ENSG00000174327.6",68,77,61,93,108,99
"ENSG00000174326.7",18,12,15,24,36,18
"ENSG00000161944.12",17,3,13,21,13,1
"ENSG00000141505.7",19,30,24,38,59,44
"ENSG00000132535.14",376,363,402,519,541,520
"ENSG00000072778.15",4490,4061,4656,5722,5183,3518
"ENSG00000004975.7",1591,1517,1285,1687,1244,864
"ENSG00000040633.8",444,436,444,583,534,319
"ENSG00000170296.5",159,162,176,221,172,83
"ENSG00000175826.7",928,846,795,966,860,423
"ENSG00000170291.10",380,403,447,588,514,228
"ENSG00000181885.14",182,127,91,123,114,38
"ENSG00000181856.10",106,97,103,170,139,89
"ENSG00000006047.8",21,25,14,39,27,18
"ENSG00000132507.13",4200,4468,4540,5012,5374,2284
"ENSG00000132522.11",68,41,47,47,58,21
"ENSG00000215041.5",942,812,656,866,673,617
"ENSG00000072818.7",288,268,477,625,451,277
"ENSG00000213859.3",93,100,116,158,181,50
"ENSG00000174292.8",157,157,116,162,115,68
"ENSG00000187838.12",12,6,4,1,13,7
"ENSG00000205544.3",119,128,116,135,118,28
"ENSG00000169992.5",697,587,536,670,670,653
"ENSG00000184560.3",9,7,2,11,17,7
"ENSG00000181284.2",56,56,108,160,106,80
"ENSG00000161958.6",57,46,105,129,50,52
"ENSG00000170175.6",143,119,121,170,118,89
"ENSG00000174282.7",651,552,589,635,550,477
"ENSG00000259224.1",20,19,26,43,44,36
"ENSG00000181222.10",4581,3734,4322,5673,4349,2530
"ENSG00000239697.6",8,10,1,9,11,8
"ENSG00000161955.12",13,17,15,14,22,9
"ENSG00000161956.8",222,222,215,274,262,156
"ENSG00000265500.1",10,11,4,1,13,10
"ENSG00000161960.10",494,413,327,377,339,214
"ENSG00000233223.2",85,73,57,82,105,66
"ENSG00000129255.10",574,571,371,505,535,220
"ENSG00000129194.3",37,34,20,40,29,47
"ENSG00000129245.7",1104,877,677,935,853,467
"ENSG00000129214.10",3,12,6,10,14,5
"ENSG00000141504.7",225,207,81,142,90,59
"ENSG00000129244.4",352,306,258,306,197,203
"ENSG00000141510.11",167,155,187,232,172,195
"ENSG00000262251.1",45,47,25,44,40,36
"ENSG00000141499.12",555,526,305,413,314,164
"ENSG00000183914.10",120,79,61,211,162,65
"ENSG00000132510.6",548,442,744,834,956,1119
"ENSG00000167874.6",11,9,15,23,34,17
"ENSG00000183011.9",282,237,232,335,232,124
"ENSG00000182224.7",104,94,97,99,120,97
"ENSG00000170004.12",2943,2705,2271,2837,2304,1817
"ENSG00000252835.1",71,113,88,47,68,69
"ENSG00000179859.7",50,51,64,104,59,37
"ENSG00000170049.5",40,35,21,39,35,31
"ENSG00000170043.7",323,270,285,397,335,134
"ENSG00000170037.9",1281,1075,971,1262,1028,943
"ENSG00000132518.6",20,21,8,39,22,19
"ENSG00000179593.11",13,7,9,19,14,11
"ENSG00000179477.5",12,12,8,29,20,11
"ENSG00000179148.5",17,20,14,41,19,7
"ENSG00000179111.4",14,15,11,15,20,3
"ENSG00000179094.9",708,562,714,890,711,628
"ENSG00000220205.4",394,335,270,406,326,233
"ENSG00000179029.10",222,214,172,198,209,115
"ENSG00000196544.6",215,186,172,225,168,133
"ENSG00000178999.8",1551,1424,1253,1523,1049,631
"ENSG00000178977.3",11,13,9,2,13,5
"ENSG00000269928.1",11,6,2,10,9,4
"ENSG00000178971.9",586,508,553,716,549,504
"ENSG00000178921.9",2172,1856,1874,2458,2026,1349
"ENSG00000269947.1",11,14,14,23,17,11
"ENSG00000125434.6",134,106,82,126,89,103
"ENSG00000108961.9",36,13,13,17,12,9
"ENSG00000198844.6",22,12,12,29,22,3
"ENSG00000265749.1",19,24,17,21,26,21
"ENSG00000161970.8",2644,2359,2396,2551,1965,1613
"ENSG00000189051.5",9,8,8,22,13,5
"ENSG00000166579.11",1047,851,783,931,1023,762
"ENSG00000133026.8",7428,6293,6188,7365,6649,5254
"ENSG00000270606.1",28,19,22,22,25,18
"ENSG00000244604.1",6,10,14,5,8,9
"ENSG00000174083.13",7,15,12,19,15,10
"ENSG00000141506.9",13,13,15,29,43,19
"ENSG00000065320.4",6,17,20,30,25,23
"ENSG00000170310.10",129,103,148,132,144,88
"ENSG00000271851.1",10,6,16,18,9,12
"ENSG00000166596.10",17,5,11,19,32,7
"ENSG00000154914.12",26,29,32,50,43,19
"ENSG00000184544.7",7,7,2,20,10,1
"ENSG00000065325.8",14,6,4,16,18,7
"ENSG00000007237.14",12,20,4,25,29,11
"ENSG00000273388.1",2,3,22,29,66,40
"ENSG00000006788.8",43,52,137,145,364,289
"ENSG00000264067.1",1,6,7,15,33,22
"ENSG00000272975.1",0,0,4,7,15,15
"ENSG00000133020.4",31,26,61,83,156,68
"ENSG00000264424.1",45,27,70,115,135,104
"ENSG00000109061.9",44,34,70,79,146,87
"ENSG00000125414.14",41,29,55,97,109,53
"ENSG00000109063.10",58,34,30,79,72,61
"ENSG00000273290.1",94,74,77,86,85,88
"ENSG00000133028.6",396,362,367,438,359,174
"ENSG00000170222.11",97,107,82,85,76,24
"ENSG00000187824.4",10,8,4,5,12,3
"ENSG00000188803.10",18,11,7,20,25,7
"ENSG00000007174.13",61,54,29,126,106,35
"ENSG00000154957.9",145,127,122,155,87,55
"ENSG00000241185.2",26,18,11,13,16,7
"ENSG00000065559.10",384,330,274,364,295,172
"ENSG00000006740.12",20,20,25,26,50,14
"ENSG00000006744.14",1560,1317,1262,1532,1283,717
"ENSG00000153976.2",676,535,30,73,23,16
"ENSG00000236088.5",127,126,148,146,156,151
"ENSG00000141028.6",12,15,16,32,20,28
"ENSG00000006695.6",476,354,370,505,465,259
"ENSG00000231595.1",8,6,10,7,20,18
"ENSG00000125430.4",355,381,72,113,17,13
"ENSG00000266709.1",284,246,40,84,3,9
"ENSG00000230897.1",28,16,22,31,18,1
"ENSG00000109099.9",111,94,206,252,299,180
"ENSG00000125409.8",4,9,5,25,19,4
"ENSG00000239704.6",44,29,39,40,56,52
"ENSG00000175106.12",281,211,259,278,345,342
"ENSG00000223878.1",39,27,53,40,40,71
"ENSG00000266538.1",40,36,71,38,63,92
"ENSG00000241322.4",9,2,1,11,14,4
"ENSG00000221926.7",134,118,166,210,173,128
"ENSG00000187607.11",96,89,78,105,93,67
"ENSG00000233966.1",43,31,36,48,57,27
"ENSG00000179277.9",7,3,26,61,49,29
"ENSG00000265519.1",1,2,12,12,16,13
"ENSG00000170425.3",338,292,294,410,346,182
"ENSG00000214941.3",64,81,115,128,106,73
"ENSG00000011295.11",994,872,1001,1062,959,466
"ENSG00000141027.16",4108,3606,4127,4673,4117,3649
"ENSG00000108474.12",291,288,249,305,271,229
"ENSG00000166582.5",800,708,658,854,586,393
"ENSG00000170315.9",4091,3555,3950,5516,4197,1524
"ENSG00000265095.1",21,16,27,21,15,17
"ENSG00000187688.10",1189,975,1970,2696,2225,1017
"ENSG00000239203.1",16,15,18,9,20,6
"ENSG00000175061.13",7526,7024,6141,7598,5870,2193
"ENSG00000266651.1",25,16,13,37,35,13
"ENSG00000181350.7",369,321,273,290,247,255
"ENSG00000141040.10",11,10,9,22,19,8
"ENSG00000197566.5",62,52,64,99,71,48
"ENSG00000226145.3",2,5,1,17,15,3
"ENSG00000128438.6",6,5,2,11,12,6
"ENSG00000240505.4",8,8,7,21,14,9
"ENSG00000133030.15",2136,1875,2665,3038,2596,2443
"ENSG00000225442.2",9,8,12,12,9,4
"ENSG00000263624.1",17,15,17,18,9,22
"ENSG00000179598.5",174,155,90,132,102,57
"ENSG00000154803.8",1321,1075,1101,1172,1093,989
"ENSG00000266498.1",57,48,44,31,36,32
"ENSG00000141030.8",1053,943,857,1159,989,355
"ENSG00000205309.9",308,296,277,299,310,217
"ENSG00000215030.4",193,159,122,174,152,42
"ENSG00000141026.4",254,195,245,234,256,191
"ENSG00000108551.4",26,15,17,31,17,18
"ENSG00000133027.13",212,205,125,191,103,68
"ENSG00000265511.1",12,12,6,6,15,11
"ENSG00000108557.13",1212,1083,1249,1421,1257,1345
"ENSG00000237328.1",18,16,29,21,26,20
"ENSG00000226746.2",28,23,28,26,14,37
"ENSG00000072310.12",6085,5269,4214,5007,4134,3824
"ENSG00000207839.1",23,15,11,17,9,9
"ENSG00000175662.13",374,349,373,481,394,292
"ENSG00000197815.3",17,15,18,12,9,14
"ENSG00000171962.13",23,32,34,65,44,53
"ENSG00000171953.11",290,262,319,453,245,179
"ENSG00000232344.2",3,6,12,9,11,18
"ENSG00000141034.5",346,286,260,364,243,154
"ENSG00000108591.5",534,462,574,683,535,347
"ENSG00000091536.12",133,129,102,115,207,77
"ENSG00000091542.8",2388,2255,2289,3013,2621,1520
"ENSG00000131899.6",815,795,915,1232,837,483
"ENSG00000177731.11",2362,2201,2190,2812,2320,1559
"ENSG00000177427.8",242,169,186,252,213,125
"ENSG00000260647.1",11,3,7,10,2,1
"ENSG00000177302.10",986,887,1156,1256,1169,831
"ENSG00000228000.1",12,12,12,11,4,6
"ENSG00000237382.2",13,6,16,10,6,9
"ENSG00000176994.9",393,354,376,569,435,338
"ENSG00000267350.2",135,148,108,223,172,84
"ENSG00000176974.13",691,635,483,606,420,215
"ENSG00000204471.3",6,6,3,14,11,0
"ENSG00000171916.12",13,8,2,16,26,6
"ENSG00000154874.10",14,11,8,24,18,11
"ENSG00000189375.6",2,9,1,15,19,4
"ENSG00000174977.7",73,65,77,71,66,26
"ENSG00000249459.4",54,43,43,59,41,39
"ENSG00000264885.1",27,24,25,29,28,17
"ENSG00000240445.3",70,43,99,108,76,71
"ENSG00000224126.2",10,9,3,18,14,12
"ENSG00000108448.16",62,43,64,72,64,59
"ENSG00000171931.8",22,19,8,41,23,12
"ENSG00000171928.9",282,223,193,262,222,120
"ENSG00000141127.10",543,534,484,522,485,238
"ENSG00000235672.1",20,9,14,10,16,12
"ENSG00000154025.11",12,14,9,17,3,4
"ENSG00000188522.10",565,544,441,585,606,359
"ENSG00000265185.2",42,46,53,32,39,71
"ENSG00000262074.3",90,93,77,125,136,56
"ENSG00000262202.3",227,261,262,305,248,137
"ENSG00000263934.2",23240,36520,30317,16450,23350,48429
"ENSG00000264940.2",6,24,19,7,18,16
"ENSG00000072134.11",590,480,460,556,514,444
"ENSG00000235397.1",22,24,28,25,19,29
"ENSG00000108641.10",220,176,208,196,163,90
"ENSG00000166484.15",158,118,90,153,125,89
"ENSG00000166482.7",15,2,7,22,3,13
"ENSG00000128482.11",8,12,12,13,13,14
"ENSG00000189343.6",4805,4593,3184,4488,3456,433
"ENSG00000142494.9",19,5,8,21,20,5
"ENSG00000072210.14",8,6,8,26,25,7
"ENSG00000180638.13",13,22,5,23,25,8
"ENSG00000108602.13",7,10,1,31,12,4
"ENSG00000083290.15",54,49,44,48,70,15
"ENSG00000108599.10",671,552,557,589,508,482
"ENSG00000128487.12",855,755,550,786,956,832
"ENSG00000225014.1",9,6,9,16,19,15
"ENSG00000154898.11",31,18,46,76,139,184
"ENSG00000214832.4",24,30,18,28,20,28
"ENSG00000189423.7",17,10,32,34,77,87
"ENSG00000170298.11",9,6,7,10,11,4
"ENSG00000226521.3",3,1,3,6,15,19
"ENSG00000226549.3",15,15,6,11,17,5
"ENSG00000226981.2",4,3,7,11,10,22
"ENSG00000205212.3",315,317,683,788,756,835
"ENSG00000266369.1",8,7,26,25,34,41
"ENSG00000233098.4",733,677,1218,1546,1672,1428
"ENSG00000252483.1",4,7,8,11,5,23
"ENSG00000265790.1",29,34,64,67,69,64
"ENSG00000264660.1",10,8,25,43,39,32
"ENSG00000124422.7",4024,3667,3971,5088,4017,2208
"ENSG00000109016.13",213,181,178,251,260,188
"ENSG00000178307.5",357,423,343,376,392,182
"ENSG00000235530.2",19,30,25,21,18,29
"ENSG00000154035.6",417,388,396,480,530,364
"ENSG00000034152.14",231,185,200,273,179,106
"ENSG00000184185.5",40,19,14,67,64,26
"ENSG00000212719.6",69,58,117,148,102,54
"ENSG00000265019.1",114,89,167,193,182,63
"ENSG00000264617.1",1,0,10,8,11,4
"ENSG00000263563.1",1759,1483,2149,3244,2696,1132
"ENSG00000266172.1",101,59,488,579,76,95
"ENSG00000266795.2",92,91,2222,2939,297,208
"ENSG00000264939.1",73,44,179,201,43,61
"ENSG00000266836.1",8,7,134,156,10,15
"ENSG00000261020.1",17,9,64,64,18,43
"ENSG00000266885.1",5,4,35,61,27,24
"ENSG00000264734.1",14,21,30,37,55,34
"ENSG00000266736.1",33,44,47,40,53,48
"ENSG00000264837.1",16,3,26,13,20,31
"ENSG00000265646.2",932,683,763,935,962,1327
"ENSG00000109046.10",4629,3954,3210,3704,3413,2896
"ENSG00000264469.1",80,60,41,85,62,71
"ENSG00000266313.1",12,13,7,8,16,9
"ENSG00000265683.1",41,22,25,32,25,25
"ENSG00000266433.2",8,11,2,8,14,4
"ENSG00000141068.9",3663,3117,3753,4634,2918,2168
"ENSG00000265801.1",27,19,46,16,18,19
"ENSG00000263368.1",18,18,22,32,25,26
"ENSG00000266853.1",23,22,16,16,22,10
"ENSG00000168961.12",38,63,103,107,75,59
"ENSG00000007171.12",32,27,12,44,43,11
"ENSG00000232859.5",54,44,22,21,7,19
"ENSG00000087095.8",1097,952,849,976,702,478
"ENSG00000240873.1",12,9,12,1,6,4
"ENSG00000109084.9",1415,1400,735,1011,634,325
"ENSG00000109083.9",405,334,281,382,360,256
"ENSG00000109079.5",491,436,340,579,419,249
"ENSG00000004142.7",1753,1562,1364,1696,1670,713
"ENSG00000244045.6",111,94,93,115,114,75
"ENSG00000109072.9",26,21,11,33,35,27
"ENSG00000004139.9",14,28,24,18,43,24
"ENSG00000076351.8",83,98,96,102,124,79
"ENSG00000264098.1",9,15,15,8,14,13
"ENSG00000258472.4",361,301,221,264,263,277
"ENSG00000183405.5",55,58,44,61,50,10
"ENSG00000007216.10",18,15,16,26,26,10
"ENSG00000109101.3",7,9,6,19,18,7
"ENSG00000109103.7",642,553,461,569,457,295
"ENSG00000087111.16",2534,2217,1652,2483,2406,1110
"ENSG00000109107.9",10363,9511,8422,10584,8539,3190
"ENSG00000076382.12",5917,5256,4514,5031,3872,2817
"ENSG00000227543.3",97,75,75,88,87,78
"ENSG00000264608.1",47,33,37,64,29,42
"ENSG00000167524.10",100,84,106,93,81,78
"ENSG00000007202.10",5796,4964,5043,6166,5647,3839
"ENSG00000132581.5",337,329,351,461,362,199
"ENSG00000109111.10",4643,4038,4254,5593,5470,3406
"ENSG00000265205.1",28,36,19,21,44,27
"ENSG00000167525.9",264,230,290,321,302,273
"ENSG00000109113.13",15,13,12,38,27,10
"ENSG00000198242.9",7435,7212,7368,7989,6490,2651
"ENSG00000264577.1",270,230,283,393,331,139
"ENSG00000160606.6",198,162,135,186,219,108
"ENSG00000160602.9",183,178,169,181,153,150
"ENSG00000076604.10",2398,2128,1596,2127,1935,1100
"ENSG00000265474.1",15,8,6,17,14,4
"ENSG00000173065.9",1141,990,1081,1354,914,894
"ENSG00000243053.2",20,16,20,18,9,16
"ENSG00000132591.7",1476,1426,1131,1592,1244,645
"ENSG00000264066.3",52,56,27,39,29,10
"ENSG00000132589.11",4767,4485,3063,4120,3319,1867
"ENSG00000264304.1",49,44,43,36,35,31
"ENSG00000167536.9",653,516,317,459,397,221
"ENSG00000109118.9",1404,1232,1325,1686,1528,1605
"ENSG00000265845.2",64,62,68,73,70,71
"ENSG00000265908.1",213,192,221,238,213,219
"ENSG00000179761.7",47,22,22,24,33,22
"ENSG00000063015.15",37,20,22,72,44,28
"ENSG00000196535.10",3783,3136,1537,2000,1875,1625
"ENSG00000221995.4",87,80,65,33,24,35
"ENSG00000263709.1",17,11,11,3,12,13
"ENSG00000108256.4",3134,2894,2775,3265,2737,2296
"ENSG00000266111.1",22,12,12,10,16,7
"ENSG00000264808.1",5,5,12,12,17,6
"ENSG00000160551.5",2693,2548,2385,2996,2572,2067
"ENSG00000253064.1",1,7,10,3,10,5
"ENSG00000168792.4",66,73,90,115,137,98
"ENSG00000264031.1",14,14,21,18,7,7
"ENSG00000167543.11",533,460,339,437,488,341
"ENSG00000264290.1",9,5,11,14,2,6
"ENSG00000108262.11",893,826,897,1163,1019,745
"ENSG00000198720.8",462,429,479,600,539,525
"ENSG00000167549.14",400,345,354,409,339,295
"ENSG00000264007.1",6,6,4,21,2,10
"ENSG00000141298.13",426,452,1362,1627,1206,810
"ENSG00000263370.1",8,0,10,8,10,8
"ENSG00000265625.1",4,5,23,31,35,10
"ENSG00000263657.1",33,16,9,24,22,21
"ENSG00000265713.1",16,13,15,26,29,22
"ENSG00000263477.1",15,7,9,9,19,27
"ENSG00000176927.10",50,22,16,74,40,26
"ENSG00000265394.1",22,9,22,23,14,9
"ENSG00000126653.11",805,586,841,944,876,888
"ENSG00000265739.1",29,31,34,26,30,63
"ENSG00000266987.1",17,22,20,22,20,40
"ENSG00000108576.5",11,12,4,17,14,5
"ENSG00000108578.10",1333,1254,1297,1714,1240,592
"ENSG00000182271.8",5,6,2,12,10,8
"ENSG00000108582.7",1994,1816,1557,2196,1792,687
"ENSG00000108587.10",723,656,742,897,745,512
"ENSG00000214719.7",9,8,27,34,33,16
"ENSG00000264943.1",5,1,14,14,8,19
"ENSG00000250462.4",4,11,30,33,20,23
"ENSG00000264538.2",915,719,769,913,821,864
"ENSG00000265443.1",37,24,31,38,36,39
"ENSG00000263603.1",39,42,76,50,32,79
"ENSG00000176390.10",1200,1039,947,1243,947,799
"ENSG00000265791.1",46,25,57,44,43,88
"ENSG00000266490.1",11,12,17,24,15,15
"ENSG00000176208.4",2658,2371,2499,2688,2407,2461
"ENSG00000265334.1",28,7,20,11,21,16
"ENSG00000263531.1",45,29,32,50,25,35
"ENSG00000172171.6",242,179,209,254,256,174
"ENSG00000181481.9",6,7,4,17,10,3
"ENSG00000266865.2",10,4,2,13,16,9
"ENSG00000264107.1",15,17,12,12,14,4
"ENSG00000196712.12",4563,4040,3875,4659,3700,2771
"ENSG00000266371.1",53,22,43,34,29,28
"ENSG00000126861.4",121,120,123,86,93,138
"ENSG00000185862.5",56,40,38,45,39,36
"ENSG00000126860.7",34,28,45,36,19,33
"ENSG00000263535.1",101,74,47,74,59,27
"ENSG00000131242.11",712,694,685,879,940,592
"ENSG00000263567.1",18,6,58,22,112,120
"ENSG00000172301.6",442,466,301,387,354,127
"ENSG00000108651.5",1396,1223,1517,1784,1445,794
"ENSG00000263990.1",16,20,27,11,12,30
"ENSG00000178691.6",1332,1231,1213,1218,1111,1020
"ENSG00000185158.8",287,282,211,268,210,248
"ENSG00000266777.1",55,57,37,59,34,54
"ENSG00000214708.4",55,58,51,57,40,16
"ENSG00000126858.12",1542,1391,1384,1683,1151,706
"ENSG00000265293.2",60,50,34,24,32,32
"ENSG00000269402.1",50,46,26,40,35,48
"ENSG00000141314.8",14,19,4,8,9,8
"ENSG00000108666.5",251,234,204,230,222,107
"ENSG00000010244.12",5016,4459,3853,4525,3965,3250
"ENSG00000108671.5",2545,2248,2092,2671,2314,1161
"ENSG00000176749.4",118,105,99,122,125,83
"ENSG00000176658.12",3407,2900,4236,5606,5502,3655
"ENSG00000266718.1",32,24,44,26,30,75
"ENSG00000265222.1",11,11,16,14,25,42
"ENSG00000263717.1",8,7,12,17,10,19
"ENSG00000266599.1",5,3,16,11,18,23
"ENSG00000265337.1",20,16,15,8,25,26
"ENSG00000264458.1",5,8,9,10,14,14
"ENSG00000006042.7",845,792,789,1039,1089,423
"ENSG00000141316.8",3,2,2,19,11,4
"ENSG00000108684.10",12,13,10,32,22,14
"ENSG00000265356.1",7,13,13,8,5,10
"ENSG00000226049.3",8,12,8,16,16,14
"ENSG00000181291.5",16,16,13,50,32,15
"ENSG00000132141.9",32,25,29,19,39,25
"ENSG00000198783.4",412,304,321,361,355,267
"ENSG00000005156.7",1807,1641,1609,1982,1831,1229
"ENSG00000224113.2",71,73,78,101,104,119
"ENSG00000092871.12",665,691,545,683,607,397
"ENSG00000267457.1",14,13,9,12,11,16
"ENSG00000243423.1",10,4,5,9,10,8
"ENSG00000185379.16",193,195,195,189,192,131
"ENSG00000073536.13",914,807,721,887,731,413
"ENSG00000141161.7",13,17,10,47,27,16
"ENSG00000164729.6",15,6,11,16,26,13
"ENSG00000166750.5",15,14,13,29,27,15
"ENSG00000172716.12",14,11,17,32,84,43
"ENSG00000172123.8",11,3,5,9,12,5
"ENSG00000154760.9",11,6,9,56,38,42
"ENSG00000205045.4",9,9,3,24,18,14
"ENSG00000236320.3",258,225,253,335,443,305
"ENSG00000267321.1",240,241,301,334,279,159
"ENSG00000108733.5",193,193,204,260,184,104
"ENSG00000006125.12",9295,8228,6482,8918,6940,3441
"ENSG00000267592.1",146,114,63,62,61,85
"ENSG00000267003.1",75,67,87,74,87,109
"ENSG00000141150.3",23,18,12,30,64,30
"ENSG00000132139.8",12,9,12,25,16,18
"ENSG00000129270.11",7,15,2,28,26,17
"ENSG00000154768.4",10,2,3,10,14,3
"ENSG00000172660.7",1864,1518,1838,2053,1784,1441
"ENSG00000267025.1",156,114,129,131,110,119
"ENSG00000267347.1",44,28,30,23,23,22
"ENSG00000172653.7",16,6,3,21,21,7
"ENSG00000223255.1",17,23,30,45,41,14
"ENSG00000266999.1",16,14,8,8,9,5
"ENSG00000266972.1",20,10,34,24,12,13
"ENSG00000187456.9",138,127,80,138,89,32
"ENSG00000224226.4",9,5,3,13,10,2
"ENSG00000108278.7",524,441,429,497,416,223
"ENSG00000141140.12",3013,2794,2708,3310,3296,2658
"ENSG00000184886.3",128,106,83,112,98,72
"ENSG00000005955.8",1179,1011,1252,1303,1142,917
"ENSG00000236002.3",49,42,35,42,49,48
"ENSG00000108272.9",917,849,849,958,707,401
"ENSG00000129282.8",353,364,379,496,464,280
"ENSG00000267785.1",19,14,11,18,16,13
"ENSG00000108270.6",1370,1194,1262,1686,1323,1070
"ENSG00000267798.1",19,10,10,4,6,8
"ENSG00000266895.1",6,8,9,13,11,8
"ENSG00000132142.15",6973,6023,6419,7702,5634,4021
"ENSG00000239581.1",59,33,37,48,38,43
"ENSG00000254982.1",72,31,36,27,31,37
"ENSG00000242429.1",12,14,9,15,8,13
"ENSG00000108264.12",374,393,329,368,324,262
"ENSG00000267562.1",24,8,19,12,2,9
"ENSG00000161326.8",252,187,245,320,265,112
"ENSG00000006114.11",1455,1190,1186,1488,1240,902
"ENSG00000141141.10",697,685,697,933,729,468
"ENSG00000267668.1",42,17,9,21,16,7
"ENSG00000108753.8",13,7,5,21,18,11
"ENSG00000185128.11",28,21,22,36,40,54
"ENSG00000197681.8",14,8,3,23,21,6
"ENSG00000174093.6",395,344,314,374,324,277
"ENSG00000174100.5",977,918,772,953,789,241
"ENSG00000188888.7",41,33,41,56,72,23
"ENSG00000174111.8",327,290,327,416,391,253
"ENSG00000225485.3",151,122,195,262,462,444
"ENSG00000017373.11",36,30,30,65,53,47
"ENSG00000179294.5",307,245,304,434,370,261
"ENSG00000261005.1",129,136,166,214,225,116
"ENSG00000266040.1",28,41,28,41,22,19
"ENSG00000108292.12",3009,2658,2904,3376,2921,3048
"ENSG00000263975.1",10,9,5,20,13,8
"ENSG00000230055.2",326,305,303,365,266,122
"ENSG00000056661.9",374,314,279,453,366,343
"ENSG00000227450.2",15,29,24,33,24,11
"ENSG00000108294.4",2084,1871,1756,2167,1787,672
"ENSG00000141720.7",1438,1331,1458,1850,1529,1006
"ENSG00000108296.7",605,463,496,548,451,364
"ENSG00000125691.8",11765,11154,12213,14740,11662,5447
"ENSG00000002834.13",6410,5688,6750,8445,7109,4516
"ENSG00000263466.1",21,15,29,29,39,22
"ENSG00000263874.1",6,12,12,11,6,11
"ENSG00000263818.1",3,3,15,12,7,7
"ENSG00000161381.9",18,18,17,23,23,16
"ENSG00000141748.8",12,5,4,14,12,5
"ENSG00000067191.11",194,160,244,277,249,220
"ENSG00000108298.5",21063,19690,17880,20601,16539,8281
"ENSG00000141750.6",11,10,6,5,17,7
"ENSG00000265460.2",3,6,13,18,11,17
"ENSG00000266753.2",132,146,184,227,190,207
"ENSG00000108306.7",1238,1016,1156,1357,969,633
"ENSG00000266469.1",163,162,231,218,220,121
"ENSG00000125686.7",2033,1843,2330,2734,2230,1984
"ENSG00000167258.9",3589,3075,3437,4188,3477,3105
"ENSG00000171532.4",10,13,10,10,8,11
"ENSG00000131771.9",10,9,14,26,12,8
"ENSG00000131748.11",1518,1418,1219,1647,1238,827
"ENSG00000173991.5",50,27,38,31,64,41
"ENSG00000141744.3",162,169,240,301,281,255
"ENSG00000161395.8",186,205,142,218,142,119
"ENSG00000141736.9",407,376,332,484,363,255
"ENSG00000141741.7",534,389,378,486,340,167
"ENSG00000141738.9",113,97,174,196,166,101
"ENSG00000264198.1",16,30,42,62,147,136
"ENSG00000161405.12",28,44,47,76,141,119
"ENSG00000073605.14",335,298,233,279,295,386
"ENSG00000172057.5",612,516,492,576,530,343
"ENSG00000264968.1",16,12,11,18,14,8
"ENSG00000167914.6",8,12,5,18,24,8
"ENSG00000108344.10",3709,3200,3610,4699,4372,2597
"ENSG00000265799.1",0,4,14,7,12,10
"ENSG00000108342.8",10,10,10,18,17,9
"ENSG00000008838.13",3226,2874,2708,3202,2646,1703
"ENSG00000238793.1",6,11,13,5,10,0
"ENSG00000126351.8",1224,997,798,1141,958,702
"ENSG00000126368.5",107,95,113,127,112,98
"ENSG00000188895.7",2419,2252,1937,2481,2082,1630
"ENSG00000108349.10",2205,1879,1535,1878,1548,1114
"ENSG00000221555.1",2,10,6,12,5,5
"ENSG00000108352.7",122,128,125,184,127,117
"ENSG00000171475.9",890,835,769,913,909,536
"ENSG00000094804.5",1630,1441,1409,1914,1716,961
"ENSG00000270145.1",38,57,37,39,41,32
"ENSG00000131759.13",294,325,434,573,402,270
"ENSG00000265666.1",44,52,43,56,54,29
"ENSG00000266208.1",128,90,334,485,254,146
"ENSG00000183153.5",14,22,73,81,52,34
"ENSG00000131747.10",16962,15640,15276,17903,11936,6664
"ENSG00000222881.1",11,10,12,2,2,4
"ENSG00000141753.5",2814,2415,4835,7256,2529,1163
"ENSG00000131746.8",33,38,243,291,35,36
"ENSG00000266088.1",2,4,14,10,9,9
"ENSG00000126353.3",24,29,72,119,86,71
"ENSG00000073584.14",660,595,586,668,623,393
"ENSG00000264058.1",20,27,33,36,35,19
"ENSG00000167916.4",7,9,2,13,12,5
"ENSG00000204897.6",5,9,4,17,12,9
"ENSG00000186393.5",4,4,8,22,14,3
"ENSG00000171446.6",7,2,15,19,13,7
"ENSG00000173908.8",6,3,3,13,16,1
"ENSG00000186395.6",185,165,443,455,491,324
"ENSG00000167920.4",201,197,269,426,243,78
"ENSG00000187242.4",6,9,22,46,68,34
"ENSG00000108244.12",12,10,3,5,6,1
"ENSG00000196859.3",8,7,6,13,18,2
"ENSG00000204889.6",6,12,2,8,13,2
"ENSG00000221852.4",2,3,1,18,17,0
"ENSG00000221880.2",1,8,4,12,11,1
"ENSG00000240871.3",11,4,2,8,13,9
"ENSG00000204880.6",12,11,7,17,12,4
"ENSG00000212722.6",11,16,12,23,18,8
"ENSG00000212721.2",10,9,5,25,24,3
"ENSG00000213416.3",10,7,7,21,15,4
"ENSG00000198090.3",6,7,4,16,23,7
"ENSG00000198271.3",11,3,3,35,15,5
"ENSG00000171396.10",15,7,5,27,19,5
"ENSG00000240542.2",6,3,3,30,15,6
"ENSG00000204873.3",5,7,2,19,12,6
"ENSG00000198083.7",13,8,6,18,19,2
"ENSG00000212657.1",8,9,4,12,13,6
"ENSG00000006059.3",17,10,6,21,19,6
"ENSG00000131738.5",17,9,8,33,19,2
"ENSG00000131737.5",7,4,6,23,11,7
"ENSG00000094796.4",11,6,8,23,17,13
"ENSG00000108417.3",4,13,4,20,12,0
"ENSG00000171360.3",7,8,8,17,14,8
"ENSG00000197079.4",10,11,9,21,13,7
"ENSG00000126337.9",5,2,4,23,16,7
"ENSG00000171401.10",19,38,25,27,22,16
"ENSG00000171346.9",51,26,13,39,32,20
"ENSG00000171345.9",4608,4258,5456,7142,5612,2734
"ENSG00000171403.5",13,5,4,15,14,5
"ENSG00000186847.5",23,23,22,42,45,40
"ENSG00000186832.4",18,14,8,13,19,13
"ENSG00000128422.11",8,6,7,12,21,4
"ENSG00000173801.12",8676,7257,7547,10313,8430,4401
"ENSG00000173812.6",4899,4215,4679,5333,4607,2523
"ENSG00000173805.11",22,18,9,12,12,10
"ENSG00000141696.8",83,72,187,302,213,138
"ENSG00000141756.14",41,53,510,695,436,431
"ENSG00000141698.12",753,703,737,905,834,381
"ENSG00000161594.6",12,17,15,24,18,5
"ENSG00000259623.1",114,97,111,131,110,74
"ENSG00000178502.5",397,364,370,452,352,181
"ENSG00000131473.12",9585,8480,8872,11681,8071,3670
"ENSG00000204815.4",20,26,36,52,41,27
"ENSG00000173786.12",1438,1361,1183,1614,1416,876
"ENSG00000168259.10",1580,1335,1575,1923,1607,1084
"ENSG00000168256.13",727,697,823,967,900,574
"ENSG00000187595.10",43,19,32,48,38,41
"ENSG00000267221.1",56,40,59,42,60,28
"ENSG00000108771.8",56,62,102,180,72,68
"ENSG00000108773.6",2285,2068,1819,2122,1657,1621
"ENSG00000197723.3",15,17,3,16,24,12
"ENSG00000108774.10",252,262,253,275,314,108
"ENSG00000089558.4",52,35,48,62,95,54
"ENSG00000167925.11",562,468,391,577,466,345
"ENSG00000173757.5",8206,7487,6380,7987,5706,3886
"ENSG00000267758.1",76,61,99,56,68,92
"ENSG00000236194.2",300,296,239,286,256,211
"ENSG00000126561.12",10235,9093,7621,9591,6295,3381
"ENSG00000168610.10",3756,3541,4607,5658,4961,2761
"ENSG00000177469.12",5034,4524,6142,7627,7869,5277
"ENSG00000033627.10",2269,1889,2475,3090,2769,2202
"ENSG00000267222.1",5,5,7,11,7,13
"ENSG00000267632.1",117,75,119,86,107,128
"ENSG00000267185.1",6,6,7,11,9,17
"ENSG00000108784.5",355,364,259,297,306,204
"ENSG00000108785.7",107,96,76,107,109,68
"ENSG00000108786.6",143,114,167,192,156,108
"ENSG00000266962.1",28,28,23,27,27,23
"ENSG00000068120.10",1345,1168,1318,1829,1555,805
"ENSG00000108788.7",710,536,512,532,560,297
"ENSG00000131470.10",340,306,290,397,335,293
"ENSG00000141699.6",1549,1288,1175,1696,1363,723
"ENSG00000131462.3",1664,1455,1079,1399,1204,681
"ENSG00000037042.8",56,25,21,34,46,12
"ENSG00000068137.10",2890,2561,1275,1582,1106,1040
"ENSG00000184451.5",94,89,40,96,90,43
"ENSG00000108797.7",180,138,140,170,166,140
"ENSG00000108799.8",2069,1930,1385,1641,1329,1259
"ENSG00000131475.2",1271,1139,1014,1205,1055,449
"ENSG00000126562.12",1712,1459,1061,1209,1441,1334
"ENSG00000183978.7",251,222,155,270,207,54
"ENSG00000176563.5",28,19,27,25,20,29
"ENSG00000126581.8",589,532,437,546,485,268
"ENSG00000131467.6",1244,1112,1284,1572,1350,672
"ENSG00000131480.4",46,44,43,63,66,34
"ENSG00000131471.2",21,18,18,45,30,26
"ENSG00000260105.2",5,13,10,9,6,6
"ENSG00000266967.2",116,83,119,126,90,92
"ENSG00000267060.1",103,85,88,120,83,82
"ENSG00000267230.1",30,27,41,32,20,38
"ENSG00000198863.3",627,540,601,750,614,449
"ENSG00000131469.8",10498,10720,7357,9654,7651,1258
"ENSG00000068079.3",166,144,176,212,151,103
"ENSG00000108828.11",7071,6517,4861,6494,4651,2122
"ENSG00000108830.7",36,53,79,107,76,27
"ENSG00000012048.15",2100,1886,1939,2211,2179,1674
"ENSG00000198496.6",172,147,170,201,241,205
"ENSG00000267681.1",10,11,11,8,19,13
"ENSG00000267002.1",122,127,112,112,128,171
"ENSG00000267340.1",14,18,8,14,27,18
"ENSG00000188554.9",2482,2048,2385,2845,2107,1163
"ENSG00000184988.4",32,26,42,35,51,32
"ENSG00000236383.3",160,116,241,206,259,574
"ENSG00000188825.9",337,255,354,408,494,797
"ENSG00000175906.4",17,17,20,40,27,19
"ENSG00000067596.6",1106,1077,989,1362,1230,628
"ENSG00000175832.8",844,802,1056,1341,1321,731
"ENSG00000108861.4",657,656,525,693,704,427
"ENSG00000161647.14",214,147,175,217,242,216
"ENSG00000161649.8",7,16,6,19,18,15
"ENSG00000108852.10",21,12,46,59,149,76
"ENSG00000161653.6",35,42,26,43,48,35
"ENSG00000091947.5",773,702,502,720,511,227
"ENSG00000161654.5",803,688,641,755,605,396
"ENSG00000141349.4",494,448,409,617,539,256
"ENSG00000108840.11",2238,1953,2088,2602,2409,1720
"ENSG00000267638.1",27,28,20,24,24,14
"ENSG00000125319.10",596,605,476,597,561,376
"ENSG00000161664.2",75,54,71,65,67,91
"ENSG00000267080.1",210,164,161,145,200,195
"ENSG00000168591.11",550,495,402,595,495,313
"ENSG00000087152.11",1272,1169,1240,1689,1515,1017
"ENSG00000267394.1",6,12,8,15,6,5
"ENSG00000108312.10",2857,2544,2611,3132,3368,2606
"ENSG00000260793.2",103,93,68,80,152,166
"ENSG00000004939.9",376,328,230,327,287,147
"ENSG00000267750.1",15,4,4,14,22,14
"ENSG00000108309.8",55,36,30,59,58,49
"ENSG00000013306.11",4916,4447,3481,4519,3971,2133
"ENSG00000030582.12",1826,1556,1432,2151,2029,892
"ENSG00000161682.10",404,353,570,708,612,423
"ENSG00000005961.13",275,250,2733,3702,6524,4814
"ENSG00000186566.7",1858,1649,1883,2197,1861,1576
"ENSG00000180340.5",113,75,178,320,191,122
"ENSG00000180336.13",46,31,27,42,44,32
"ENSG00000180329.9",324,310,320,352,272,170
"ENSG00000161692.13",848,679,710,875,703,698
"ENSG00000240305.1",14,3,9,12,12,11
"ENSG00000073670.9",38,33,35,34,28,32
"ENSG00000182963.5",20,22,4,20,36,21
"ENSG00000131097.2",8,7,7,14,17,6
"ENSG00000108883.8",3434,3155,3149,4273,3638,1597
"ENSG00000131095.7",17,15,22,40,48,23
"ENSG00000186185.9",1952,1625,1443,1473,1404,1302
"ENSG00000172992.7",853,685,767,1031,854,409
"ENSG00000136448.7",3903,3302,3310,4377,3506,1815
"ENSG00000161714.7",239,285,218,315,380,313
"ENSG00000181513.10",441,434,362,463,424,391
"ENSG00000186834.2",912,773,919,1082,1057,1105
"ENSG00000168517.6",117,137,105,153,96,80
"ENSG00000267121.1",116,136,70,133,33,80
"ENSG00000184922.9",618,583,471,574,387,344
"ENSG00000233175.2",11,7,6,13,6,14
"ENSG00000233483.2",37,33,26,13,47,25
"ENSG00000267278.1",136,104,101,142,105,83
"ENSG00000184361.8",49,35,30,40,52,26
"ENSG00000006062.9",438,387,454,638,556,437
"ENSG00000159314.7",86,81,69,94,114,82
"ENSG00000225190.4",342,311,374,438,359,302
"ENSG00000214425.2",19,19,8,25,8,9
"ENSG00000264070.1",7,5,3,13,15,4
"ENSG00000204650.9",79,77,127,97,100,58
"ENSG00000185294.5",4,6,3,11,15,3
"ENSG00000186868.11",28,49,39,70,58,45
"ENSG00000120071.8",1385,1251,1406,1649,1378,1232
"ENSG00000262372.1",10,10,9,13,13,6
"ENSG00000214401.4",6,11,20,10,21,21
"ENSG00000228696.4",7,3,6,11,9,13
"ENSG00000238083.3",1,5,16,12,7,3
"ENSG00000073969.14",453,461,504,665,425,187
"ENSG00000213326.4",21,17,15,25,24,17
"ENSG00000108379.5",263,198,150,219,136,127
"ENSG00000158955.6",15,10,2,19,10,5
"ENSG00000108433.11",753,635,732,1030,813,458
"ENSG00000263142.1",157,159,130,190,166,105
"ENSG00000262879.1",335,264,292,365,277,244
"ENSG00000004897.7",2479,2189,2127,2444,1972,1285
"ENSG00000239291.1",80,71,81,93,61,102
"ENSG00000262265.1",35,26,32,24,24,46
"ENSG00000261872.1",43,48,26,37,36,22
"ENSG00000198336.5",2430,2299,2480,3009,2376,1165
"ENSG00000259207.3",23,16,66,69,62,34
"ENSG00000178852.11",97,98,141,162,154,189
"ENSG00000253347.1",23,21,39,63,52,50
"ENSG00000228782.3",205,174,215,231,228,193
"ENSG00000141279.11",2553,2086,1775,2252,1971,1098
"ENSG00000263766.1",18,13,11,35,26,16
"ENSG00000108424.5",10113,9224,8009,10161,8158,4505
"ENSG00000198933.5",440,443,382,454,479,444
"ENSG00000073861.2",10,9,11,28,25,2
"ENSG00000006025.7",493,400,417,531,452,470
"ENSG00000159111.8",1371,1193,989,1307,1077,404
"ENSG00000141294.5",60,36,51,52,51,57
"ENSG00000141295.9",552,508,550,659,486,433
"ENSG00000189120.3",542,544,770,1067,1035,595
"ENSG00000264920.1",38,25,25,44,48,17
"ENSG00000167182.11",375,283,296,368,319,328
"ENSG00000234494.3",70,51,60,67,63,73
"ENSG00000108439.5",375,329,385,454,363,161
"ENSG00000167183.2",10,5,10,16,15,14
"ENSG00000108465.10",2158,1866,1984,2021,1805,1739
"ENSG00000263412.1",50,34,35,46,47,24
"ENSG00000082641.11",2694,2351,2499,3471,3215,2098
"ENSG00000108468.10",1527,1263,1064,1360,939,514
"ENSG00000002919.10",289,279,262,316,309,116
"ENSG00000141293.11",12,10,7,11,14,2
"ENSG00000264451.1",1,2,27,26,2,2
"ENSG00000173917.9",524,428,355,461,470,288
"ENSG00000230148.4",24,23,22,25,20,16
"ENSG00000120093.7",655,519,737,725,550,613
"ENSG00000233101.6",60,61,60,78,63,78
"ENSG00000239552.2",34,32,52,55,31,33
"ENSG00000182742.5",725,646,640,709,552,422
"ENSG00000257178.2",67,84,72,79,67,68
"ENSG00000120075.5",63,52,52,70,51,56
"ENSG00000108511.8",204,160,174,180,176,202
"ENSG00000260027.3",184,171,130,177,132,80
"ENSG00000120068.5",136,144,74,111,140,161
"ENSG00000170689.8",4140,3580,4096,5218,4579,3028
"ENSG00000242207.1",37,36,52,49,34,43
"ENSG00000272763.1",105,65,107,124,120,120
"ENSG00000159184.7",5,5,5,11,14,1
"ENSG00000170703.11",15,10,9,38,30,8
"ENSG00000136436.10",1356,1185,1512,1709,1659,1149
"ENSG00000248278.1",8,17,4,12,6,5
"ENSG00000159199.9",844,726,743,1047,805,241
"ENSG00000159202.13",2067,1882,1639,2077,1724,1207
"ENSG00000159210.5",622,490,553,592,572,384
"ENSG00000250838.1",36,38,31,41,21,11
"ENSG00000159217.5",7988,7304,8020,9834,8941,5497
"ENSG00000251461.3",45,31,18,28,33,38
"ENSG00000252636.1",8,8,11,13,8,8
"ENSG00000251550.1",12,11,16,20,22,18
"ENSG00000167080.4",12,12,4,18,19,10
"ENSG00000108798.4",3,11,5,26,10,6
"ENSG00000173868.7",13,20,28,39,66,37
"ENSG00000198740.4",1078,1013,1120,1330,930,686
"ENSG00000248714.2",25,30,21,33,16,18
"ENSG00000167085.7",1562,1491,1398,1994,1579,487
"ENSG00000229944.2",26,18,26,22,22,5
"ENSG00000064300.4",12,8,7,25,24,14
"ENSG00000182575.7",22,13,13,23,28,24
"ENSG00000121067.13",894,803,912,1143,909,419
"ENSG00000121073.9",552,488,405,606,468,197
"ENSG00000250751.1",49,24,18,18,21,22
"ENSG00000121104.3",2823,2515,1485,1864,1589,1069
"ENSG00000136504.7",1488,1292,944,1418,1031,618
"ENSG00000235183.3",14,13,10,8,9,13
"ENSG00000262837.1",4,6,17,11,18,24
"ENSG00000176358.11",15,17,14,9,16,10
"ENSG00000204584.1",7,6,10,19,32,25
"ENSG00000108813.9",33,20,22,35,34,22
"ENSG00000005884.13",19,21,17,55,79,56
"ENSG00000005882.7",26,36,72,89,96,57
"ENSG00000167100.10",10,10,10,35,34,33
"ENSG00000108819.9",2144,1910,2549,3532,3160,2665
"ENSG00000108823.11",7,10,5,25,8,8
"ENSG00000108821.9",86,63,1366,2232,3318,2279
"ENSG00000249406.1",13,10,73,101,86,95
"ENSG00000263176.1",1,1,7,16,7,20
"ENSG00000251085.1",0,0,17,22,15,15
"ENSG00000167105.3",25,4,65,85,82,56
"ENSG00000015532.5",675,556,623,861,778,611
"ENSG00000108826.11",487,492,545,611,583,353
"ENSG00000154920.10",677,592,488,525,483,408
"ENSG00000108829.9",2863,2466,2892,3774,3398,2005
"ENSG00000167107.8",453,349,529,716,633,487
"ENSG00000262759.1",3,3,10,10,6,9
"ENSG00000136457.5",41,34,43,57,43,54
"ENSG00000136444.5",811,711,759,1036,637,412
"ENSG00000136449.9",19,17,15,27,30,18
"ENSG00000049283.13",25,37,18,65,31,26
"ENSG00000006282.15",176,173,197,254,201,132
"ENSG00000006283.13",42,23,27,97,83,33
"ENSG00000108846.11",50,33,66,107,83,72
"ENSG00000154945.6",525,466,471,583,556,329
"ENSG00000108848.11",4436,3792,4100,4150,3349,3866
"ENSG00000173714.7",7,10,7,22,16,4
"ENSG00000141232.4",549,481,289,446,341,195
"ENSG00000229980.4",44,35,39,38,33,23
"ENSG00000247011.2",41,31,23,7,28,24
"ENSG00000008294.16",4218,3679,3494,4010,3429,2866
"ENSG00000249870.1",13,9,11,12,14,4
"ENSG00000239672.3",920,979,966,1192,915,294
"ENSG00000243678.7",144,167,103,105,108,74
"ENSG00000011258.11",972,873,943,1129,950,715
"ENSG00000264895.1",37,45,66,39,45,80
"ENSG00000011260.9",1417,1247,1158,1610,1230,744
"ENSG00000141200.6",9,5,7,15,16,7
"ENSG00000141198.9",846,669,491,716,600,356
"ENSG00000166260.6",600,517,486,513,420,294
"ENSG00000166263.9",404,323,413,455,297,266
"ENSG00000261589.1",51,39,72,68,50,50
"ENSG00000108960.3",229,221,145,143,137,76
"ENSG00000141179.9",1062,989,642,816,403,188
"ENSG00000153930.6",7,14,11,38,36,16
"ENSG00000214226.4",46,53,47,31,54,31
"ENSG00000153933.5",359,294,220,305,215,185
"ENSG00000121060.10",1829,1644,2475,3151,2580,1621
"ENSG00000121058.4",957,782,840,961,595,496
"ENSG00000262298.1",4,15,13,1,5,5
"ENSG00000121064.8",200,182,221,410,249,102
"ENSG00000263120.1",21,11,11,23,7,9
"ENSG00000263004.1",17,18,13,14,18,9
"ENSG00000121057.8",1371,1201,1141,1388,1243,825
"ENSG00000263089.1",53,45,29,35,60,38
"ENSG00000153944.6",2796,2482,1786,2028,1817,1524
"ENSG00000266100.1",40,18,21,11,5,12
"ENSG00000263499.1",52,51,38,22,31,36
"ENSG00000242889.2",21,24,14,11,11,9
"ENSG00000181610.8",525,516,652,809,710,317
"ENSG00000180891.8",103,76,57,125,112,70
"ENSG00000136451.4",612,598,520,731,659,515
"ENSG00000264112.1",237,155,386,398,334,335
"ENSG00000136450.8",4311,3872,4124,4961,4309,3021
"ENSG00000264364.2",1047,910,1076,1298,1375,920
"ENSG00000121053.5",43,37,26,40,29,31
"ENSG00000011143.12",581,529,755,917,683,382
"ENSG00000167419.6",8,9,7,15,14,18
"ENSG00000005381.6",15,17,17,30,11,16
"ENSG00000005379.11",407,314,196,254,296,320
"ENSG00000265148.1",170,110,68,89,108,79
"ENSG00000265206.2",945,796,619,678,733,729
"ENSG00000213246.2",565,511,481,594,446,210
"ENSG00000108375.8",116,82,324,363,71,52
"ENSG00000176160.5",5,3,9,21,12,7
"ENSG00000108389.5",1895,1763,1849,2303,1574,901
"ENSG00000108387.10",12,22,16,30,31,13
"ENSG00000121101.11",30,19,24,54,41,19
"ENSG00000212195.1",44,60,67,83,80,8
"ENSG00000202077.1",22,18,23,28,39,45
"ENSG00000200997.1",60,60,73,79,67,17
"ENSG00000108384.10",375,360,376,486,375,217
"ENSG00000175175.4",49,45,108,177,288,160
"ENSG00000108395.9",828,755,748,926,675,489
"ENSG00000224738.1",39,16,23,23,25,22
"ENSG00000182628.8",743,689,607,813,560,499
"ENSG00000068489.8",1776,1725,1081,1584,1003,733
"ENSG00000266537.1",32,33,18,15,9,18
"ENSG00000265415.1",122,107,92,82,43,54
"ENSG00000167447.8",526,482,501,677,544,258
"ENSG00000153982.6",311,300,189,188,217,138
"ENSG00000175155.4",152,120,138,162,195,132
"ENSG00000108406.5",908,701,727,877,682,381
"ENSG00000141367.7",14085,13019,11906,15010,12316,4730
"ENSG00000141378.13",617,504,581,686,654,421
"ENSG00000062716.6",2220,1940,2225,2420,1804,1200
"ENSG00000108423.10",299,261,285,358,239,149
"ENSG00000270264.1",19,17,11,13,15,13
"ENSG00000108443.9",876,829,765,887,733,562
"ENSG00000241913.1",13,10,4,7,4,0
"ENSG00000189050.10",99,109,120,149,113,87
"ENSG00000068097.10",686,613,491,635,532,340
"ENSG00000267526.1",17,11,3,4,3,5
"ENSG00000267248.1",27,12,29,28,28,23
"ENSG00000170832.8",2830,2369,2315,2932,2630,1980
"ENSG00000252577.1",13,9,9,16,12,6
"ENSG00000241157.1",24,8,17,24,10,25
"ENSG00000271626.1",11,7,7,13,17,4
"ENSG00000062725.5",471,407,394,497,460,231
"ENSG00000259349.1",12,11,6,19,12,4
"ENSG00000170836.7",562,490,414,495,438,295
"ENSG00000141376.16",296,248,417,522,671,480
"ENSG00000267131.1",3,1,6,1,13,13
"ENSG00000266934.1",14,5,8,10,15,23
"ENSG00000121068.9",17,25,9,30,15,15
"ENSG00000121075.5",11,9,4,23,26,9
"ENSG00000136492.4",911,809,698,772,659,500
"ENSG00000108506.7",1249,1143,969,1233,925,561
"ENSG00000108510.5",4043,3754,3865,4530,3922,3372
"ENSG00000242398.2",18,30,16,28,23,8
"ENSG00000200842.1",34,27,50,55,31,35
"ENSG00000266066.1",34,33,28,80,35,33
"ENSG00000188755.5",14,9,7,43,32,18
"ENSG00000263887.2",9,4,3,11,11,1
"ENSG00000172421.3",10,7,4,18,17,7
"ENSG00000087995.11",396,350,381,440,403,204
"ENSG00000146872.13",1244,1123,1212,1441,1157,981
"ENSG00000239246.2",15,17,20,22,12,5
"ENSG00000264546.1",18,25,23,28,19,31
"ENSG00000011028.9",1140,953,961,1335,1314,899
"ENSG00000173838.7",3,9,6,20,17,8
"ENSG00000263931.1",143,113,62,85,148,183
"ENSG00000266411.1",34,29,13,15,17,14
"ENSG00000170921.10",1241,1053,826,1053,1924,1536
"ENSG00000264513.1",7,9,11,10,29,32
"ENSG00000008283.11",786,614,849,1210,898,496
"ENSG00000159640.10",36,38,244,370,254,170
"ENSG00000173826.10",20,22,16,20,41,10
"ENSG00000136485.10",6080,5491,5866,8047,5958,2917
"ENSG00000136463.7",338,338,304,399,346,175
"ENSG00000198909.3",662,575,820,980,1115,894
"ENSG00000263883.1",15,4,6,5,8,16
"ENSG00000136490.4",67,90,176,294,161,122
"ENSG00000266173.1",189,154,178,224,155,147
"ENSG00000108588.9",2445,1979,2162,2969,2364,1165
"ENSG00000198231.8",3301,2650,2419,2779,2702,2411
"ENSG00000108592.12",833,700,791,912,913,533
"ENSG00000087191.8",1351,1254,1035,1455,1315,602
"ENSG00000108604.11",2409,2149,2083,2883,1980,1031
"ENSG00000264756.1",18,14,17,13,12,7
"ENSG00000240280.2",161,158,464,515,550,471
"ENSG00000213218.5",14,4,10,19,35,16
"ENSG00000136487.13",8,13,8,25,19,7
"ENSG00000204414.7",7,9,16,12,25,15
"ENSG00000259384.2",6,10,8,10,15,5
"ENSG00000007312.8",2,10,4,12,7,4
"ENSG00000007314.7",70,53,40,85,122,106
"ENSG00000224383.3",56,31,36,32,57,41
"ENSG00000108622.6",227,188,122,187,199,64
"ENSG00000178607.11",690,640,683,920,1137,720
"ENSG00000266402.2",102,101,98,114,132,57
"ENSG00000199753.1",54,61,33,59,93,32
"ENSG00000136478.3",1017,841,992,1377,1203,802
"ENSG00000271605.1",23,16,28,48,20,16
"ENSG00000256525.2",691,666,634,753,560,486
"ENSG00000256826.1",10,9,6,14,4,9
"ENSG00000108654.7",6933,6241,6896,7486,6247,4529
"ENSG00000258890.2",1009,879,1083,1194,1068,1097
"ENSG00000108854.11",505,424,528,681,492,350
"ENSG00000215769.4",39,46,49,56,39,56
"ENSG00000265298.1",13,18,21,16,30,35
"ENSG00000265982.1",47,39,41,45,48,42
"ENSG00000214176.5",957,883,1017,1105,982,1170
"ENSG00000176809.6",89,86,56,110,77,68
"ENSG00000265218.1",16,22,12,15,24,19
"ENSG00000266644.1",19,15,21,11,9,17
"ENSG00000264057.1",13,13,15,26,16,21
"ENSG00000232457.3",44,32,59,50,26,50
"ENSG00000265912.1",7,5,14,26,15,13
"ENSG00000214174.4",98,75,117,118,99,55
"ENSG00000120063.5",1231,1121,1037,1417,1054,530
"ENSG00000266598.1",34,21,14,16,15,15
"ENSG00000108370.11",14,6,16,42,21,15
"ENSG00000168646.8",67,82,59,67,48,23
"ENSG00000154240.12",14,13,6,35,41,12
"ENSG00000154229.7",2119,1849,2418,3089,3819,2695
"ENSG00000244044.2",24,18,29,18,29,16
"ENSG00000264630.1",130,101,111,120,159,143
"ENSG00000229330.2",14,10,20,29,29,19
"ENSG00000198265.7",3158,2745,2548,3174,3012,2307
"ENSG00000264421.1",28,23,11,5,11,8
"ENSG00000213180.4",19,11,4,5,2,6
"ENSG00000266473.1",37,25,9,14,13,11
"ENSG00000197170.5",1080,942,1175,1338,1111,640
"ENSG00000154217.10",54,47,20,33,21,19
"ENSG00000130935.5",1050,873,1009,1189,900,502
"ENSG00000171634.12",3402,2923,3520,4074,3440,3563
"ENSG00000266717.1",8,8,6,12,10,14
"ENSG00000186665.8",239,232,218,233,226,95
"ENSG00000182481.4",4855,4178,3662,4703,3257,1355
"ENSG00000237854.3",24,17,34,43,41,14
"ENSG00000267023.1",50,58,84,84,93,80
"ENSG00000267352.1",10,11,19,30,10,16
"ENSG00000265100.1",12,5,1,9,13,2
"ENSG00000196704.7",338,310,336,471,432,240
"ENSG00000141337.8",41,29,19,40,61,29
"ENSG00000108932.7",11,6,9,4,12,5
"ENSG00000070540.8",193,134,231,233,444,312
"ENSG00000108946.10",1549,1539,1400,1617,1590,776
"ENSG00000108950.7",32,45,42,56,59,46
"ENSG00000141338.9",743,749,175,260,361,243
"ENSG00000154258.12",21,30,15,55,49,8
"ENSG00000154262.8",25,23,16,44,59,22
"ENSG00000154263.13",29,12,19,36,55,15
"ENSG00000154265.11",31,27,119,136,200,169
"ENSG00000108984.9",12,4,9,20,23,2
"ENSG00000237560.1",3,4,15,26,33,30
"ENSG00000230258.2",219,137,489,495,528,535
"ENSG00000267603.1",62,45,153,119,201,226
"ENSG00000153822.9",298,258,704,659,804,1052
"ENSG00000123700.4",5,2,4,16,15,3
"ENSG00000125398.5",14,3,6,12,19,6
"ENSG00000133195.7",345,296,273,414,373,198
"ENSG00000200783.1",18,7,13,16,24,7
"ENSG00000264196.1",15,11,19,8,3,3
"ENSG00000166685.7",736,618,575,743,709,585
"ENSG00000133193.8",433,403,312,413,371,237
"ENSG00000141219.11",422,401,377,493,468,301
"ENSG00000187959.5",10,6,4,7,12,5
"ENSG00000179604.8",1175,1037,673,892,804,458
"ENSG00000069188.12",38,39,28,69,52,34
"ENSG00000172809.8",7623,7088,5367,6923,5860,1924
"ENSG00000246731.2",43,35,32,39,28,29
"ENSG00000141540.6",488,445,165,228,201,164
"ENSG00000171595.9",23,10,9,26,16,13
"ENSG00000196169.10",41,29,14,28,40,12
"ENSG00000204347.3",9,7,2,19,18,7
"ENSG00000257008.2",11,6,6,16,19,3
"ENSG00000170412.12",91,105,85,144,435,241
"ENSG00000167851.9",19,20,184,310,222,141
"ENSG00000178789.4",17,17,2,24,17,5
"ENSG00000167850.3",5,4,4,12,10,7
"ENSG00000172794.15",21,13,7,12,18,10
"ENSG00000109062.5",1061,848,743,1027,754,473
"ENSG00000109065.7",665,644,713,871,710,512
"ENSG00000109066.9",235,192,234,337,334,263
"ENSG00000161509.9",49,66,84,140,163,154
"ENSG00000161513.7",2146,1894,2096,2525,2301,1451
"ENSG00000172782.7",80,70,21,44,25,12
"ENSG00000182040.4",301,247,124,135,76,65
"ENSG00000183034.8",34,25,15,23,30,11
"ENSG00000182938.4",3,12,4,29,18,7
"ENSG00000167861.11",71,58,37,44,53,29
"ENSG00000109089.7",443,367,295,445,376,300
"ENSG00000167862.5",438,457,359,404,326,142
"ENSG00000180901.6",875,786,662,914,691,386
"ENSG00000167863.7",2246,1894,1589,2029,1601,519
"ENSG00000170190.11",258,227,372,484,432,382
"ENSG00000125449.2",368,352,320,434,302,257
"ENSG00000125458.2",807,669,516,630,585,391
"ENSG00000189159.11",1796,1633,1302,1657,1390,683
"ENSG00000265800.1",16,19,12,28,10,16
"ENSG00000263786.1",52,51,43,51,18,38
"ENSG00000265242.1",31,24,25,40,31,28
"ENSG00000188612.7",2827,2719,1962,2776,2392,550
"ENSG00000125450.6",1786,1543,1291,1652,1268,798
"ENSG00000125447.12",2312,2131,1915,2629,1878,1507
"ENSG00000125445.6",729,688,641,1003,772,306
"ENSG00000125457.9",461,437,308,491,375,202
"ENSG00000263843.1",144,151,75,77,114,92
"ENSG00000125454.7",305,237,338,436,318,146
"ENSG00000177885.9",2038,1896,2108,2634,2121,1260
"ENSG00000228007.1",15,8,5,7,8,12
"ENSG00000264853.1",87,61,79,65,70,51
"ENSG00000265342.1",9,11,10,5,5,5
"ENSG00000177728.10",2259,1953,1772,2297,1794,1521
"ENSG00000177303.5",295,252,285,414,343,299
"ENSG00000182173.8",535,503,537,616,581,378
"ENSG00000073350.9",973,870,834,1025,838,730
"ENSG00000266714.2",450,346,297,305,319,453
"ENSG00000108469.10",1009,898,729,896,901,730
"ENSG00000204323.5",108,74,76,63,75,82
"ENSG00000259120.2",32,30,30,26,34,42
"ENSG00000161526.10",848,669,612,874,751,425
"ENSG00000264829.1",22,14,12,9,6,11
"ENSG00000264270.1",29,23,25,11,14,18
"ENSG00000132470.9",215,199,125,216,324,226
"ENSG00000108479.7",834,713,609,800,587,243
"ENSG00000132475.4",7607,6962,5860,7123,5952,3242
"ENSG00000132478.5",975,982,804,867,679,638
"ENSG00000266980.1",15,12,14,20,15,16
"ENSG00000092929.7",5828,5151,7213,9120,7360,5918
"ENSG00000132471.7",1999,1752,1518,2236,1888,991
"ENSG00000132481.2",104,76,46,57,60,32
"ENSG00000267801.1",11,11,14,5,7,7
"ENSG00000141569.6",1517,1350,1586,1900,1431,1032
"ENSG00000267342.1",27,34,22,38,22,13
"ENSG00000204316.8",148,132,102,126,69,58
"ENSG00000188878.12",194,209,171,176,139,126
"ENSG00000161533.7",925,842,1073,1371,911,486
"ENSG00000261408.1",17,21,21,17,16,13
"ENSG00000250506.2",14,9,11,6,9,3
"ENSG00000167880.3",61,31,36,107,98,30
"ENSG00000167881.10",1396,1044,1220,1420,1361,666
"ENSG00000186919.8",50,40,35,56,47,40
"ENSG00000182687.3",9,4,10,26,15,12
"ENSG00000182473.16",976,863,1102,1243,1190,839
"ENSG00000129654.7",6,11,4,9,10,2
"ENSG00000267128.1",126,86,51,78,40,29
"ENSG00000141576.10",1889,1660,850,1045,600,467
"ENSG00000228218.1",41,41,29,32,19,15
"ENSG00000185262.7",942,979,703,856,664,369
"ENSG00000129646.9",73,53,52,118,138,77
"ENSG00000161542.12",803,762,497,597,589,270
"ENSG00000176170.9",470,421,140,177,256,127
"ENSG00000175931.8",2422,2011,1650,2100,1928,1558
"ENSG00000242931.1",13,17,19,6,5,20
"ENSG00000129667.8",72,61,21,33,36,25
"ENSG00000161544.5",5,8,3,13,14,7
"ENSG00000214140.6",20,13,20,29,16,19
"ENSG00000267546.2",30,21,14,31,14,12
"ENSG00000163597.10",2717,2550,2219,2832,2101,674
"ENSG00000070731.5",37,42,40,52,54,29
"ENSG00000070526.10",1229,944,1013,1338,1189,901
"ENSG00000182534.9",410,334,194,254,229,179
"ENSG00000070495.10",681,618,595,868,798,490
"ENSG00000181038.9",288,245,213,325,251,137
"ENSG00000161547.10",1969,1712,1302,1460,1474,860
"ENSG00000092931.7",926,794,622,797,709,464
"ENSG00000167889.8",60,68,29,64,81,58
"ENSG00000234912.5",265,268,332,315,294,213
"ENSG00000129657.10",2852,2376,2449,3316,3539,2128
"ENSG00000222808.1",13,10,6,1,7,11
"ENSG00000262870.1",7,11,10,13,14,9
"ENSG00000184640.13",4233,3718,4852,6346,5502,4118
"ENSG00000266998.1",49,32,52,35,54,60
"ENSG00000078687.12",457,355,387,408,420,450
"ENSG00000204282.3",353,297,174,211,330,278
"ENSG00000141524.11",8821,7869,4720,6282,7101,5542
"ENSG00000167895.10",337,294,342,448,501,480
"ENSG00000187997.7",545,520,166,254,253,270
"ENSG00000267679.1",65,78,31,23,38,64
"ENSG00000108639.3",1900,1740,1124,1488,1375,839
"ENSG00000167900.7",4353,3914,2806,3712,3341,1405
"ENSG00000183077.11",1374,1236,930,1098,907,603
"ENSG00000089685.10",690,712,607,845,591,262
"ENSG00000267676.1",29,27,36,31,45,63
"ENSG00000204277.1",102,98,139,125,215,313
"ENSG00000184557.3",1335,1221,570,779,560,375
"ENSG00000266970.1",36,18,15,10,21,11
"ENSG00000087157.14",896,777,624,877,669,522
"ENSG00000187775.12",157,104,92,190,172,100
"ENSG00000108669.12",857,786,916,1034,894,776
"ENSG00000055483.15",1409,1248,1220,1552,1376,1218
"ENSG00000178404.5",10,9,5,15,9,11
"ENSG00000108679.8",54,44,520,767,317,179
"ENSG00000171302.12",1034,958,799,1160,1049,422
"ENSG00000167280.12",1102,925,1013,1103,1071,1006
"ENSG00000167281.14",15,12,6,19,26,20
"ENSG00000182156.5",17,6,6,15,14,12
"ENSG00000173894.6",2125,1829,619,908,723,571
"ENSG00000141570.6",492,457,315,413,352,276
"ENSG00000262772.1",48,43,37,50,47,53
"ENSG00000141582.10",1135,1009,1017,1473,1299,855
"ENSG00000167291.11",26,35,19,61,33,32
"ENSG00000141519.10",31,25,15,67,24,15
"ENSG00000171298.8",415,363,85,127,179,122
"ENSG00000141543.5",1988,1820,1683,2198,1822,803
"ENSG00000141527.12",30,43,18,28,34,16
"ENSG00000262580.1",73,56,4,13,17,4
"ENSG00000181523.8",685,612,96,145,143,101
"ENSG00000181045.10",183,137,23,30,37,23
"ENSG00000173821.15",21709,18969,9440,11005,5627,5024
"ENSG00000263069.1",217,214,109,152,77,66
"ENSG00000173818.12",145,136,119,166,135,101
"ENSG00000260369.2",23,15,14,27,15,11
"ENSG00000141564.9",1891,1615,1921,2324,2135,1856
"ENSG00000262833.1",54,74,34,72,46,91
"ENSG00000262313.1",4,6,5,11,11,11
"ENSG00000261924.1",64,46,54,75,84,88
"ENSG00000176108.5",262,231,320,359,306,273
"ENSG00000175911.4",61,56,58,85,52,50
"ENSG00000262873.1",45,42,14,32,11,18
"ENSG00000262098.1",31,43,22,16,6,12
"ENSG00000226137.3",462,373,422,571,638,511
"ENSG00000175866.11",1023,871,785,982,876,733
"ENSG00000181409.7",98,71,63,106,131,77
"ENSG00000141577.9",1061,913,891,923,718,761
"ENSG00000262115.1",19,12,9,12,13,5
"ENSG00000167302.5",263,214,186,257,237,243
"ENSG00000260005.2",46,40,45,46,41,46
"ENSG00000224877.3",339,266,260,336,352,160
"ENSG00000157637.8",2100,1666,1546,1879,2075,2044
"ENSG00000185168.5",163,117,122,133,160,224
"ENSG00000262223.2",5,10,9,13,4,6
"ENSG00000262877.3",206,159,111,115,133,144
"ENSG00000263053.3",159,135,113,89,78,108
"ENSG00000171282.9",1786,1515,1079,1258,814,895
"ENSG00000266392.1",79,64,28,46,36,22
"ENSG00000266189.1",4,12,1,11,5,3
"ENSG00000184009.5",20823,18557,21365,29054,26450,12245
"ENSG00000229848.1",20,12,8,7,7,17
"ENSG00000186765.7",50,42,51,55,43,88
"ENSG00000185504.12",1364,1262,1316,1682,1696,1465
"ENSG00000182446.9",5214,4311,3576,4368,3980,2807
"ENSG00000207021.1",19,15,9,26,11,19
"ENSG00000182612.6",17,24,31,37,28,17
"ENSG00000185527.7",10,9,11,19,14,9
"ENSG00000204237.4",474,432,411,558,463,341
"ENSG00000185298.8",943,941,990,1133,1026,877
"ENSG00000214087.4",240,205,222,274,253,119
"ENSG00000185359.8",2791,2387,2082,2448,2467,2158
"ENSG00000262049.1",98,98,88,107,116,86
"ENSG00000262814.2",471,424,416,503,467,207
"ENSG00000183048.7",264,240,244,323,223,200
"ENSG00000215644.5",11,9,4,30,24,14
"ENSG00000225663.3",61,43,81,68,81,61
"ENSG00000182676.4",35,21,25,43,45,17
"ENSG00000185624.10",10894,9400,9726,14093,11987,6372
"ENSG00000141522.7",1181,1000,1205,1561,1344,984
"ENSG00000263731.1",148,151,71,118,96,71
"ENSG00000183684.6",1604,1461,1446,1568,1594,1079
"ENSG00000141552.13",1662,1520,1300,1700,1331,342
"ENSG00000185813.6",1656,1457,1271,1495,1343,1089
"ENSG00000187531.9",659,640,563,676,641,529
"ENSG00000197063.6",2679,2503,2302,2728,2274,1603
"ENSG00000264769.1",50,34,33,33,47,45
"ENSG00000265688.1",77,78,100,140,140,72
"ENSG00000183010.12",3646,3222,3828,4889,3895,2400
"ENSG00000185105.4",11,6,9,17,18,14
"ENSG00000185269.7",701,677,434,602,519,450
"ENSG00000169696.11",1183,1001,625,767,711,731
"ENSG00000169689.10",908,795,698,860,769,297
"ENSG00000169683.3",703,593,469,626,430,475
"ENSG00000169750.4",1083,1117,1492,2069,1417,631
"ENSG00000169738.3",1571,1493,1310,1880,1347,549
"ENSG00000169733.7",723,683,636,777,543,459
"ENSG00000169727.8",1967,1734,1583,2104,1828,979
"ENSG00000169718.13",2204,2019,1894,2315,2139,1910
"ENSG00000169710.6",46813,41076,43169,54393,38405,31566
"ENSG00000176155.14",2791,2418,2676,2644,2391,3714
"ENSG00000238947.1",17,4,7,15,12,24
"ENSG00000265678.1",38,50,48,36,37,49
"ENSG00000266654.1",12,14,9,19,14,18
"ENSG00000264548.1",24,22,10,19,15,21
"ENSG00000141526.10",662,548,501,569,424,363
"ENSG00000141551.10",2802,2524,2454,3362,2674,1905
"ENSG00000184551.4",53,52,44,42,45,35
"ENSG00000268852.1",73,70,56,69,47,70
"ENSG00000265692.1",60,63,43,63,44,39
"ENSG00000260563.2",145,142,195,232,214,245
"ENSG00000173762.3",43,49,19,38,21,5
"ENSG00000141574.3",76,71,105,142,101,85
"ENSG00000182459.4",283,250,1548,1902,1417,717
"ENSG00000181396.8",930,863,769,1098,886,519
"ENSG00000169660.11",828,783,703,869,732,708
"ENSG00000178927.12",1487,1352,1026,1164,1148,915
"ENSG00000141562.13",10652,9705,8607,10384,8414,5831
"ENSG00000266445.1",127,102,73,71,61,69
"ENSG00000266236.1",121,103,134,95,127,156
"ENSG00000141568.15",4337,3819,3470,4524,3487,2350
"ENSG00000265136.1",34,44,33,31,55,57
"ENSG00000262652.1",53,22,23,26,41,27
"ENSG00000238403.1",11,11,9,6,11,2
"ENSG00000262147.1",7,10,2,12,11,4
"ENSG00000141580.11",1631,1429,1271,1436,1221,904
"ENSG00000141542.6",159,133,86,97,146,72
"ENSG00000141560.10",828,685,530,786,534,345
"ENSG00000167363.9",622,446,665,766,577,510
"ENSG00000262410.1",28,38,35,22,32,25
"ENSG00000141556.16",3946,3291,3199,4161,3477,2407
"ENSG00000263098.1",16,10,6,22,0,15
"ENSG00000141579.6",237,158,176,163,109,155
"ENSG00000262663.1",53,44,41,48,32,57
"ENSG00000175711.4",411,372,301,368,302,245
"ENSG00000176845.8",200,195,368,454,547,305
"ENSG00000262094.1",3,8,10,8,19,11
"ENSG00000232938.2",15,11,23,33,69,55
"ENSG00000263006.2",5,4,7,14,10,11
"ENSG00000101557.10",1702,1434,1602,1761,1437,1019
"ENSG00000079134.7",1339,1171,1211,1367,1074,1152
"ENSG00000263884.1",53,52,33,34,53,24
"ENSG00000158270.10",12,12,3,29,13,9
"ENSG00000079101.12",18,20,13,16,7,8
"ENSG00000176912.3",131,143,92,129,101,40
"ENSG00000266456.1",38,27,16,17,23,31
"ENSG00000263727.1",14,18,6,10,5,7
"ENSG00000176890.11",3291,2846,1756,2309,2137,1041
"ENSG00000132199.14",1848,1603,1800,1825,2021,2045
"ENSG00000265490.1",4,18,13,22,18,12
"ENSG00000176105.9",2647,2502,2278,2898,3066,1832
"ENSG00000266171.1",85,47,64,89,80,114
"ENSG00000264635.1",106,85,80,77,109,106
"ENSG00000206687.1",26,12,15,10,31,8
"ENSG00000273355.1",27,21,18,45,17,27
"ENSG00000141433.8",14,4,15,26,3,3
"ENSG00000263551.1",77,52,168,167,129,104
"ENSG00000263505.1",16,9,31,27,27,13
"ENSG00000132204.9",538,381,550,623,574,496
"ENSG00000199197.1",42,25,28,62,47,60
"ENSG00000263396.1",82,70,69,53,54,55
"ENSG00000265417.1",319,250,283,349,306,359
"ENSG00000266602.1",57,64,183,196,139,83
"ENSG00000266450.1",27,17,63,70,72,81
"ENSG00000264080.1",6,2,20,17,21,16
"ENSG00000263745.1",13,7,21,16,36,39
"ENSG00000101574.10",288,298,328,310,292,184
"ENSG00000266783.1",16,11,9,16,15,21
"ENSG00000080986.8",1483,1266,1472,1562,1097,747
"ENSG00000235422.1",13,11,11,15,8,8
"ENSG00000266405.2",54,27,33,40,43,22
"ENSG00000101596.10",4911,4423,4565,5174,4672,3334
"ENSG00000266049.1",24,12,6,15,15,13
"ENSG00000207034.1",15,15,25,29,16,19
"ENSG00000132205.6",240,174,42,107,104,59
"ENSG00000101577.5",2143,1941,1580,2081,1871,1303
"ENSG00000272625.1",8,8,5,7,11,10
"ENSG00000263606.1",36,22,17,31,33,27
"ENSG00000265907.1",18,21,20,38,17,10
"ENSG00000266397.1",39,30,19,21,33,37
"ENSG00000264186.1",15,27,15,16,17,9
"ENSG00000101605.8",53,48,87,121,164,163
"ENSG00000265399.1",66,64,50,82,80,60
"ENSG00000101608.8",2886,2532,2795,3399,2925,750
"ENSG00000118680.8",2121,2060,1962,2380,1975,652
"ENSG00000177426.16",1164,943,906,1152,860,530
"ENSG00000170579.10",27,29,21,60,47,20
"ENSG00000177337.3",140,113,133,120,143,131
"ENSG00000262001.1",499,400,629,709,718,764
"ENSG00000266401.1",63,51,65,67,75,50
"ENSG00000263753.2",370,269,364,421,393,326
"ENSG00000264575.1",105,123,96,115,112,54
"ENSG00000198081.6",217,199,160,216,172,121
"ENSG00000082397.11",82,52,19,54,40,20
"ENSG00000154655.10",13,11,3,25,24,12
"ENSG00000235552.4",90,109,92,137,94,37
"ENSG00000088756.8",75,78,143,147,231,160
"ENSG00000265933.1",18,15,93,119,116,86
"ENSG00000101680.9",47,36,35,87,81,25
"ENSG00000173482.12",22,26,11,56,47,21
"ENSG00000206418.3",304,283,337,380,376,310
"ENSG00000266708.1",6,12,5,6,10,4
"ENSG00000265962.1",51,46,27,22,20,15
"ENSG00000168502.13",3357,3063,3643,4485,3306,3063
"ENSG00000272788.1",31,25,31,26,25,12
"ENSG00000178127.8",676,526,560,541,430,357
"ENSG00000263847.1",182,151,168,205,140,208
"ENSG00000266053.2",90,57,42,66,39,49
"ENSG00000101745.11",2130,1801,1712,2025,1569,1554
"ENSG00000273284.1",50,47,33,26,36,30
"ENSG00000128791.7",1356,1214,1209,1770,1214,429
"ENSG00000017797.7",3075,2790,3115,3702,2872,2079
"ENSG00000266805.1",51,33,24,32,12,22
"ENSG00000251994.1",47,74,39,30,7,14
"ENSG00000273352.1",45,32,17,17,15,8
"ENSG00000154845.11",1968,1870,1669,2084,1603,1043
"ENSG00000266541.1",29,34,12,20,8,16
"ENSG00000168461.8",1884,1722,1524,1990,1797,945
"ENSG00000266891.1",25,23,18,11,24,13
"ENSG00000266127.1",66,34,79,117,38,51
"ENSG00000168454.10",29,28,85,119,133,101
"ENSG00000272799.1",51,31,66,46,46,51
"ENSG00000101558.9",7106,6557,6742,8218,6319,3263
"ENSG00000223138.1",12,23,11,22,23,7
"ENSG00000154856.8",7,13,3,21,17,12
"ENSG00000134265.8",1089,973,745,1042,759,465
"ENSG00000265728.1",6,5,25,31,19,12
"ENSG00000154864.7",49,46,36,83,69,34
"ENSG00000236396.3",8,13,6,22,24,7
"ENSG00000257513.3",17,7,9,34,26,7
"ENSG00000267773.1",3,2,1,12,10,4
"ENSG00000141404.11",28,29,22,32,29,19
"ENSG00000255112.2",633,545,409,597,554,314
"ENSG00000154889.12",278,228,176,199,162,100
"ENSG00000141401.7",166,152,6,12,15,3
"ENSG00000181626.10",18,11,6,12,13,10
"ENSG00000176194.13",10,6,5,11,13,2
"ENSG00000176014.8",2767,2251,2649,3399,2964,1679
"ENSG00000141385.5",2507,2043,2389,2787,2281,1233
"ENSG00000141391.9",117,111,138,154,66,72
"ENSG00000267108.1",12,7,8,12,6,11
"ENSG00000267199.1",53,30,60,40,35,40
"ENSG00000134278.10",508,533,778,913,514,442
"ENSG00000128789.16",666,668,499,744,453,192
"ENSG00000101624.6",373,304,310,346,236,160
"ENSG00000267249.1",13,18,12,20,12,12
"ENSG00000175354.14",648,649,719,752,643,407
"ENSG00000085415.11",1770,1532,1618,1966,1570,1006
"ENSG00000101639.14",3286,2868,2719,2913,2586,1997
"ENSG00000168675.14",13,19,10,28,28,13
"ENSG00000177150.8",503,486,436,589,477,298
"ENSG00000242707.2",7,7,10,9,13,5
"ENSG00000101654.13",1390,1333,1294,1619,1329,968
"ENSG00000185231.4",6,3,3,11,10,2
"ENSG00000175322.7",220,190,117,180,132,113
"ENSG00000252234.1",10,17,6,17,10,6
"ENSG00000186481.11",68,39,29,54,34,15
"ENSG00000264222.1",17,17,11,5,6,7
"ENSG00000183206.12",32,10,19,42,28,15
"ENSG00000180777.9",24,27,13,51,44,15
"ENSG00000067900.6",1657,1521,1785,2096,1700,1448
"ENSG00000141449.10",42,38,63,70,43,52
"ENSG00000141446.6",897,783,986,1058,809,833
"ENSG00000167088.6",1246,1301,1173,1288,1115,407
"ENSG00000263350.1",24,12,9,12,10,8
"ENSG00000158201.5",303,251,255,342,227,198
"ENSG00000264188.1",17,10,13,7,7,14
"ENSG00000265656.1",22,22,25,15,18,12
"ENSG00000101752.7",3242,3032,4197,5377,4026,2506
"ENSG00000265142.2",37,35,35,48,49,64
"ENSG00000266010.1",2,4,83,106,24,27
"ENSG00000141448.4",18,9,115,186,92,52
"ENSG00000212710.3",5,16,7,23,16,4
"ENSG00000101773.12",414,366,585,645,488,330
"ENSG00000134508.8",19,11,12,40,15,23
"ENSG00000134490.9",331,351,454,570,396,222
"ENSG00000101782.10",1596,1525,1809,2356,1937,1097
"ENSG00000141452.5",420,315,340,451,474,274
"ENSG00000141458.8",1664,1416,1429,2019,2285,1312
"ENSG00000154065.12",5,10,3,18,19,12
"ENSG00000053747.11",43,45,52,103,81,61
"ENSG00000168234.8",13,7,8,24,27,9
"ENSG00000154040.16",6,8,9,26,18,18
"ENSG00000141447.12",21,21,10,25,29,11
"ENSG00000154059.5",162,132,441,495,379,211
"ENSG00000134489.6",10,6,9,10,9,6
"ENSG00000198795.6",263,204,465,565,404,343
"ENSG00000141380.9",918,915,1300,1532,1134,868
"ENSG00000188985.5",46,57,24,37,34,13
"ENSG00000141384.7",724,630,1246,1525,973,812
"ENSG00000263829.1",10,8,14,22,17,11
"ENSG00000266237.1",17,7,19,8,15,15
"ENSG00000134504.8",12,28,14,22,21,12
"ENSG00000171885.9",10,3,3,8,11,7
"ENSG00000170558.4",15,16,6,20,18,8
"ENSG00000134762.12",14,6,14,38,18,11
"ENSG00000134755.10",546,495,530,747,476,259
"ENSG00000134765.5",8,15,14,23,23,7
"ENSG00000134760.5",13,22,18,34,41,19
"ENSG00000175065.7",10,20,16,49,22,14
"ENSG00000134757.4",19,15,32,42,33,16
"ENSG00000046604.8",1592,1364,2553,3469,2160,1071
"ENSG00000264859.1",15,2,6,18,10,11
"ENSG00000118271.5",6,4,1,11,15,3
"ENSG00000118276.7",10,4,47,59,86,27
"ENSG00000265158.1",9,11,18,39,43,29
"ENSG00000141437.7",6,7,4,13,19,9
"ENSG00000153339.9",1101,1008,1742,1887,1503,1137
"ENSG00000270879.1",3,3,4,11,4,11
"ENSG00000263823.1",14,9,17,21,23,15
"ENSG00000101695.4",2,2,14,12,6,5
"ENSG00000134758.9",623,549,867,1030,851,452
"ENSG00000238982.1",3,8,5,18,13,22
"ENSG00000263393.1",10,12,16,10,18,5
"ENSG00000141441.11",19,11,23,29,29,14
"ENSG00000141434.7",7,7,4,30,18,7
"ENSG00000215492.5",9,17,10,8,8,5
"ENSG00000197705.5",4,5,7,27,10,4
"ENSG00000166960.12",17,8,5,15,29,20
"ENSG00000141431.5",25,20,8,50,51,21
"ENSG00000101746.11",16,5,3,27,32,7
"ENSG00000134769.17",53,51,31,64,72,33
"ENSG00000166974.8",1263,1203,2011,2555,1992,940
"ENSG00000186812.8",385,406,880,979,750,692
"ENSG00000186814.8",273,203,508,618,551,571
"ENSG00000268573.1",199,179,273,351,264,217
"ENSG00000257267.1",212,208,406,503,418,356
"ENSG00000172466.11",1332,1247,2390,2767,2295,1547
"ENSG00000186496.6",37,39,49,73,67,40
"ENSG00000153391.11",133,115,322,368,465,269
"ENSG00000141429.9",316,275,1490,1883,2800,1407
"ENSG00000266965.1",8,8,35,33,75,129
"ENSG00000267397.1",1,4,10,18,28,32
"ENSG00000141428.12",203,184,301,317,252,170
"ENSG00000141425.13",1034,818,1809,2151,1886,1311
"ENSG00000141424.8",139,134,221,322,267,145
"ENSG00000134759.9",1945,1672,2723,3293,2614,1437
"ENSG00000260552.1",29,34,33,54,42,21
"ENSG00000075643.5",260,251,423,524,463,250
"ENSG00000134775.11",59,34,51,93,82,70
"ENSG00000134779.10",1975,1843,2665,3257,2778,1708
"ENSG00000150477.10",288,242,420,488,433,452
"ENSG00000267039.1",22,17,20,28,24,27
"ENSG00000267651.1",0,6,10,10,6,7
"ENSG00000101489.14",17,19,21,27,21,26
"ENSG00000175886.9",16,13,4,14,21,3
"ENSG00000078142.7",722,631,978,1207,1147,740
"ENSG00000152217.12",54,58,44,95,101,61
"ENSG00000132874.9",20,14,10,22,26,6
"ENSG00000141469.12",15,7,23,33,37,14
"ENSG00000197046.7",2,4,8,19,22,10
"ENSG00000152223.8",1616,1398,1331,1611,1368,1036
"ENSG00000152229.14",671,520,942,1130,866,572
"ENSG00000267293.1",14,12,11,18,10,30
"ENSG00000152234.11",6543,6159,5100,7243,5591,1379
"ENSG00000152240.8",478,453,355,429,343,244
"ENSG00000152242.6",753,680,684,806,877,610
"ENSG00000141622.9",10,8,14,16,30,10
"ENSG00000167210.12",46,36,35,85,85,25
"ENSG00000101638.9",8,9,2,21,20,7
"ENSG00000078043.11",790,700,397,595,457,380
"ENSG00000267587.1",39,33,21,27,15,17
"ENSG00000167216.12",23,21,25,27,45,24
"ENSG00000266996.2",2,4,3,13,13,0
"ENSG00000206181.4",15,10,8,38,17,10
"ENSG00000267724.1",5,14,8,14,7,12
"ENSG00000167220.7",561,497,443,554,425,258
"ENSG00000134049.3",100,79,80,94,102,40
"ENSG00000215474.2",9,14,14,39,27,7
"ENSG00000175387.11",1352,1256,1268,1449,1254,896
"ENSG00000267541.1",4,8,5,5,10,11
"ENSG00000269365.1",14,6,19,2,6,8
"ENSG00000184828.5",8,12,11,27,52,26
"ENSG00000134030.9",341,328,248,356,305,302
"ENSG00000101665.4",59,47,319,471,129,87
"ENSG00000141627.9",829,714,813,1017,775,435
"ENSG00000266696.1",11,9,10,6,13,14
"ENSG00000177576.6",48,32,33,29,30,13
"ENSG00000265681.2",480,472,368,519,393,118
"ENSG00000101670.7",29,30,207,369,173,129
"ENSG00000167315.13",475,395,395,539,295,89
"ENSG00000267322.1",3,9,10,15,2,2
"ENSG00000251992.1",84,108,61,99,70,6
"ENSG00000252139.1",35,34,14,33,34,23
"ENSG00000167306.14",56,57,38,69,76,46
"ENSG00000172361.5",93,112,116,99,127,158
"ENSG00000141644.13",1271,1112,1014,1201,1288,871
"ENSG00000154832.10",1151,984,763,1049,935,621
"ENSG00000154839.5",881,829,561,621,604,257
"ENSG00000141639.7",9,9,6,32,17,4
"ENSG00000082212.7",819,723,579,712,640,272
"ENSG00000141642.4",42,34,21,34,38,17
"ENSG00000141646.9",973,875,818,989,920,564
"ENSG00000176624.9",349,317,364,487,352,221
"ENSG00000187323.7",14,16,10,52,20,21
"ENSG00000134046.7",331,340,360,379,345,304
"ENSG00000207233.1",10,8,4,3,17,3
"ENSG00000101751.6",245,204,225,284,207,129
"ENSG00000166845.9",188,137,207,272,220,181
"ENSG00000264350.1",64,74,85,81,65,8
"ENSG00000041353.5",12,13,229,284,242,110
"ENSG00000267524.1",0,1,12,8,5,10
"ENSG00000166510.9",77,77,71,81,79,37
"ENSG00000196628.9",831,823,727,908,674,513
"ENSG00000260930.1",31,17,28,28,31,17
"ENSG00000267327.1",71,84,86,107,87,57
"ENSG00000206129.3",62,37,79,71,90,103
"ENSG00000091164.8",781,725,686,948,833,398
"ENSG00000091157.9",386,308,354,562,507,297
"ENSG00000177511.5",6,6,4,10,17,5
"ENSG00000119547.5",208,202,183,203,214,161
"ENSG00000066926.6",3295,2952,1554,2122,1785,751
"ENSG00000134440.7",2750,2456,2798,3545,3020,1443
"ENSG00000267040.2",14,21,19,11,8,12
"ENSG00000081923.6",42,31,25,57,52,39
"ENSG00000049759.12",1480,1300,1130,1315,1362,1015
"ENSG00000267743.1",14,2,6,12,14,12
"ENSG00000267504.1",13,10,11,13,9,9
"ENSG00000198796.6",24,16,20,49,60,32
"ENSG00000172175.8",70,68,132,163,177,96
"ENSG00000267476.1",4,5,10,6,13,4
"ENSG00000267010.1",1,2,7,16,18,23
"ENSG00000267501.1",1,0,5,10,16,9
"ENSG00000074657.9",27,15,11,45,42,15
"ENSG00000166562.4",185,123,149,213,173,71
"ENSG00000074695.5",5392,5080,3754,5310,4285,1902
"ENSG00000183287.9",12,8,6,19,4,8
"ENSG00000141682.11",219,215,260,374,299,153
"ENSG00000267497.1",1,3,4,11,13,2
"ENSG00000101542.5",23,10,3,22,36,16
"ENSG00000267279.1",2,2,71,48,176,76
"ENSG00000176641.6",7,5,1,19,12,8
"ENSG00000197563.5",623,607,523,607,487,285
"ENSG00000134444.9",646,575,504,565,560,455
"ENSG00000267560.1",11,9,2,7,7,10
"ENSG00000141655.11",17,8,14,33,42,21
"ENSG00000141664.5",358,324,299,430,489,395
"ENSG00000081913.9",1172,1041,1060,1463,1088,1018
"ENSG00000171791.10",293,274,13,8,20,12
"ENSG00000119537.11",417,406,379,473,368,150
"ENSG00000119541.5",307,327,325,321,338,191
"ENSG00000267430.1",21,9,6,7,4,12
"ENSG00000206075.9",6,2,6,16,19,5
"ENSG00000197641.7",12,3,4,16,14,2
"ENSG00000206073.6",13,9,8,13,8,13
"ENSG00000206072.8",9,4,4,17,10,3
"ENSG00000057149.10",9,1,5,20,11,3
"ENSG00000242550.1",12,3,0,11,7,3
"ENSG00000265217.1",24,10,1,0,4,4
"ENSG00000081138.9",9,7,10,20,16,9
"ENSG00000071991.4",11,10,9,18,19,6
"ENSG00000171451.13",7,3,6,24,12,12
"ENSG00000166479.5",463,380,316,401,308,196
"ENSG00000150636.11",34,20,35,55,50,34
"ENSG00000206052.6",8,11,5,16,15,10
"ENSG00000150637.4",12,22,36,41,248,148
"ENSG00000176225.8",869,707,745,948,718,580
"ENSG00000170677.5",211,233,180,224,256,142
"ENSG00000141668.5",4,11,3,10,8,4
"ENSG00000166342.14",8,20,6,29,16,9
"ENSG00000263711.1",812,665,993,1322,1022,808
"ENSG00000141665.7",13,16,13,21,20,20
"ENSG00000075336.7",242,203,225,324,311,140
"ENSG00000166347.14",418,379,302,386,233,93
"ENSG00000206043.6",7,6,7,23,14,3
"ENSG00000187773.7",17,14,47,60,24,11
"ENSG00000133313.10",1412,1231,1210,1615,1200,659
"ENSG00000264247.1",74,38,83,104,85,75
"ENSG00000215421.5",547,418,471,586,538,450
"ENSG00000180011.6",644,505,546,703,497,285
"ENSG00000179981.9",302,255,315,343,217,213
"ENSG00000101493.6",42,32,31,54,62,30
"ENSG00000264278.1",25,14,17,12,12,20
"ENSG00000130856.11",552,482,578,672,527,482
"ENSG00000265261.1",26,8,11,19,21,10
"ENSG00000197971.10",36,33,28,63,56,18
"ENSG00000265843.2",1699,1452,1702,2192,2125,1907
"ENSG00000264334.1",547,520,594,687,714,964
"ENSG00000256463.4",22,22,6,29,23,14
"ENSG00000166377.15",747,542,543,658,610,526
"ENSG00000131196.13",559,506,748,928,715,593
"ENSG00000060069.12",672,566,444,555,459,383
"ENSG00000178342.4",20,5,6,14,26,17
"ENSG00000122490.14",386,325,232,313,372,206
"ENSG00000226742.3",22,12,13,20,18,8
"ENSG00000141759.10",640,577,515,713,529,258
"ENSG00000267127.2",5,5,5,7,11,12
"ENSG00000101546.8",432,339,241,359,227,186
"ENSG00000261126.3",45,28,16,19,22,21
"ENSG00000101544.4",1421,1116,1421,1686,1594,1054
"ENSG00000267270.1",42,46,62,98,118,113
"ENSG00000178184.11",38,26,52,70,123,120
"ENSG00000225373.4",190,154,132,130,112,120
"ENSG00000266945.2",7,5,4,13,23,15
"ENSG00000267310.1",10,6,6,18,64,71
"ENSG00000176695.5",24,13,24,23,43,46
"ENSG00000266971.1",41,24,39,47,107,87
"ENSG00000267290.1",4,6,6,6,18,21
"ENSG00000272098.1",28,31,31,30,39,56
"ENSG00000206082.8",9,9,7,13,5,11
"ENSG00000141934.5",44,42,6,15,36,15
"ENSG00000105556.6",1085,883,1036,1240,1089,891
"ENSG00000105549.6",10,6,7,6,29,9
"ENSG00000183186.6",12,14,8,29,22,19
"ENSG00000129946.6",276,232,141,169,189,206
"ENSG00000252539.1",4,10,10,2,4,6
"ENSG00000181781.5",27,39,25,46,34,51
"ENSG00000099866.10",40,38,37,57,59,44
"ENSG00000266933.1",8,8,16,21,24,15
"ENSG00000141933.8",276,252,195,212,250,182
"ENSG00000099804.4",2658,2413,2247,2955,2581,1714
"ENSG00000197540.3",59,46,62,58,81,33
"ENSG00000267751.1",30,37,63,75,59,54
"ENSG00000172270.14",16847,14259,8711,13311,11152,6964
"ENSG00000099822.2",186,189,135,178,219,167
"ENSG00000099821.9",3127,2799,2372,3038,2590,1915
"ENSG00000272448.1",13,14,5,7,5,5
"ENSG00000070388.7",21,28,15,15,19,18
"ENSG00000070423.13",1693,1422,1158,1506,1240,1146
"ENSG00000070404.5",232,208,216,240,191,125
"ENSG00000185198.7",31,34,63,112,15,14
"ENSG00000099864.13",1477,1307,681,884,560,401
"ENSG00000099812.6",9,10,44,94,41,17
"ENSG00000011304.12",13567,11655,11097,13895,11438,7850
"ENSG00000129951.14",1540,1370,970,1248,782,584
"ENSG00000172232.5",246,171,124,126,128,195
"ENSG00000196415.5",97,69,41,38,35,20
"ENSG00000197766.3",811,673,531,752,432,280
"ENSG00000175221.10",2579,2321,1779,2295,1900,1455
"ENSG00000198858.5",3198,2936,2289,2875,2574,1851
"ENSG00000116014.5",393,296,206,292,404,333
"ENSG00000116017.6",4655,4278,4562,5585,4184,3578
"ENSG00000267159.1",44,19,11,10,25,11
"ENSG00000065268.6",1517,1322,1058,1508,1207,576
"ENSG00000116032.5",64,68,81,124,103,119
"ENSG00000182087.8",5304,4852,3765,4733,4478,3673
"ENSG00000207357.1",209,211,156,164,254,49
"ENSG00000064666.10",3442,3197,3005,4024,3123,1638
"ENSG00000064687.8",4789,4294,5071,5972,4083,4110
"ENSG00000180448.6",1321,1102,905,1105,1009,1021
"ENSG00000099817.7",3676,3119,2925,4017,3076,1861
"ENSG00000167468.12",2112,2039,1379,1967,1527,593
"ENSG00000064932.11",2494,2209,1930,2389,2089,1670
"ENSG00000118046.10",3521,3213,3585,4269,3626,3454
"ENSG00000099625.8",266,239,207,333,305,291
"ENSG00000099624.3",2752,2540,2221,3013,2300,961
"ENSG00000167470.8",2665,2401,2604,3271,2891,2489
"ENSG00000099622.9",2599,2190,1381,1768,1584,1193
"ENSG00000267493.2",105,68,58,58,59,53
"ENSG00000228300.9",640,542,549,706,557,324
"ENSG00000160953.10",1114,960,1083,1204,993,1024
"ENSG00000099617.2",15,12,13,18,24,9
"ENSG00000240846.1",21,19,13,21,8,7
"ENSG00000267372.1",6,11,14,16,35,33
"ENSG00000115286.15",2127,2045,1652,2182,1953,701
"ENSG00000248015.2",49,54,27,34,27,47
"ENSG00000130005.7",889,795,748,911,810,380
"ENSG00000071626.12",5456,4891,4258,5271,4360,3462
"ENSG00000267759.1",54,47,41,35,37,45
"ENSG00000115268.5",15672,15823,10991,13655,11237,3520
"ENSG00000268798.1",38,29,18,36,22,29
"ENSG00000115266.7",587,521,570,602,683,890
"ENSG00000267317.1",87,84,144,133,179,129
"ENSG00000119559.11",653,546,735,746,773,683
"ENSG00000115257.11",572,508,308,344,295,316
"ENSG00000267715.1",36,28,16,14,9,16
"ENSG00000115255.6",2029,1856,1093,1512,1377,838
"ENSG00000185761.6",283,223,318,424,361,366
"ENSG00000185988.7",22,12,16,29,28,13
"ENSG00000181588.15",902,898,682,941,880,692
"ENSG00000267161.1",13,11,11,21,19,25
"ENSG00000071655.13",2392,2241,2267,2972,2517,1974
"ENSG00000266926.1",11,10,14,4,10,14
"ENSG00000127540.7",659,593,530,809,695,185
"ENSG00000071564.10",6319,5825,4882,6164,5029,4021
"ENSG00000267073.1",43,42,49,63,48,28
"ENSG00000205922.4",17,22,7,33,12,11
"ENSG00000130270.12",985,893,823,966,622,591
"ENSG00000079313.7",2227,1976,2121,2357,1867,2027
"ENSG00000267244.1",351,308,241,228,206,228
"ENSG00000129911.4",664,621,643,814,696,586
"ENSG00000267141.1",64,45,29,28,25,23
"ENSG00000261526.1",315,243,231,279,196,127
"ENSG00000129968.11",1939,1693,1415,1777,1688,1172
"ENSG00000227500.5",748,640,647,836,679,615
"ENSG00000213638.4",236,220,153,138,181,170
"ENSG00000133275.11",2953,2740,2613,3241,2722,2143
"ENSG00000180846.4",64,37,31,26,22,48
"ENSG00000133243.4",1737,1479,1203,1620,1282,931
"ENSG00000267283.1",41,36,31,21,37,57
"ENSG00000099875.10",3823,3405,4035,5581,5006,3501
"ENSG00000172081.9",680,659,582,771,596,479
"ENSG00000099840.9",97,58,73,92,77,77
"ENSG00000065000.11",4024,3726,3603,4754,4098,3311
"ENSG00000104885.13",3757,3215,3935,4210,4122,4886
"ENSG00000267122.1",39,14,23,23,33,17
"ENSG00000104886.5",1482,1363,1362,1708,1497,686
"ENSG00000104897.5",2525,2105,1691,2380,2058,1665
"ENSG00000104899.4",495,436,234,216,356,521
"ENSG00000167476.6",48,33,21,16,23,32
"ENSG00000104904.8",9846,8772,7718,9942,8793,3639
"ENSG00000188305.4",116,113,85,75,73,155
"ENSG00000220008.2",124,97,150,165,105,130
"ENSG00000130332.10",1745,1585,1323,1715,1337,454
"ENSG00000005206.12",3131,2694,2233,2689,2237,2121
"ENSG00000273309.1",10,6,2,5,7,11
"ENSG00000273116.1",16,15,20,9,11,7
"ENSG00000178297.8",233,149,152,152,213,284
"ENSG00000099800.3",1146,1188,1088,1436,1088,547
"ENSG00000176619.6",4937,4472,4803,6114,5171,3627
"ENSG00000099860.4",52,38,56,44,63,56
"ENSG00000176533.8",16,11,61,86,68,56
"ENSG00000176490.4",277,250,312,563,471,330
"ENSG00000261342.1",31,32,37,39,83,52
"ENSG00000141873.6",1417,1229,1519,2093,1702,893
"ENSG00000104969.5",2871,2508,2472,3346,2678,1659
"ENSG00000172009.10",2618,2215,2322,2824,2117,1431
"ENSG00000172006.7",94,104,105,119,113,92
"ENSG00000186300.7",230,203,301,329,296,207
"ENSG00000172000.3",7,2,45,89,32,46
"ENSG00000171970.8",129,110,146,171,137,86
"ENSG00000253392.2",15,7,17,15,9,5
"ENSG00000175691.8",174,166,189,200,197,159
"ENSG00000104953.14",107,97,59,103,84,42
"ENSG00000065717.10",2268,2039,653,825,477,360
"ENSG00000104964.10",5025,4657,4569,5766,5058,3476
"ENSG00000088256.4",903,766,765,894,860,732
"ENSG00000060558.3",22,15,84,111,46,26
"ENSG00000267551.3",7,3,9,10,7,15
"ENSG00000125910.4",8,12,10,13,7,5
"ENSG00000125912.6",2678,2326,2235,2917,2504,2014
"ENSG00000161082.8",29,32,13,44,25,16
"ENSG00000141905.13",1616,1260,1555,1807,1636,2037
"ENSG00000095932.5",119,112,86,171,116,53
"ENSG00000129932.3",514,442,380,595,463,292
"ENSG00000105325.9",1466,1295,1251,1629,1396,1068
"ENSG00000161091.8",1086,906,927,1334,1503,1013
"ENSG00000183397.5",55,59,62,60,70,73
"ENSG00000064961.14",2639,2476,1512,1820,1814,1473
"ENSG00000179855.5",431,356,230,394,241,196
"ENSG00000006638.7",345,296,201,316,232,157
"ENSG00000226800.5",24,24,21,39,41,30
"ENSG00000105298.9",954,792,600,823,776,690
"ENSG00000186111.4",1762,1513,1692,2226,1965,1923
"ENSG00000267304.1",46,22,30,12,18,52
"ENSG00000105289.10",218,163,230,308,165,110
"ENSG00000011132.7",567,476,442,536,439,398
"ENSG00000183617.4",346,317,300,288,255,118
"ENSG00000007264.9",1745,1759,754,952,694,518
"ENSG00000105278.6",38,27,35,58,74,35
"ENSG00000167654.13",20,11,15,35,21,20
"ENSG00000167657.7",1088,872,943,1164,1096,1010
"ENSG00000167658.11",120993,111229,83904,112437,89907,48052
"ENSG00000206775.1",13,24,6,15,15,8
"ENSG00000105229.2",1066,909,830,1110,910,701
"ENSG00000205147.3",37,48,45,41,43,77
"ENSG00000178951.4",1537,1194,1305,1588,1475,1542
"ENSG00000268670.1",121,78,81,52,52,101
"ENSG00000126934.9",3387,3237,3263,3936,3443,2174
"ENSG00000060566.9",6,9,6,17,13,11
"ENSG00000077463.10",317,272,349,527,474,277
"ENSG00000089847.8",43,41,51,93,94,81
"ENSG00000105246.5",3,6,9,18,17,11
"ENSG00000105248.11",294,292,260,356,317,234
"ENSG00000105251.6",16,9,19,15,35,6
"ENSG00000167664.4",3,7,3,10,14,7
"ENSG00000105255.6",18,11,29,51,96,45
"ENSG00000178078.7",126,85,78,116,87,90
"ENSG00000008382.11",167,185,108,116,122,117
"ENSG00000269318.1",34,49,32,37,29,44
"ENSG00000141985.5",2220,1899,1937,2633,1853,1351
"ENSG00000267980.1",22,30,19,9,23,22
"ENSG00000167670.11",3119,2575,2428,3072,2955,2452
"ENSG00000267255.1",24,16,18,24,37,19
"ENSG00000167671.7",2926,2532,2209,2845,2524,1690
"ENSG00000267769.1",27,20,18,22,20,27
"ENSG00000267011.1",30,9,18,8,14,9
"ENSG00000167674.10",2162,1849,1689,2052,1547,1519
"ENSG00000220693.2",27,31,10,15,19,15
"ENSG00000167676.3",88,57,70,80,91,99
"ENSG00000214456.4",71,61,42,78,84,74
"ENSG00000171236.9",552,531,358,461,294,214
"ENSG00000167680.11",397,408,427,643,551,429
"ENSG00000185361.4",595,551,674,830,618,521
"ENSG00000074842.3",1328,1171,964,1337,1259,359
"ENSG00000142002.12",1038,1035,930,1183,976,811
"ENSG00000205790.1",22,26,18,19,13,15
"ENSG00000266209.1",15,29,85,84,65,7
"ENSG00000141965.3",158,131,147,206,153,158
"ENSG00000127666.8",310,243,325,483,288,267
"ENSG00000105355.4",1990,1842,2033,2683,1995,960
"ENSG00000205784.2",6,3,0,14,17,2
"ENSG00000034063.9",1489,1271,1715,2147,1784,1185
"ENSG00000127663.10",5476,4573,4812,5574,4982,4521
"ENSG00000105426.10",6233,5514,5264,7012,6218,4584
"ENSG00000105428.4",6,11,4,22,19,5
"ENSG00000223573.2",9,7,22,26,20,24
"ENSG00000130254.7",2138,1872,1704,2229,1876,1729
"ENSG00000160633.8",4009,3360,3616,4445,3670,3063
"ENSG00000130255.8",8778,8676,6603,7456,6009,1756
"ENSG00000174917.4",616,554,560,749,578,222
"ENSG00000167733.9",164,125,107,161,92,81
"ENSG00000196365.7",7256,6046,7255,8578,8623,6716
"ENSG00000174898.11",15,19,6,35,30,11
"ENSG00000212123.3",55,33,18,32,58,48
"ENSG00000141994.11",906,769,698,888,892,660
"ENSG00000171119.2",65,83,54,67,69,45
"ENSG00000156413.9",14,16,10,20,10,12
"ENSG00000174886.8",558,499,437,588,562,231
"ENSG00000187650.3",66,66,73,42,64,47
"ENSG00000105519.8",86,78,81,65,80,72
"ENSG00000031823.10",1598,1395,1322,1555,1301,1065
"ENSG00000266983.1",27,18,43,41,48,32
"ENSG00000087903.8",429,374,730,945,835,775
"ENSG00000267262.1",14,8,17,9,17,21
"ENSG00000267589.1",13,3,7,16,24,13
"ENSG00000267299.1",15,6,7,3,12,11
"ENSG00000130377.9",44,28,33,61,28,47
"ENSG00000267427.1",631,592,580,726,767,594
"ENSG00000130382.7",925,873,838,793,897,861
"ENSG00000267563.1",19,19,7,8,17,9
"ENSG00000125656.4",1057,985,797,1144,879,294
"ENSG00000125652.3",1218,1159,927,1345,911,347
"ENSG00000125650.4",108,113,66,110,81,63
"ENSG00000125651.9",2521,2337,1909,2295,1993,1477
"ENSG00000088247.11",9541,8235,7786,10221,8903,5894
"ENSG00000181240.9",34,47,60,81,101,59
"ENSG00000125648.10",2497,2275,2994,3962,3556,2742
"ENSG00000130545.11",7,7,7,12,14,10
"ENSG00000205744.5",103,66,158,205,233,157
"ENSG00000104833.6",405,349,431,616,485,356
"ENSG00000125657.3",3422,3081,2877,3808,2449,1472
"ENSG00000125726.6",109,71,55,71,76,77
"ENSG00000268785.1",37,29,25,28,43,52
"ENSG00000125735.6",45,29,87,102,80,64
"ENSG00000125730.12",948,864,1288,1529,1038,774
"ENSG00000125734.9",778,698,648,809,815,511
"ENSG00000125733.13",1992,1815,1527,1952,1566,1104
"ENSG00000269680.1",32,23,18,18,18,21
"ENSG00000125731.8",532,422,464,567,364,269
"ENSG00000141968.3",684,588,1149,1410,1066,750
"ENSG00000174837.10",15,12,45,68,59,23
"ENSG00000268758.1",2,3,13,10,27,27
"ENSG00000269761.1",0,0,15,22,14,16
"ENSG00000130544.7",144,111,197,255,234,188
"ENSG00000171105.9",48,56,122,181,305,180
"ENSG00000263264.1",5,10,8,14,18,6
"ENSG00000104880.13",318,279,247,300,349,227
"ENSG00000104883.3",96,111,74,78,75,48
"ENSG00000198723.6",26,13,21,20,14,11
"ENSG00000198816.5",227,247,166,203,161,137
"ENSG00000090674.11",170,132,114,191,167,135
"ENSG00000032444.11",1057,930,944,1427,1168,669
"ENSG00000076826.5",133,108,163,220,132,97
"ENSG00000076924.7",2209,2217,1979,2606,2097,993
"ENSG00000229833.5",205,183,152,156,170,97
"ENSG00000174788.5",50,25,58,27,35,55
"ENSG00000268204.1",31,31,62,50,36,23
"ENSG00000076944.10",2129,1811,1509,2088,1794,1203
"ENSG00000183019.3",4,4,4,20,31,16
"ENSG00000181029.7",8,20,10,13,8,4
"ENSG00000104921.10",3,8,14,12,9,6
"ENSG00000090659.13",22,13,9,21,25,9
"ENSG00000104938.12",10,13,16,24,46,18
"ENSG00000142459.4",268,241,142,233,226,159
"ENSG00000183248.7",41,44,34,48,39,20
"ENSG00000171017.6",30,37,37,44,24,22
"ENSG00000214248.2",27,36,17,26,26,10
"ENSG00000076984.13",1483,1257,1117,1372,1185,872
"ENSG00000260001.2",31,39,36,38,58,67
"ENSG00000104976.7",574,536,366,629,466,258
"ENSG00000178531.4",211,176,133,180,175,139
"ENSG00000104980.3",1899,1626,1703,2383,2151,1603
"ENSG00000066044.9",2832,2508,2196,2843,2136,1302
"ENSG00000267939.1",41,37,38,49,31,28
"ENSG00000142449.8",74,84,51,103,103,55
"ENSG00000090661.7",285,243,376,416,455,419
"ENSG00000271717.1",8,9,18,10,21,24
"ENSG00000167775.6",762,658,466,789,535,214
"ENSG00000267855.1",26,28,18,42,21,20
"ENSG00000233927.4",8080,9747,5979,8909,6936,828
"ENSG00000186994.7",44,57,47,62,62,46
"ENSG00000167772.7",122,98,54,49,77,48
"ENSG00000269386.1",91,80,94,87,108,101
"ENSG00000185236.7",1104,1048,781,1110,933,645
"ENSG00000099785.6",313,265,143,154,132,76
"ENSG00000099783.7",3918,3233,3653,4319,4164,2828
"ENSG00000133246.7",24,14,4,13,34,19
"ENSG00000133250.9",188,158,99,165,140,140
"ENSG00000142347.12",1188,1014,1271,1543,1658,1162
"ENSG00000142303.9",120,78,188,234,270,310
"ENSG00000261866.1",12,8,24,46,63,62
"ENSG00000181786.3",14,4,18,19,48,68
"ENSG00000167785.4",819,725,640,762,663,569
"ENSG00000181143.11",172,158,97,357,251,113
"ENSG00000130803.10",1100,991,1099,1462,1291,859
"ENSG00000188000.2",21,15,22,36,20,18
"ENSG00000267510.1",7,3,20,5,11,4
"ENSG00000196110.3",145,130,157,181,158,109
"ENSG00000188321.9",173,144,131,204,162,120
"ENSG00000270011.2",4,2,13,18,14,7
"ENSG00000174652.13",938,810,930,1123,897,701
"ENSG00000198028.3",22,21,28,31,45,32
"ENSG00000130818.6",344,294,328,432,407,219
"ENSG00000197961.7",1523,1412,2246,2571,2196,2038
"ENSG00000171469.6",350,327,442,499,528,354
"ENSG00000267106.1",48,31,87,80,79,69
"ENSG00000171466.5",918,811,1471,1656,1639,1055
"ENSG00000224689.3",17,8,73,56,89,47
"ENSG00000196605.3",102,99,281,307,310,294
"ENSG00000267370.1",3,1,25,24,22,21
"ENSG00000267741.1",1,3,20,4,10,8
"ENSG00000127452.4",748,652,569,629,605,352
"ENSG00000198258.6",1494,1422,1158,1612,1333,212
"ENSG00000127445.9",1307,1168,855,1106,873,464
"ENSG00000105088.4",23,9,49,101,56,55
"ENSG00000080573.6",35,37,11,62,58,32
"ENSG00000130813.13",201,157,266,338,334,258
"ENSG00000130812.6",36,25,44,73,52,38
"ENSG00000130810.15",166,127,168,184,194,145
"ENSG00000244165.1",80,82,89,107,98,100
"ENSG00000130811.6",2626,2439,1852,2766,2247,1138
"ENSG00000130816.10",8403,7109,6951,8203,7290,5125
"ENSG00000175898.4",41,44,33,66,34,24
"ENSG00000267534.1",75,57,46,76,48,29
"ENSG00000105364.9",1058,896,894,1101,990,493
"ENSG00000090339.4",850,649,577,875,718,440
"ENSG00000267607.1",54,40,35,40,32,62
"ENSG00000105376.4",5090,4521,3269,3605,4481,4648
"ENSG00000220201.3",26,28,26,22,35,18
"ENSG00000161847.9",2405,2005,1913,2218,1969,1479
"ENSG00000076662.5",385,307,325,440,399,157
"ENSG00000105397.9",4147,3560,3356,4146,3675,3153
"ENSG00000105401.2",3782,3103,3302,3936,3460,2554
"ENSG00000065989.11",1270,1099,1148,1402,1119,1053
"ENSG00000079999.9",1873,1601,1418,1781,1496,804
"ENSG00000267197.1",4,11,8,11,6,11
"ENSG00000180739.12",88,68,32,52,37,20
"ENSG00000130734.5",900,862,608,813,860,554
"ENSG00000129347.15",924,806,972,1082,903,913
"ENSG00000129355.6",104,111,68,79,67,35
"ENSG00000129354.7",14,24,7,8,20,15
"ENSG00000129353.10",1740,1567,1354,1873,1656,769
"ENSG00000267100.1",582,580,486,570,566,355
"ENSG00000129351.13",12731,10817,9807,11905,10158,7440
"ENSG00000213339.4",549,456,409,599,477,282
"ENSG00000079805.12",20222,17084,13245,15747,12048,10061
"ENSG00000265879.1",16,14,10,14,14,3
"ENSG00000207752.1",41,26,18,18,19,8
"ENSG00000099203.2",208,190,175,212,201,89
"ENSG00000214212.4",6,6,7,11,11,16
"ENSG00000142453.7",1571,1458,1389,1545,1272,1166
"ENSG00000130733.6",1436,1204,1283,1658,1271,634
"ENSG00000142444.6",396,340,350,419,292,233
"ENSG00000127616.13",10787,9183,9206,10912,8534,7234
"ENSG00000266936.1",36,32,23,34,17,38
"ENSG00000266352.1",29,20,25,31,17,27
"ENSG00000130164.7",11432,9920,7025,9060,7816,5561
"ENSG00000161888.7",2096,1806,1397,1656,1344,974
"ENSG00000197256.6",1111,1012,861,1080,1041,760
"ENSG00000130158.9",1597,1406,1329,1569,1399,1360
"ENSG00000267082.1",13,21,17,7,17,17
"ENSG00000130173.9",16,18,14,26,20,8
"ENSG00000130167.9",2,11,5,19,3,6
"ENSG00000105514.3",293,253,252,317,218,132
"ENSG00000105518.9",258,230,175,307,285,81
"ENSG00000183401.7",140,92,102,113,95,95
"ENSG00000105520.6",495,457,396,522,481,319
"ENSG00000267277.1",26,20,16,23,8,10
"ENSG00000173928.2",37,32,48,43,40,22
"ENSG00000187266.9",571,536,350,542,636,409
"ENSG00000205517.8",174,130,39,51,63,65
"ENSG00000198003.7",24,22,13,40,40,27
"ENSG00000130175.5",5809,5130,3372,5190,4168,2784
"ENSG00000196361.5",5,8,15,17,13,4
"ENSG00000161914.5",168,140,119,157,127,96
"ENSG00000130159.9",1111,1052,679,997,871,462
"ENSG00000213304.3",25,16,13,10,17,19
"ENSG00000213303.3",8,13,10,9,13,14
"ENSG00000130176.3",713,613,646,795,298,205
"ENSG00000130165.6",813,835,699,890,721,392
"ENSG00000198551.5",424,436,423,511,386,248
"ENSG00000102575.6",40,25,45,41,38,39
"ENSG00000197332.7",105,66,55,77,64,73
"ENSG00000267500.1",100,87,79,90,56,58
"ENSG00000214223.3",47,31,33,56,43,39
"ENSG00000197933.8",190,159,201,210,180,104
"ENSG00000197044.6",245,230,384,336,409,351
"ENSG00000267646.1",11,8,20,3,14,22
"ENSG00000177599.8",17,18,49,56,74,61
"ENSG00000171295.8",564,501,805,950,879,784
"ENSG00000171291.4",20,16,27,36,34,16
"ENSG00000198429.5",91,73,214,232,214,205
"ENSG00000196757.3",490,479,542,530,509,477
"ENSG00000197054.7",5,4,1,11,11,8
"ENSG00000267274.1",16,21,12,15,21,14
"ENSG00000219665.4",121,98,210,190,169,147
"ENSG00000197647.7",58,45,98,122,110,92
"ENSG00000257446.2",12,6,42,58,44,43
"ENSG00000223547.5",91,59,442,463,420,352
"ENSG00000214189.4",70,65,66,61,68,39
"ENSG00000132010.11",30,14,26,27,27,33
"ENSG00000196646.7",144,121,202,282,224,200
"ENSG00000234773.2",0,1,11,16,11,29
"ENSG00000197857.9",51,48,248,319,230,213
"ENSG00000234750.1",6,4,29,44,26,24
"ENSG00000188868.9",19,14,45,63,58,35
"ENSG00000261280.2",12,10,20,22,16,18
"ENSG00000198342.5",94,65,130,180,190,159
"ENSG00000196466.6",107,114,81,124,117,62
"ENSG00000180855.11",97,84,99,131,109,82
"ENSG00000242852.2",1,7,8,17,3,10
"ENSG00000249709.3",63,41,52,49,56,40
"ENSG00000269693.1",32,23,30,43,31,22
"ENSG00000269560.1",10,25,14,8,16,21
"ENSG00000213290.4",6,10,7,5,19,2
"ENSG00000188033.5",100,70,121,158,135,94
"ENSG00000173875.9",430,432,573,608,579,559
"ENSG00000178464.6",152,131,87,127,112,22
"ENSG00000104774.8",1043,930,491,783,649,350
"ENSG00000123154.7",128,110,90,85,114,87
"ENSG00000105583.5",490,474,289,468,396,87
"ENSG00000095059.11",1594,1462,1020,1402,1028,586
"ENSG00000268945.1",3,12,10,16,7,15
"ENSG00000132004.8",308,273,253,321,325,194
"ENSG00000105576.11",2698,2340,2179,2818,2529,1940
"ENSG00000123144.6",2136,1948,1745,2424,2174,1086
"ENSG00000198356.7",479,508,356,466,387,156
"ENSG00000039987.2",20,10,7,11,13,10
"ENSG00000095066.7",631,592,546,591,542,487
"ENSG00000171223.4",1081,931,1044,1517,1524,1332
"ENSG00000167815.7",4556,3972,3633,4673,3662,1392
"ENSG00000104889.4",1363,1247,1103,1625,1150,286
"ENSG00000132026.9",48,39,37,53,34,17
"ENSG00000105613.5",878,753,548,644,459,431
"ENSG00000105612.4",1207,1025,915,1253,824,394
"ENSG00000267735.1",21,19,18,29,6,16
"ENSG00000105610.4",3816,3575,3586,4450,3685,1961
"ENSG00000105607.8",419,402,373,437,396,260
"ENSG00000240616.1",19,32,18,29,21,15
"ENSG00000161860.7",47,29,65,69,73,59
"ENSG00000179115.6",2459,2173,2550,3553,2602,1298
"ENSG00000266975.1",23,24,12,20,23,18
"ENSG00000179218.9",19185,16646,11736,18005,12875,4638
"ENSG00000179262.5",3631,3300,2505,3414,2730,1686
"ENSG00000179271.1",1202,1155,947,1130,920,608
"ENSG00000179284.4",21,22,22,19,31,21
"ENSG00000008441.12",801,717,341,378,358,370
"ENSG00000267610.1",20,13,5,12,6,5
"ENSG00000104903.4",3831,3630,3005,4145,3040,2393
"ENSG00000104907.8",1032,937,974,1129,990,688
"ENSG00000160877.5",1994,1834,1937,2265,2039,1696
"ENSG00000266897.1",19,15,20,12,9,28
"ENSG00000104915.10",777,741,628,967,606,485
"ENSG00000160888.6",1882,1747,1742,2094,1944,1424
"ENSG00000141837.14",60,41,33,92,106,61
"ENSG00000104957.9",611,496,506,618,713,584
"ENSG00000037757.9",593,508,613,691,458,374
"ENSG00000104979.4",996,957,970,1060,989,740
"ENSG00000132003.5",550,506,434,581,464,452
"ENSG00000267582.1",19,16,21,6,5,15
"ENSG00000267519.2",113,99,145,189,175,154
"ENSG00000187556.6",13,4,8,10,10,10
"ENSG00000132016.7",151,137,333,376,457,379
"ENSG00000132024.13",1286,1187,1237,1309,1339,1242
"ENSG00000132000.7",35,31,35,60,71,40
"ENSG00000132017.6",1621,1433,1066,1543,1305,874
"ENSG00000132005.4",665,528,568,643,516,556
"ENSG00000171136.6",11,16,18,23,13,10
"ENSG00000267670.1",12,9,3,22,3,5
"ENSG00000104998.2",789,829,546,774,759,377
"ENSG00000187867.4",99,85,69,111,94,72
"ENSG00000141854.3",193,173,97,102,68,65
"ENSG00000188032.5",72,47,43,51,44,33
"ENSG00000141858.7",1471,1312,999,1384,1202,859
"ENSG00000072062.9",877,817,864,1105,916,834
"ENSG00000105011.4",925,837,675,938,960,410
"ENSG00000267169.1",169,145,172,188,170,187
"ENSG00000072071.12",1773,1511,2121,2563,2059,1934
"ENSG00000123146.15",1673,1485,1159,1635,1752,1200
"ENSG00000123136.10",2973,2601,2141,2859,2400,1667
"ENSG00000123143.8",6665,5969,6513,8531,6511,4425
"ENSG00000267474.1",16,13,12,11,7,14
"ENSG00000160951.3",25,22,8,23,26,22
"ENSG00000123159.11",459,396,478,538,455,310
"ENSG00000224543.3",23,28,26,29,24,12
"ENSG00000132002.3",1831,1450,1307,1748,1671,1027
"ENSG00000099797.7",2907,2523,1876,2891,1899,1056
"ENSG00000099795.2",1335,1305,1031,1254,1136,426
"ENSG00000131355.10",9,12,7,16,27,0
"ENSG00000269378.1",43,22,15,33,30,5
"ENSG00000160961.7",281,238,298,415,385,355
"ENSG00000127507.13",463,394,950,970,1251,1243
"ENSG00000188269.4",10,7,2,12,3,5
"ENSG00000127530.2",4,10,3,13,9,3
"ENSG00000185385.2",3,4,0,12,11,2
"ENSG00000105143.8",8,6,8,22,29,11
"ENSG00000160994.3",11,11,8,14,9,7
"ENSG00000105141.4",10,4,7,13,17,6
"ENSG00000105137.8",16,18,4,23,17,15
"ENSG00000105135.11",586,519,432,614,520,242
"ENSG00000074181.4",58,62,72,156,146,80
"ENSG00000105131.3",9,10,9,23,21,22
"ENSG00000270143.1",23,26,23,43,25,24
"ENSG00000141867.13",2737,2160,2272,2524,2264,3322
"ENSG00000273218.1",14,10,16,25,28,25
"ENSG00000105127.4",1087,866,924,1163,1112,791
"ENSG00000268189.2",80,43,48,45,37,50
"ENSG00000011243.13",2780,2350,2186,2582,2163,1737
"ENSG00000011451.13",1261,1074,1165,1413,1281,1354
"ENSG00000105122.8",25,18,14,23,46,18
"ENSG00000161031.8",9,10,4,13,7,11
"ENSG00000171954.8",13,12,14,27,25,7
"ENSG00000225067.3",6,4,12,8,12,2
"ENSG00000186526.8",15,16,9,22,25,14
"ENSG00000186529.10",15,13,13,51,22,12
"ENSG00000186204.10",17,18,7,35,24,18
"ENSG00000171942.3",11,5,0,15,12,4
"ENSG00000172519.8",3,2,1,14,12,5
"ENSG00000186723.2",5,8,2,10,10,5
"ENSG00000214049.6",1457,1227,1794,2503,1724,1025
"ENSG00000267453.2",17,15,1,4,3,0
"ENSG00000186115.8",20,22,30,33,74,41
"ENSG00000267218.2",7,4,50,69,99,78
"ENSG00000171903.12",13,14,5,15,17,10
"ENSG00000167460.10",2304,2149,2638,3287,3503,2263
"ENSG00000167461.7",440,409,404,489,484,340
"ENSG00000269243.1",55,37,30,26,37,30
"ENSG00000196684.8",13,12,10,41,16,9
"ENSG00000141977.5",4,1,3,11,12,2
"ENSG00000105058.7",584,506,569,757,710,425
"ENSG00000267033.1",11,3,12,4,11,0
"ENSG00000072958.4",1076,954,1421,1859,1422,866
"ENSG00000127528.5",24,25,34,25,37,29
"ENSG00000127527.9",1148,998,921,1156,944,711
"ENSG00000240418.1",10,13,6,14,10,7
"ENSG00000105072.4",231,199,166,234,185,170
"ENSG00000085872.10",1470,1355,1299,1458,1281,1199
"ENSG00000240106.2",13,9,11,8,10,16
"ENSG00000269399.1",49,97,50,52,61,26
"ENSG00000127526.9",1541,1412,1439,1874,1727,1105
"ENSG00000105085.6",255,236,255,228,270,204
"ENSG00000269578.1",15,17,9,11,8,23
"ENSG00000268087.1",39,37,28,37,54,50
"ENSG00000269427.1",42,29,23,23,30,24
"ENSG00000214046.4",627,549,449,519,486,312
"ENSG00000269044.1",84,90,62,70,86,62
"ENSG00000267904.1",50,58,51,51,43,37
"ENSG00000072954.2",59,62,52,109,34,23
"ENSG00000188039.9",32,28,21,32,45,15
"ENSG00000127511.5",1921,1505,1592,1797,1552,1590
"ENSG00000268743.1",17,25,10,11,9,6
"ENSG00000127533.3",538,459,564,754,861,623
"ENSG00000160111.8",409,335,245,275,380,332
"ENSG00000131351.10",652,494,447,577,610,406
"ENSG00000099331.9",4417,3745,3969,4879,4267,4359
"ENSG00000269836.1",8,20,7,9,9,22
"ENSG00000053501.8",338,295,337,481,356,239
"ENSG00000099330.4",315,267,306,471,303,213
"ENSG00000160113.5",2456,2092,2455,3120,2460,1932
"ENSG00000130307.7",26,28,24,42,26,22
"ENSG00000105393.11",462,380,313,411,406,219
"ENSG00000160117.10",92,86,200,188,210,173
"ENSG00000127220.5",330,247,298,380,358,229
"ENSG00000130312.2",816,746,772,870,691,461
"ENSG00000269815.1",34,21,22,20,20,29
"ENSG00000130311.6",706,637,529,722,667,435
"ENSG00000074855.6",893,803,477,593,551,576
"ENSG00000130299.12",1359,1276,1089,1400,1095,812
"ENSG00000130300.4",17,30,12,41,25,16
"ENSG00000269720.1",11,12,9,5,12,17
"ENSG00000130303.8",1290,1249,1297,2030,1470,538
"ENSG00000269640.1",137,109,147,197,149,116
"ENSG00000141971.8",751,693,625,731,534,233
"ENSG00000269481.1",10,11,7,12,11,10
"ENSG00000254503.1",12,10,16,22,12,19
"ENSG00000188051.6",7,14,10,16,24,21
"ENSG00000130304.12",265,240,264,271,220,246
"ENSG00000269439.1",23,28,32,44,34,26
"ENSG00000130313.2",825,711,628,857,700,352
"ENSG00000167483.13",20,18,13,43,29,26
"ENSG00000130309.6",4352,3855,2734,4104,3271,1709
"ENSG00000130477.10",74,70,71,149,158,100
"ENSG00000130479.6",1502,1261,1234,1653,1310,982
"ENSG00000130475.10",1698,1519,1453,1741,1581,1313
"ENSG00000179913.6",8,8,6,12,11,8
"ENSG00000105639.14",20,43,42,57,87,36
"ENSG00000105640.8",16794,17061,10473,15665,11404,2107
"ENSG00000105641.3",20,14,15,22,18,9
"ENSG00000007080.6",1325,1218,990,1264,1075,843
"ENSG00000105642.11",267,211,301,403,413,295
"ENSG00000105643.5",725,553,561,792,857,718
"ENSG00000268032.3",59,53,37,47,56,56
"ENSG00000096996.11",22,10,19,22,16,19
"ENSG00000099308.6",873,796,938,1236,919,824
"ENSG00000105647.10",11,17,15,25,17,11
"ENSG00000216490.3",33,25,22,27,16,17
"ENSG00000254858.5",334,293,247,329,268,121
"ENSG00000105649.5",89,83,90,81,70,46
"ENSG00000268650.3",6,3,4,10,10,6
"ENSG00000105650.17",46,39,49,60,75,59
"ENSG00000130518.12",55,30,36,39,64,43
"ENSG00000130522.4",5784,4896,5275,6922,6907,6738
"ENSG00000130520.6",3803,3309,2737,3498,2849,1385
"ENSG00000130517.9",2414,2082,2524,3103,2789,1857
"ENSG00000130513.6",6754,6225,1819,2684,3205,1985
"ENSG00000264175.1",43,45,17,22,20,5
"ENSG00000175489.9",70,66,48,59,64,18
"ENSG00000130511.11",2380,2128,1850,2241,1983,1561
"ENSG00000105655.14",7705,7136,5577,6972,6595,3789
"ENSG00000105656.8",897,821,769,964,833,554
"ENSG00000268938.2",19,11,11,6,12,9
"ENSG00000105701.11",7806,6818,5716,7859,6543,3498
"ENSG00000269191.1",18,36,15,17,23,23
"ENSG00000105700.6",1702,1432,1339,1542,1267,908
"ENSG00000268030.1",136,79,80,80,82,31
"ENSG00000221983.3",10849,10437,7790,11222,8762,1997
"ENSG00000006016.6",42,32,45,67,76,53
"ENSG00000006015.13",800,759,679,864,735,539
"ENSG00000105696.4",9,9,7,19,23,16
"ENSG00000167487.7",425,329,308,440,385,245
"ENSG00000105662.11",202,201,219,274,276,301
"ENSG00000105664.6",19,17,14,13,28,15
"ENSG00000005007.8",5354,4642,5700,6774,5131,3783
"ENSG00000223802.3",19,15,13,26,39,32
"ENSG00000105669.8",2926,2613,2370,2952,2790,1395
"ENSG00000105671.7",844,675,730,914,893,564
"ENSG00000051128.14",45,58,94,119,80,65
"ENSG00000064607.12",5994,5346,5095,5671,4810,4693
"ENSG00000269131.1",319,283,194,223,190,208
"ENSG00000105676.9",996,886,892,1118,1000,710
"ENSG00000181035.9",970,973,954,1138,980,658
"ENSG00000064545.10",1460,1274,945,1395,1107,680
"ENSG00000213999.11",3,9,6,13,4,10
"ENSG00000254901.3",258,213,200,237,189,174
"ENSG00000064490.9",715,673,721,1005,742,509
"ENSG00000184162.10",210,153,199,231,191,100
"ENSG00000130287.9",22,25,12,27,61,19
"ENSG00000105705.11",704,579,581,677,619,572
"ENSG00000129933.16",2019,1766,1789,2299,2073,1529
"ENSG00000167491.13",3769,3504,3536,4784,4002,3236
"ENSG00000267234.1",16,17,16,10,23,20
"ENSG00000207821.1",8,11,6,9,15,1
"ENSG00000178093.12",92,95,58,93,69,49
"ENSG00000186010.14",194,177,131,146,126,142
"ENSG00000250067.7",166,98,93,107,142,202
"ENSG00000160161.5",34,35,41,58,89,44
"ENSG00000105717.9",132,93,107,81,91,70
"ENSG00000267178.3",18,9,3,10,3,2
"ENSG00000259242.2",16,12,17,5,5,15
"ENSG00000064547.9",338,306,343,407,363,349
"ENSG00000089639.6",916,810,1018,1263,957,891
"ENSG00000105726.12",2550,2311,1702,2253,2120,1690
"ENSG00000181896.7",274,302,346,425,358,292
"ENSG00000270402.1",12,10,7,16,16,4
"ENSG00000105708.8",143,155,178,203,231,141
"ENSG00000266904.1",41,42,34,33,10,18
"ENSG00000267419.1",37,24,32,43,17,36
"ENSG00000081665.9",81,57,95,97,63,99
"ENSG00000256771.2",194,150,293,328,317,261
"ENSG00000270270.1",10,6,9,7,10,6
"ENSG00000267565.1",9,17,20,25,17,14
"ENSG00000184635.9",234,199,342,341,382,365
"ENSG00000197124.7",5,13,19,44,45,33
"ENSG00000213988.5",11,21,82,109,119,80
"ENSG00000267383.2",121,114,289,314,163,139
"ENSG00000256229.3",111,114,291,356,221,146
"ENSG00000267771.1",2,2,12,9,14,8
"ENSG00000271524.1",31,27,74,44,34,25
"ENSG00000237440.4",20,20,35,52,67,48
"ENSG00000188171.10",74,56,109,140,161,93
"ENSG00000160229.7",66,48,76,100,162,178
"ENSG00000105750.10",13,22,41,32,88,50
"ENSG00000118620.8",316,348,306,351,350,225
"ENSG00000160352.11",862,801,740,815,672,486
"ENSG00000268357.1",21,32,24,41,17,18
"ENSG00000196705.4",739,629,731,785,626,577
"ENSG00000240522.1",47,45,29,43,17,27
"ENSG00000268995.1",23,13,18,12,16,14
"ENSG00000182141.5",245,166,206,228,206,205
"ENSG00000172687.9",302,274,261,314,215,151
"ENSG00000213976.3",25,12,25,33,34,26
"ENSG00000196268.7",498,435,436,408,406,368
"ENSG00000268119.1",473,369,294,357,285,208
"ENSG00000197013.5",321,286,218,258,247,163
"ENSG00000268117.1",12,9,13,27,8,15
"ENSG00000197020.6",686,563,567,671,539,412
"ENSG00000269845.1",71,80,37,56,61,34
"ENSG00000198521.7",89,83,254,289,345,257
"ENSG00000268438.1",1,0,10,1,10,6
"ENSG00000160321.10",42,31,167,257,266,262
"ENSG00000271095.1",1,3,11,10,4,17
"ENSG00000197134.7",53,46,138,154,167,112
"ENSG00000196109.6",12,15,15,34,50,28
"ENSG00000196350.7",24,26,14,55,46,10
"ENSG00000197360.5",12,12,9,14,23,8
"ENSG00000229676.2",16,13,11,33,23,9
"ENSG00000198153.7",6,5,6,10,13,8
"ENSG00000213973.4",28,17,17,50,48,23
"ENSG00000268696.1",4,8,11,28,34,17
"ENSG00000269067.1",20,27,195,244,276,197
"ENSG00000267886.1",106,72,241,274,349,215
"ENSG00000183850.9",67,69,180,194,191,150
"ENSG00000270479.1",7,8,16,18,23,24
"ENSG00000268105.1",8,5,16,17,28,25
"ENSG00000267920.1",12,3,5,8,17,15
"ENSG00000269471.1",2,2,7,1,11,19
"ENSG00000196081.5",121,99,381,416,426,324
"ENSG00000269837.1",12,14,27,46,44,34
"ENSG00000213971.3",20,21,72,68,127,72
"ENSG00000167232.9",314,268,786,799,928,949
"ENSG00000267934.1",7,2,18,12,19,25
"ENSG00000268992.1",8,4,4,12,9,10
"ENSG00000197372.5",341,349,306,319,295,205
"ENSG00000196172.8",240,259,195,191,244,217
"ENSG00000233836.3",76,56,94,117,88,100
"ENSG00000205246.4",514,442,363,467,369,93
"ENSG00000269662.1",19,21,8,16,16,16
"ENSG00000267924.1",72,60,44,36,38,57
"ENSG00000213967.6",211,167,153,136,200,154
"ENSG00000269397.1",71,46,27,31,42,28
"ENSG00000268362.1",132,119,104,120,114,74
"ENSG00000213096.5",409,373,370,471,366,309
"ENSG00000268442.1",8,3,4,8,14,13
"ENSG00000261824.2",233,206,417,479,415,326
"ENSG00000261770.1",55,27,76,91,94,100
"ENSG00000267575.2",159,136,180,195,164,129
"ENSG00000260725.1",257,261,412,562,746,716
"ENSG00000267243.1",1643,1394,2295,2408,3335,2500
"ENSG00000266893.1",319,286,250,352,359,315
"ENSG00000267423.1",120,101,126,128,181,206
"ENSG00000267537.1",11,13,2,8,7,4
"ENSG00000266976.1",5584,4873,9780,11319,22787,21066
"ENSG00000169021.4",1362,1283,1097,1427,1142,317
"ENSG00000105171.5",369,297,293,357,325,182
"ENSG00000166289.5",376,286,244,269,263,183
"ENSG00000131943.13",157,169,156,194,206,109
"ENSG00000105173.9",274,221,341,474,410,225
"ENSG00000105176.13",859,823,877,1078,817,655
"ENSG00000242100.2",34,16,22,40,17,17
"ENSG00000266910.1",14,20,11,15,23,37
"ENSG00000198597.4",33,33,24,47,53,13
"ENSG00000121297.6",22,12,9,41,28,11
"ENSG00000168813.12",1076,973,946,1196,1080,703
"ENSG00000267213.3",20,9,8,6,11,8
"ENSG00000178904.14",1058,870,808,929,924,643
"ENSG00000105185.7",1076,953,1100,1130,984,841
"ENSG00000105186.10",3986,3688,2767,3310,2617,1758
"ENSG00000242325.1",18,23,16,12,11,3
"ENSG00000242436.2",10,17,9,14,12,13
"ENSG00000267557.1",47,21,17,28,25,11
"ENSG00000186326.3",27,45,28,17,17,21
"ENSG00000267475.1",64,26,86,87,173,92
"ENSG00000213965.3",959,767,702,895,783,579
"ENSG00000173809.11",29,16,9,47,29,12
"ENSG00000021488.8",7,12,6,24,14,3
"ENSG00000266930.2",18,6,14,21,10,6
"ENSG00000121289.13",441,391,388,525,423,315
"ENSG00000131944.5",151,138,156,190,167,62
"ENSG00000131941.3",859,772,470,611,632,344
"ENSG00000076650.2",555,480,447,528,451,403
"ENSG00000166359.6",60,42,59,70,68,48
"ENSG00000130881.9",26,9,9,17,24,11
"ENSG00000130876.7",10,13,9,16,14,2
"ENSG00000153879.4",985,808,1294,1472,1487,1088
"ENSG00000124299.9",448,334,232,363,302,133
"ENSG00000124302.8",3,2,13,23,24,17
"ENSG00000153885.10",536,506,325,368,372,248
"ENSG00000257103.4",1729,1568,1666,1877,1635,1202
"ENSG00000166398.8",1401,1152,1235,1547,1244,997
"ENSG00000267219.1",11,14,11,4,6,7
"ENSG00000105220.10",26412,22938,16094,21558,17734,9349
"ENSG00000126249.3",244,236,201,206,145,59
"ENSG00000126261.8",4482,3758,3382,4114,3393,1748
"ENSG00000142279.8",38,28,37,31,32,34
"ENSG00000268751.1",0,0,29,39,31,25
"ENSG00000205209.3",3,9,172,150,122,161
"ENSG00000271049.1",2,1,57,53,42,64
"ENSG00000268683.1",0,0,32,14,12,17
"ENSG00000269811.2",0,0,33,47,20,18
"ENSG00000256383.1",0,0,13,16,7,9
"ENSG00000089335.16",7,24,218,303,149,113
"ENSG00000197841.10",145,132,150,226,200,124
"ENSG00000153896.13",72,72,84,136,142,68
"ENSG00000267767.2",13,6,21,16,60,21
"ENSG00000261754.2",13,5,28,18,34,23
"ENSG00000269086.2",103,71,86,98,112,88
"ENSG00000271109.1",134,106,106,156,128,41
"ENSG00000168661.10",207,144,176,231,168,126
"ENSG00000180884.9",552,520,952,1172,1330,859
"ENSG00000089351.10",2910,2658,1910,2750,2135,1796
"ENSG00000271032.1",12,10,18,8,16,6
"ENSG00000105711.6",154,141,75,95,77,84
"ENSG00000105707.9",46,38,61,57,46,30
"ENSG00000089356.12",16,9,9,13,23,8
"ENSG00000153902.9",57,55,34,48,61,60
"ENSG00000203403.2",24,16,17,9,27,34
"ENSG00000266964.1",23,21,15,25,8,13
"ENSG00000221946.3",35,39,24,31,47,33
"ENSG00000089327.10",3085,2647,1940,2791,2503,1644
"ENSG00000177558.3",8,8,3,14,25,5
"ENSG00000105699.12",1815,1470,1167,1733,1560,954
"ENSG00000271366.1",53,33,29,18,20,29
"ENSG00000268947.1",53,41,22,36,34,34
"ENSG00000105698.11",2097,1899,1336,1786,1629,1143
"ENSG00000105697.3",12,10,5,22,6,5
"ENSG00000105695.10",167,159,161,205,105,79
"ENSG00000012124.10",146,101,361,417,233,189
"ENSG00000269553.1",8,15,12,12,12,21
"ENSG00000161249.16",35,28,15,46,77,31
"ENSG00000189001.6",17,11,15,22,27,10
"ENSG00000236144.2",230,208,216,306,266,227
"ENSG00000105677.7",837,713,533,782,642,135
"ENSG00000105675.4",30,27,21,65,51,30
"ENSG00000249115.4",1205,973,959,1124,985,929
"ENSG00000126254.7",1715,1605,1399,1816,1488,773
"ENSG00000105672.10",54,26,47,53,45,23
"ENSG00000126267.4",3424,3187,2568,3444,3055,1311
"ENSG00000011590.9",18,25,16,42,40,22
"ENSG00000105663.10",37,37,12,34,30,24
"ENSG00000126246.5",12,9,10,9,8,5
"ENSG00000161265.10",104,108,81,74,92,84
"ENSG00000205155.3",111,91,95,134,149,66
"ENSG00000267796.3",57,39,49,70,48,43
"ENSG00000004776.7",20,21,10,20,8,13
"ENSG00000167595.10",507,444,511,570,479,520
"ENSG00000267049.1",9,9,13,5,18,20
"ENSG00000004777.14",738,601,350,508,460,532
"ENSG00000225872.2",5,6,12,10,16,13
"ENSG00000250799.5",18,12,8,14,11,6
"ENSG00000161270.15",26,31,29,47,71,35
"ENSG00000126259.15",18,10,23,39,38,23
"ENSG00000105290.7",98,89,180,221,243,177
"ENSG00000167604.9",152,141,260,312,305,287
"ENSG00000126264.5",3,3,9,14,10,2
"ENSG00000011600.7",23,14,257,353,143,41
"ENSG00000126243.4",19,25,17,25,27,10
"ENSG00000205138.2",330,280,272,334,316,179
"ENSG00000181392.10",32,18,24,30,48,20
"ENSG00000239382.6",137,133,91,123,71,70
"ENSG00000267698.1",110,84,52,68,71,56
"ENSG00000105270.10",242,209,140,164,142,139
"ENSG00000161277.9",178,144,109,153,111,95
"ENSG00000075702.12",1061,987,611,648,619,572
"ENSG00000105261.5",9,13,3,22,8,5
"ENSG00000105258.4",291,268,231,353,259,82
"ENSG00000105254.7",371,310,343,362,311,147
"ENSG00000126247.6",958,794,757,886,859,574
"ENSG00000161281.6",31,27,22,32,23,36
"ENSG00000196357.7",73,72,63,69,105,68
"ENSG00000167635.7",1994,1802,2390,2640,2158,1484
"ENSG00000267053.2",4,1,25,34,32,41
"ENSG00000232677.2",31,28,512,707,729,490
"ENSG00000142065.9",95,96,156,174,126,117
"ENSG00000181007.7",98,83,388,449,295,237
"ENSG00000186017.10",177,186,220,306,202,177
"ENSG00000267309.1",11,14,9,11,15,6
"ENSG00000254004.2",222,214,279,236,256,178
"ENSG00000186020.8",527,458,447,587,451,371
"ENSG00000233527.4",98,90,93,113,109,82
"ENSG00000161298.12",9,9,9,22,31,12
"ENSG00000197808.7",25,16,39,72,76,36
"ENSG00000225975.2",49,46,74,101,71,59
"ENSG00000189042.9",219,162,209,210,207,153
"ENSG00000267041.1",456,448,947,1178,1106,809
"ENSG00000267254.1",2,0,6,11,10,11
"ENSG00000197863.4",7,10,63,70,81,92
"ENSG00000251247.5",11,11,88,119,169,130
"ENSG00000185869.9",10,5,84,103,160,106
"ENSG00000198453.8",20,17,73,103,95,98
"ENSG00000197050.6",119,75,172,230,158,97
"ENSG00000267345.1",3,11,10,8,6,6
"ENSG00000267672.1",4,14,24,8,11,14
"ENSG00000196967.6",62,55,149,204,149,130
"ENSG00000245680.5",53,53,189,161,187,177
"ENSG00000188283.7",116,111,167,209,176,124
"ENSG00000226686.3",1,5,67,56,98,76
"ENSG00000267605.1",1,4,35,26,27,62
"ENSG00000181666.13",22,14,519,511,746,636
"ENSG00000267682.1",1,0,22,9,36,31
"ENSG00000189164.10",24,14,92,112,153,130
"ENSG00000196437.6",140,105,216,277,220,141
"ENSG00000171827.6",47,30,46,57,43,47
"ENSG00000188227.8",12,12,30,31,26,30
"ENSG00000267470.1",51,39,58,49,60,78
"ENSG00000171817.12",8,17,16,39,33,17
"ENSG00000180479.9",58,71,119,153,141,120
"ENSG00000120784.11",298,239,270,298,245,162
"ENSG00000196381.6",10,14,13,16,12,6
"ENSG00000198182.8",119,88,204,279,207,188
"ENSG00000267152.1",11,12,15,28,14,17
"ENSG00000189144.9",71,81,153,191,179,167
"ENSG00000229481.1",1,1,4,11,17,11
"ENSG00000171804.5",43,34,19,88,70,26
"ENSG00000105738.6",961,784,656,815,599,566
"ENSG00000011332.15",76,72,64,120,90,53
"ENSG00000167642.8",17,18,18,37,32,7
"ENSG00000167641.6",1275,1180,902,1252,1040,453
"ENSG00000167644.7",21,15,12,16,11,12
"ENSG00000167645.12",6412,5975,4152,5879,4993,1854
"ENSG00000099337.3",17,8,10,23,25,18
"ENSG00000099338.18",68,63,56,81,84,65
"ENSG00000099341.7",3551,3220,2696,3630,3225,1378
"ENSG00000179168.10",66,46,50,69,45,74
"ENSG00000188766.8",27,26,13,21,26,32
"ENSG00000267473.1",8,4,4,10,11,11
"ENSG00000130244.8",772,705,538,602,654,400
"ENSG00000171777.11",656,546,575,771,637,532
"ENSG00000196218.7",686,615,801,1112,521,502
"ENSG00000104814.8",69,63,30,52,49,36
"ENSG00000178982.5",4092,3922,2911,4263,3833,1138
"ENSG00000130402.7",12280,10890,10748,13305,9113,6254
"ENSG00000267375.1",33,25,22,22,16,24
"ENSG00000182472.4",240,218,161,197,168,132
"ENSG00000267892.1",55,45,29,53,39,64
"ENSG00000171747.4",12,13,7,10,16,5
"ENSG00000104823.4",1348,1216,1319,1422,1045,516
"ENSG00000268756.1",25,19,14,28,24,23
"ENSG00000104824.12",3435,3375,2813,3151,2904,1560
"ENSG00000269688.1",46,54,49,41,43,40
"ENSG00000187994.9",212,193,225,284,260,245
"ENSG00000068903.15",974,835,802,996,797,501
"ENSG00000104825.12",274,226,268,361,319,138
"ENSG00000262484.1",8,12,15,28,14,10
"ENSG00000104835.10",161,145,136,135,136,94
"ENSG00000128626.7",537,555,509,617,530,144
"ENSG00000269486.1",8,10,12,11,6,14
"ENSG00000269190.1",614,526,555,679,489,418
"ENSG00000161243.4",134,123,191,242,115,56
"ENSG00000183760.6",8,7,1,14,12,3
"ENSG00000130669.13",1323,1137,1132,1485,1158,772
"ENSG00000269172.1",12,13,8,20,10,10
"ENSG00000188505.4",8,3,10,21,22,8
"ENSG00000182393.2",3,7,6,12,12,6
"ENSG00000128011.4",344,259,250,333,231,205
"ENSG00000268262.1",13,14,11,28,10,15
"ENSG00000130755.8",229,180,468,496,554,220
"ENSG00000179134.10",1919,1706,1697,2119,1614,1471
"ENSG00000241983.2",14,10,8,4,19,9
"ENSG00000006712.10",1023,835,822,1094,892,568
"ENSG00000063322.9",446,341,376,478,368,261
"ENSG00000128016.4",233,172,135,164,147,159
"ENSG00000090924.10",789,651,657,832,1118,1036
"ENSG00000105193.4",18189,17893,11486,16746,13107,2000
"ENSG00000196235.9",3319,2916,2590,3392,2883,2208
"ENSG00000105197.6",2017,1787,1316,1843,1650,795
"ENSG00000090932.6",27,31,10,38,27,11
"ENSG00000176401.5",103,89,75,98,88,59
"ENSG00000176396.9",210,194,185,205,141,112
"ENSG00000105204.9",265,242,157,232,180,129
"ENSG00000105202.3",2945,2443,2389,3085,2711,997
"ENSG00000090920.9",112,93,90,195,167,82
"ENSG00000013275.3",1667,1461,1486,2064,1995,838
"ENSG00000187187.9",134,104,163,179,161,162
"ENSG00000268166.1",6,3,14,8,10,7
"ENSG00000269069.1",76,63,92,96,111,146
"ENSG00000128000.11",273,224,356,373,529,422
"ENSG00000197782.10",295,227,271,345,269,257
"ENSG00000130758.3",499,412,416,503,475,374
"ENSG00000105219.4",8,3,4,13,9,12
"ENSG00000105221.12",3954,3465,2577,3369,2618,2176
"ENSG00000205041.1",107,93,52,39,55,59
"ENSG00000207631.1",20,9,2,1,10,6
"ENSG00000160392.9",501,500,437,458,438,391
"ENSG00000105223.14",4693,4111,3750,6099,4413,2185
"ENSG00000160396.8",20,22,19,33,16,26
"ENSG00000105227.10",554,474,514,690,368,252
"ENSG00000197019.4",228,212,150,148,200,95
"ENSG00000167565.8",750,667,454,620,515,321
"ENSG00000268366.1",22,19,10,16,13,18
"ENSG00000090013.5",9461,8583,5244,6946,5364,2083
"ENSG00000160460.11",297,286,234,382,322,271
"ENSG00000160410.10",1397,1234,1224,1608,1354,789
"ENSG00000090006.13",8203,7436,6195,7678,5811,4802
"ENSG00000266164.1",11,9,18,9,9,23
"ENSG00000105245.5",797,722,746,963,772,698
"ENSG00000123815.7",554,474,523,659,436,381
"ENSG00000086544.2",493,409,440,521,499,352
"ENSG00000188493.10",800,574,626,685,566,446
"ENSG00000077312.4",2750,2329,2327,3035,2392,1316
"ENSG00000167578.12",99,98,55,55,39,34
"ENSG00000269858.1",589,516,336,370,333,247
"ENSG00000233622.1",134,152,105,112,114,123
"ENSG00000237118.2",175,137,105,153,77,65
"ENSG00000269843.1",11,5,17,7,12,13
"ENSG00000255974.2",19,6,24,36,52,15
"ENSG00000198077.6",16,12,10,26,23,17
"ENSG00000256612.3",10,10,15,22,16,6
"ENSG00000197408.4",13,6,3,23,19,5
"ENSG00000197838.4",8,6,10,19,19,10
"ENSG00000197446.4",12,8,10,32,23,9
"ENSG00000167600.9",59,59,157,225,110,71
"ENSG00000167601.7",740,702,1549,2098,2393,1400
"ENSG00000269652.1",10,3,14,24,16,14
"ENSG00000105323.12",6258,5415,5362,6862,5278,4258
"ENSG00000105329.5",4188,3438,3494,4601,3863,3514
"ENSG00000142039.3",480,436,493,644,509,468
"ENSG00000142046.10",292,287,184,219,168,224
"ENSG00000123810.3",229,194,209,239,211,103
"ENSG00000248098.6",81,77,59,69,75,23
"ENSG00000077348.4",532,490,478,576,426,255
"ENSG00000268987.1",14,11,8,3,9,10
"ENSG00000177191.2",74,74,51,75,86,54
"ENSG00000105341.14",945,837,719,926,661,348
"ENSG00000268034.1",11,13,8,10,26,5
"ENSG00000007129.13",3,11,6,8,14,3
"ENSG00000105388.10",11,15,8,28,18,13
"ENSG00000170956.12",8,4,4,13,11,6
"ENSG00000142025.11",11,11,8,16,15,11
"ENSG00000105372.2",20664,19656,13707,18382,14339,3698
"ENSG00000076928.13",3563,3144,2801,3621,2984,2433
"ENSG00000268041.1",26,24,20,41,24,31
"ENSG00000105404.6",546,495,467,621,540,216
"ENSG00000105409.11",41,28,20,56,45,28
"ENSG00000105737.5",25,15,26,45,57,41
"ENSG00000105732.9",512,464,463,605,556,345
"ENSG00000028277.16",30,18,33,63,41,54
"ENSG00000160570.9",729,671,666,773,758,470
"ENSG00000167625.6",686,631,666,761,677,577
"ENSG00000105723.7",696,701,549,691,629,434
"ENSG00000204957.1",36,34,27,36,55,30
"ENSG00000105722.5",946,916,894,1213,1080,835
"ENSG00000079432.3",2495,2131,2304,2737,2748,2782
"ENSG00000079462.3",695,601,612,806,564,211
"ENSG00000188368.5",11,13,30,21,9,8
"ENSG00000167619.7",19,17,32,77,46,29
"ENSG00000105429.8",1396,1216,1542,2127,2176,1552
"ENSG00000213904.4",18,13,12,9,11,18
"ENSG00000079435.5",81,80,57,128,75,80
"ENSG00000079385.17",26,31,25,33,23,21
"ENSG00000124469.6",11,10,5,13,7,11
"ENSG00000221826.5",23,17,5,35,32,11
"ENSG00000124467.14",8,10,8,25,20,11
"ENSG00000248257.3",12,4,4,9,14,4
"ENSG00000231924.5",14,22,14,30,25,9
"ENSG00000170848.11",27,12,6,28,11,8
"ENSG00000221878.6",14,20,7,28,27,8
"ENSG00000243130.3",10,13,8,34,34,11
"ENSG00000242221.4",3,9,5,29,25,13
"ENSG00000204941.9",7,10,9,21,27,7
"ENSG00000243137.3",24,9,8,16,19,5
"ENSG00000183668.13",16,7,13,26,22,12
"ENSG00000204936.5",3,10,9,12,27,6
"ENSG00000131126.14",4,3,8,18,17,6
"ENSG00000124466.8",34,26,8,24,8,12
"ENSG00000176531.6",375,354,285,377,287,291
"ENSG00000105755.3",86,104,67,100,87,18
"ENSG00000176472.6",28,25,19,57,23,25
"ENSG00000073050.7",947,793,718,980,749,527
"ENSG00000234465.6",8,7,16,22,8,17
"ENSG00000167378.4",987,816,987,1252,841,733
"ENSG00000124444.11",179,165,174,228,165,88
"ENSG00000226763.3",33,47,29,60,33,26
"ENSG00000131116.7",280,242,247,322,270,159
"ENSG00000105767.2",61,83,93,72,82,60
"ENSG00000011422.7",399,330,186,275,174,151
"ENSG00000124449.6",13,8,3,17,12,2
"ENSG00000105771.9",1384,1310,1054,1365,994,763
"ENSG00000104783.7",1827,1618,652,806,753,637
"ENSG00000167637.12",262,229,194,219,228,170
"ENSG00000176222.7",23,21,42,21,36,24
"ENSG00000267058.1",9,8,22,16,33,24
"ENSG00000267191.1",5,6,13,27,25,22
"ENSG00000124459.7",163,161,162,217,181,127
"ENSG00000159905.10",25,17,42,48,52,54
"ENSG00000204920.6",5,6,19,25,25,11
"ENSG00000159882.8",94,77,73,79,82,35
"ENSG00000159885.9",43,33,33,41,49,23
"ENSG00000186026.6",2,7,8,14,7,10
"ENSG00000267680.1",76,45,39,59,36,44
"ENSG00000267163.1",25,13,11,22,8,26
"ENSG00000256294.3",83,85,114,153,120,83
"ENSG00000263002.3",21,14,105,161,131,149
"ENSG00000167380.12",140,150,194,266,250,190
"ENSG00000131115.11",188,177,222,250,212,113
"ENSG00000159917.10",94,84,98,111,94,72
"ENSG00000159915.8",57,30,60,90,80,56
"ENSG00000062370.12",8,13,75,63,88,98
"ENSG00000267508.1",6,14,26,40,63,20
"ENSG00000167383.4",21,12,153,161,300,235
"ENSG00000176761.6",8,4,10,11,8,9
"ENSG00000167384.6",118,125,158,153,140,106
"ENSG00000176395.8",9,13,5,6,13,6
"ENSG00000230666.1",1,7,73,61,49,48
"ENSG00000216588.4",4,2,2,12,10,6
"ENSG00000266903.1",3,2,13,14,23,15
"ENSG00000073008.10",225,215,189,211,462,303
"ENSG00000186567.8",15,6,49,72,71,95
"ENSG00000069399.8",124,96,68,116,107,75
"ENSG00000142273.6",9,7,5,40,16,4
"ENSG00000187244.6",88,70,60,89,57,45
"ENSG00000130202.5",1849,1593,1579,2360,2327,1230
"ENSG00000130204.8",2566,2196,1836,2462,2293,1299
"ENSG00000130203.5",4388,3903,7981,11344,5232,3187
"ENSG00000130208.5",1415,1508,3363,4289,1886,589
"ENSG00000214855.5",12,16,41,37,32,8
"ENSG00000267114.1",12,12,10,15,7,11
"ENSG00000104853.11",1412,1234,1069,1499,1448,953
"ENSG00000104856.9",25,28,40,63,72,47
"ENSG00000104859.10",1633,1456,1210,1503,1271,1172
"ENSG00000170684.4",80,73,75,79,68,67
"ENSG00000267348.2",20,15,18,15,9,16
"ENSG00000142252.6",175,161,179,215,215,88
"ENSG00000007047.10",1039,954,1048,1170,1004,852
"ENSG00000104866.6",1037,940,748,876,867,801
"ENSG00000267346.1",25,7,9,18,23,30
"ENSG00000267044.1",12,7,8,13,7,6
"ENSG00000179846.7",30,35,27,54,36,45
"ENSG00000007255.6",627,516,288,300,262,101
"ENSG00000189114.6",343,327,274,354,354,264
"ENSG00000130201.3",628,537,917,977,877,635
"ENSG00000267045.1",235,238,382,429,408,312
"ENSG00000104879.4",9,21,14,39,13,16
"ENSG00000104892.12",24,32,60,71,70,38
"ENSG00000104884.10",1816,1679,1643,2098,1528,1046
"ENSG00000104881.10",710,575,1232,1470,1004,1087
"ENSG00000117877.6",70,66,77,125,79,60
"ENSG00000012061.11",1170,1075,1134,1482,1501,974
"ENSG00000125740.9",687,520,222,310,540,527
"ENSG00000125744.7",323,346,259,359,359,140
"ENSG00000213889.6",90,66,111,108,132,92
"ENSG00000125753.9",3061,2848,2589,3258,3380,2099
"ENSG00000125741.4",610,580,627,861,704,562
"ENSG00000177464.4",9,13,16,11,16,16
"ENSG00000125746.10",1463,1379,1406,1679,1466,977
"ENSG00000010310.4",882,786,801,930,1040,1347
"ENSG00000125743.6",3984,3930,3352,4357,3502,1369
"ENSG00000011478.7",575,474,396,514,384,201
"ENSG00000177051.5",741,729,909,1130,959,790
"ENSG00000237452.2",13,11,10,13,16,14
"ENSG00000259605.3",29,33,22,29,12,34
"ENSG00000177045.6",284,235,199,222,195,189
"ENSG00000267395.1",35,32,36,32,16,37
"ENSG00000104936.13",942,834,703,810,783,687
"ENSG00000185800.7",1141,1118,1149,1466,1322,1234
"ENSG00000104941.3",26,19,31,58,52,43
"ENSG00000125755.14",3079,2894,4971,5605,5063,4539
"ENSG00000269148.1",33,18,24,35,44,44
"ENSG00000170608.2",119,120,214,255,210,147
"ENSG00000170604.3",688,610,1154,1489,1242,946
"ENSG00000176182.5",83,88,161,175,117,188
"ENSG00000104967.6",5,14,6,14,15,15
"ENSG00000104983.4",752,615,563,832,506,427
"ENSG00000008438.4",23,16,18,25,27,22
"ENSG00000204869.4",1,5,4,13,11,7
"ENSG00000267922.1",152,111,353,328,342,403
"ENSG00000268621.1",1132,993,3230,3485,3212,3171
"ENSG00000268879.1",431,417,1098,1166,1227,1687
"ENSG00000268460.1",41,33,23,32,34,25
"ENSG00000124440.11",19,7,28,64,31,31
"ENSG00000011485.10",1648,1458,2000,2440,2179,1288
"ENSG00000169515.5",759,631,1000,1212,1198,855
"ENSG00000182013.13",751,687,1136,1455,1244,746
"ENSG00000230510.2",30,27,25,37,34,23
"ENSG00000160014.12",4961,4341,5337,7585,6776,3308
"ENSG00000160013.4",28,19,68,112,255,244
"ENSG00000167414.4",3,0,2,22,34,15
"ENSG00000197380.6",99,77,168,247,297,230
"ENSG00000105287.8",1024,925,1421,1680,1433,1118
"ENSG00000211513.3",0,3,7,5,10,12
"ENSG00000090372.10",3137,2878,3340,4129,3644,2920
"ENSG00000269487.1",42,26,20,18,25,31
"ENSG00000181027.6",339,289,387,530,521,359
"ENSG00000105281.8",8402,7219,10899,15638,15259,7436
"ENSG00000042753.7",1206,1210,1368,2008,1751,379
"ENSG00000160007.13",2346,1933,3122,4166,3710,2732
"ENSG00000252071.1",12,8,5,8,11,12
"ENSG00000130751.5",142,163,268,312,310,237
"ENSG00000130748.6",512,435,378,493,333,199
"ENSG00000130749.5",1676,1388,1879,2330,2172,1773
"ENSG00000142230.7",3557,3006,4161,5286,4017,1915
"ENSG00000105327.11",1295,1173,1564,1951,1891,1576
"ENSG00000105321.8",1117,961,1118,1506,1271,1158
"ENSG00000257704.2",329,338,529,758,639,515
"ENSG00000197405.3",18,10,9,21,49,47
"ENSG00000134830.3",3,8,9,22,10,8
"ENSG00000134815.14",1365,1129,1636,1790,1673,1540
"ENSG00000105419.13",23,17,132,118,320,331
"ENSG00000118160.9",28,23,21,43,38,18
"ENSG00000118162.9",210,178,205,258,221,111
"ENSG00000268061.1",34,42,43,44,51,30
"ENSG00000105402.3",1106,1113,1198,1609,1328,711
"ENSG00000118156.8",32,24,36,52,113,35
"ENSG00000268746.1",7,8,14,7,9,15
"ENSG00000063169.6",354,240,322,351,390,457
"ENSG00000269806.1",36,21,33,18,33,38
"ENSG00000024422.7",1916,1536,2800,3983,3153,2293
"ENSG00000105373.14",11139,9515,8896,11329,9242,6250
"ENSG00000269656.1",21,7,18,17,25,9
"ENSG00000178980.10",286,257,419,574,461,230
"ENSG00000178928.4",10,11,7,25,20,8
"ENSG00000105392.11",4,6,2,16,24,5
"ENSG00000105499.9",9,10,11,27,24,22
"ENSG00000105486.9",3251,2798,2647,3113,2749,2423
"ENSG00000269534.1",26,21,21,18,15,14
"ENSG00000269321.1",10,9,1,7,10,12
"ENSG00000185453.8",103,88,168,181,135,125
"ENSG00000178150.4",14,10,15,20,29,16
"ENSG00000105483.12",602,563,961,1060,1204,941
"ENSG00000268001.1",115,124,199,224,241,167
"ENSG00000105479.11",104,71,140,208,150,175
"ENSG00000142227.6",1486,1313,1197,2182,2064,856
"ENSG00000161558.6",296,273,376,466,403,250
"ENSG00000105467.4",11,7,12,10,15,6
"ENSG00000105438.4",2497,2104,2479,3422,2646,1686
"ENSG00000105464.3",908,789,1526,1928,1869,1760
"ENSG00000105447.8",954,777,1120,1373,1272,752
"ENSG00000182324.5",49,58,59,81,85,63
"ENSG00000105443.9",960,840,969,1193,1137,769
"ENSG00000142235.4",378,364,468,537,496,495
"ENSG00000088002.7",31,21,23,38,24,8
"ENSG00000105523.3",43,36,39,68,72,53
"ENSG00000063177.8",17881,17191,17006,22959,16732,4911
"ENSG00000268093.1",12,8,5,11,9,8
"ENSG00000063176.11",214,179,252,311,264,181
"ENSG00000105516.6",246,306,295,397,259,123
"ENSG00000063180.4",159,155,238,350,270,189
"ENSG00000142233.7",16,11,9,29,31,16
"ENSG00000176920.10",45,35,49,72,73,82
"ENSG00000176909.7",62,46,55,86,87,64
"ENSG00000105538.4",229,180,274,355,314,283
"ENSG00000182264.4",78,58,73,127,90,112
"ENSG00000174951.6",945,868,1233,1496,1352,1206
"ENSG00000105552.10",1525,1374,1645,1949,1344,713
"ENSG00000087076.4",23,26,14,32,34,51
"ENSG00000105559.7",1093,931,1717,2218,1911,1702
"ENSG00000087074.7",5783,5187,4717,6128,5824,4610
"ENSG00000104804.3",64,66,89,136,100,48
"ENSG00000104805.11",6016,5487,4188,6724,4668,2282
"ENSG00000235191.1",12,3,6,5,11,7
"ENSG00000260366.1",15,11,8,12,5,16
"ENSG00000104808.3",114,120,196,273,126,59
"ENSG00000087088.15",432,389,504,690,567,345
"ENSG00000267898.1",48,26,43,40,49,37
"ENSG00000087086.9",45748,41967,48240,71745,49818,13346
"ENSG00000104812.10",1174,1089,1533,1892,1676,1273
"ENSG00000183207.8",4611,3903,5906,7376,5579,2877
"ENSG00000104826.7",39,20,17,46,30,27
"ENSG00000268655.1",28,15,7,26,27,14
"ENSG00000104818.14",3,3,5,16,16,2
"ENSG00000196337.6",21,5,12,27,17,12
"ENSG00000225950.3",4,4,6,13,11,6
"ENSG00000104848.1",8,3,15,31,34,29
"ENSG00000104852.10",6638,5762,6130,7841,6720,5600
"ENSG00000104863.7",239,191,184,214,183,194
"ENSG00000221916.2",34,24,27,38,27,15
"ENSG00000177380.9",854,774,892,1159,1113,902
"ENSG00000130528.7",482,436,805,1163,1118,764
"ENSG00000130529.11",1699,1480,1673,1979,2104,2104
"ENSG00000063127.11",64,63,86,110,183,137
"ENSG00000197813.4",58,27,36,49,56,66
"ENSG00000104894.7",306,259,902,1046,909,925
"ENSG00000074219.9",420,420,413,614,660,425
"ENSG00000104901.2",85,71,69,122,59,55
"ENSG00000268686.1",13,10,31,33,35,23
"ENSG00000161609.5",28,37,63,76,66,58
"ENSG00000142538.1",10,10,28,61,41,12
"ENSG00000261949.1",20,17,31,38,34,36
"ENSG00000104888.5",265,250,626,897,774,572
"ENSG00000104872.6",1676,1540,2174,2895,2529,1363
"ENSG00000161618.5",1059,824,1148,1513,1298,984
"ENSG00000090554.8",18,9,13,25,16,16
"ENSG00000142541.12",64735,61300,54098,77266,57034,14640
"ENSG00000142534.2",28197,24613,30710,38863,31271,14623
"ENSG00000104870.8",66,55,451,646,412,269
"ENSG00000142552.3",301,297,497,791,602,361
"ENSG00000142546.9",1324,1126,1485,1930,1427,710
"ENSG00000126460.6",24,23,27,34,28,13
"ENSG00000126464.9",993,812,1119,1317,1038,1431
"ENSG00000126458.3",297,280,362,599,448,176
"ENSG00000126461.10",2252,2022,2581,3390,3068,2758
"ENSG00000126456.11",966,883,1237,1644,1641,998
"ENSG00000126453.5",1234,1181,1490,1995,1985,699
"ENSG00000126457.16",3153,2765,3604,5145,4292,2128
"ENSG00000224420.3",45,55,68,68,61,80
"ENSG00000169169.10",48,43,53,86,53,30
"ENSG00000243829.1",86,77,91,70,106,122
"ENSG00000126467.6",153,123,202,211,191,160
"ENSG00000196961.8",6303,5754,6190,7843,5741,3429
"ENSG00000010361.9",82,93,124,149,119,92
"ENSG00000104973.10",1635,1340,1847,2426,1772,1370
"ENSG00000268006.1",228,208,299,391,304,319
"ENSG00000104960.11",2230,2055,2357,2948,2553,1831
"ENSG00000268047.1",12,5,21,34,8,20
"ENSG00000269352.1",53,51,47,60,91,70
"ENSG00000267896.1",16,16,26,18,35,31
"ENSG00000039650.5",828,788,1241,1611,1525,1177
"ENSG00000204673.6",681,683,1026,1459,1476,968
"ENSG00000104946.6",683,650,712,857,775,630
"ENSG00000104951.11",35,19,32,73,46,34
"ENSG00000213024.6",2111,1844,2463,3136,2925,2112
"ENSG00000169136.4",140,114,1119,1488,817,759
"ENSG00000161640.11",18,16,3,40,16,6
"ENSG00000161643.8",19,6,17,21,41,17
"ENSG00000105053.6",1070,998,1342,1706,1538,986
"ENSG00000142528.11",574,472,716,947,851,599
"ENSG00000269540.1",7,1,11,10,9,4
"ENSG00000105357.11",58,45,179,233,273,167
"ENSG00000131398.9",213,175,715,867,966,1430
"ENSG00000131408.9",1452,1168,1737,2199,1893,1519
"ENSG00000131401.7",52,41,86,120,125,128
"ENSG00000131400.3",177,139,265,412,315,381
"ENSG00000269392.1",8,9,14,16,18,21
"ENSG00000062822.8",6173,5398,5968,7878,6556,4042
"ENSG00000269404.2",6,5,2,7,19,12
"ENSG00000086967.9",27,20,18,70,29,36
"ENSG00000142530.6",17,12,26,64,39,18
"ENSG00000161671.12",497,413,675,950,659,430
"ENSG00000268518.1",11,7,7,16,14,12
"ENSG00000161677.7",147,123,168,171,200,146
"ENSG00000204653.5",37,23,95,91,96,132
"ENSG00000131409.8",232,153,1248,1663,2165,1897
"ENSG00000268231.1",12,6,34,20,47,63
"ENSG00000213023.5",36,37,126,187,120,98
"ENSG00000235034.2",172,158,253,339,278,251
"ENSG00000161681.11",49,43,133,232,248,239
"ENSG00000105472.8",229,169,839,1362,1292,805
"ENSG00000142513.4",109,84,148,173,158,181
"ENSG00000268375.1",9,9,13,14,13,28
"ENSG00000167747.9",2519,2263,3009,3596,3305,1857
"ENSG00000221241.1",18,2,17,11,21,5
"ENSG00000180279.5",9,15,7,14,26,20
"ENSG00000167748.6",235,204,289,309,475,478
"ENSG00000174562.9",5,6,2,5,12,10
"ENSG00000167751.8",14,14,33,43,75,38
"ENSG00000197588.5",4,6,5,9,13,12
"ENSG00000167749.7",13,7,3,20,14,13
"ENSG00000169035.7",7,7,5,18,16,8
"ENSG00000129455.11",4,4,14,20,16,7
"ENSG00000129451.7",3,6,2,10,18,6
"ENSG00000186474.11",3,3,2,10,10,4
"ENSG00000167759.8",50,33,56,98,145,129
"ENSG00000129437.5",9,9,1,15,11,16
"ENSG00000142544.6",328,262,519,552,529,419
"ENSG00000129450.4",15,11,9,26,18,19
"ENSG00000168995.9",6,13,8,15,11,8
"ENSG00000268849.1",3,1,71,43,116,78
"ENSG00000105383.10",101,84,354,438,464,322
"ENSG00000179213.9",10,13,0,13,11,3
"ENSG00000142549.9",18,22,49,63,49,43
"ENSG00000186806.5",373,271,354,501,463,357
"ENSG00000267905.1",7,11,11,4,15,15
"ENSG00000105379.5",799,719,875,1170,962,441
"ENSG00000268520.1",28,19,27,41,48,40
"ENSG00000160318.2",44,37,65,97,77,49
"ENSG00000105374.5",12,12,17,30,29,31
"ENSG00000262874.1",30,15,27,41,53,53
"ENSG00000268889.1",10,3,19,14,22,12
"ENSG00000142512.10",105,103,256,433,248,242
"ENSG00000254760.1",11,10,30,25,29,35
"ENSG00000255441.1",25,14,26,30,31,33
"ENSG00000105366.11",30,31,12,30,15,25
"ENSG00000268957.1",27,27,31,32,45,20
"ENSG00000213822.5",32,19,17,18,27,21
"ENSG00000254521.2",49,42,32,63,37,26
"ENSG00000269580.1",15,15,3,9,6,18
"ENSG00000105492.11",37,23,74,124,60,33
"ENSG00000105497.3",1146,1098,1338,1628,1312,1062
"ENSG00000167765.3",38,33,29,56,48,54
"ENSG00000269388.1",76,64,57,75,54,46
"ENSG00000254415.3",7,12,12,20,8,7
"ENSG00000269959.1",24,10,50,32,44,40
"ENSG00000182310.8",197,153,301,407,308,351
"ENSG00000105509.6",16,13,26,34,49,18
"ENSG00000171051.4",8,4,4,12,13,2
"ENSG00000187474.4",68,58,44,54,75,40
"ENSG00000269483.1",16,4,24,18,32,42
"ENSG00000161551.8",265,215,330,309,303,379
"ENSG00000198093.6",295,235,427,488,415,426
"ENSG00000176024.12",61,87,125,153,112,107
"ENSG00000269235.1",3,5,18,13,8,9
"ENSG00000256683.2",83,62,176,232,182,144
"ENSG00000197619.9",93,72,238,322,225,163
"ENSG00000142556.14",255,209,410,485,484,303
"ENSG00000256087.2",152,142,357,446,460,442
"ENSG00000260160.1",19,23,37,41,52,59
"ENSG00000197608.7",588,540,1042,1103,1412,1575
"ENSG00000204611.2",264,265,562,735,613,406
"ENSG00000196267.8",9,12,16,36,48,21
"ENSG00000105568.13",4473,4006,4479,5797,4698,1916
"ENSG00000268015.1",25,24,36,37,43,30
"ENSG00000196214.6",419,380,491,655,607,385
"ENSG00000269102.1",33,23,23,16,38,29
"ENSG00000198464.9",244,192,433,510,480,414
"ENSG00000269535.1",53,36,68,43,66,39
"ENSG00000167554.10",13,5,9,21,18,8
"ENSG00000221923.4",8,6,51,63,37,41
"ENSG00000269834.1",4,4,24,32,49,51
"ENSG00000167555.9",29,28,140,210,232,203
"ENSG00000198633.6",10,13,71,98,69,86
"ENSG00000258405.5",12,12,32,64,58,42
"ENSG00000198482.6",619,571,1010,1096,1186,1054
"ENSG00000167562.7",303,235,344,381,378,324
"ENSG00000123870.9",96,72,104,89,102,134
"ENSG00000167766.14",1339,1230,1715,1893,1431,1474
"ENSG00000268970.1",25,27,31,41,56,50
"ENSG00000269825.1",338,325,437,361,318,327
"ENSG00000213020.4",572,496,1073,1194,954,776
"ENSG00000189190.7",240,227,448,516,375,311
"ENSG00000198538.6",409,385,675,796,662,392
"ENSG00000255875.2",9,12,7,21,10,5
"ENSG00000204604.5",319,230,430,521,366,269
"ENSG00000268225.1",23,27,57,80,46,45
"ENSG00000182986.8",795,667,1063,1225,1010,851
"ENSG00000213793.3",79,105,106,146,117,80
"ENSG00000269646.1",14,18,25,19,15,24
"ENSG00000180257.8",319,281,424,529,470,289
"ENSG00000242779.2",145,154,287,326,277,159
"ENSG00000267943.1",3,4,23,29,19,22
"ENSG00000269526.1",3,3,15,10,15,10
"ENSG00000268964.1",3,4,17,31,27,8
"ENSG00000170949.13",1231,1103,1651,1904,1755,1347
"ENSG00000170954.7",14,9,17,33,50,19
"ENSG00000197937.8",226,173,511,561,638,509
"ENSG00000268613.1",3,4,13,17,23,2
"ENSG00000197497.6",133,105,243,215,197,155
"ENSG00000269051.1",23,14,30,48,42,30
"ENSG00000269001.1",9,5,6,15,16,11
"ENSG00000267809.1",6,11,16,14,6,10
"ENSG00000197928.6",36,27,83,117,160,84
"ENSG00000228567.2",11,6,5,17,5,4
"ENSG00000213799.6",274,258,405,490,515,223
"ENSG00000203326.5",233,181,494,574,565,397
"ENSG00000196417.8",384,377,622,707,607,553
"ENSG00000239912.1",5,4,8,16,0,10
"ENSG00000160336.10",224,230,504,608,776,606
"ENSG00000241015.2",206,189,300,303,396,397
"ENSG00000198346.6",193,179,370,425,440,310
"ENSG00000250731.1",39,27,46,48,44,71
"ENSG00000130844.12",30,44,162,206,551,564
"ENSG00000142405.17",16,21,11,26,40,18
"ENSG00000228323.2",18,9,11,14,20,14
"ENSG00000232324.1",2,5,7,18,16,14
"ENSG00000179820.11",942,680,904,1579,1417,1168
"ENSG00000126583.6",15,11,13,21,29,15
"ENSG00000105605.3",2,10,6,11,10,11
"ENSG00000142408.2",8,4,19,18,92,162
"ENSG00000130433.3",4,0,3,11,13,2
"ENSG00000248385.3",6,4,2,10,12,6
"ENSG00000170909.9",12,9,23,32,30,30
"ENSG00000170906.11",504,436,640,871,734,372
"ENSG00000105619.9",179,147,185,221,193,143
"ENSG00000105618.9",734,614,840,981,907,729
"ENSG00000237017.1",91,89,92,92,96,85
"ENSG00000088038.13",1445,1276,1592,1945,1797,1794
"ENSG00000105617.3",100,77,106,98,105,87
"ENSG00000167608.7",155,105,143,127,148,156
"ENSG00000125505.12",2593,2268,3009,4340,3567,2384
"ENSG00000170892.6",927,871,1052,1306,1080,504
"ENSG00000170889.9",16959,17031,13543,18795,14223,3781
"ENSG00000224579.1",10,8,8,12,28,8
"ENSG00000204577.7",18,16,12,33,26,31
"ENSG00000244482.5",17,14,22,32,39,25
"ENSG00000105609.12",17,8,9,24,23,10
"ENSG00000131042.9",25,21,13,42,27,8
"ENSG00000170866.7",18,17,13,20,19,8
"ENSG00000187116.9",11,12,4,13,12,3
"ENSG00000239961.2",14,9,19,27,53,52
"ENSG00000167613.11",12,15,1,18,15,8
"ENSG00000167614.9",48,63,110,119,149,190
"ENSG00000268496.1",11,3,14,12,17,30
"ENSG00000269873.1",4,7,11,4,12,22
"ENSG00000267838.1",23,17,46,42,34,56
"ENSG00000226696.1",213,166,290,287,362,328
"ENSG00000235681.1",18,21,30,21,33,36
"ENSG00000167615.12",6117,5515,7855,8183,7832,10428
"ENSG00000182909.5",84,65,82,101,77,59
"ENSG00000167617.2",11,20,39,52,56,40
"ENSG00000213016.3",0,3,6,5,13,16
"ENSG00000239998.1",23,21,50,68,127,86
"ENSG00000104972.10",26,20,20,47,45,14
"ENSG00000104974.6",19,12,9,31,26,9
"ENSG00000186818.8",8,15,11,26,36,6
"ENSG00000186152.6",96,71,16,22,16,11
"ENSG00000167633.12",7,4,8,13,14,4
"ENSG00000186431.14",6,5,1,22,13,8
"ENSG00000189430.8",22,7,43,65,46,34
"ENSG00000167634.8",8,30,22,55,44,17
"ENSG00000022556.11",979,886,1619,1951,1307,950
"ENSG00000267265.1",273,183,400,444,464,431
"ENSG00000088053.7",354,291,487,538,584,853
"ENSG00000267149.2",32,32,72,75,72,62
"ENSG00000160439.11",963,745,1221,1502,1342,1529
"ENSG00000131037.10",418,367,378,461,436,410
"ENSG00000125503.8",1684,1531,2395,2686,2616,2726
"ENSG00000105048.12",3120,2757,3728,5193,4786,3222
"ENSG00000129991.8",289,300,973,1156,844,699
"ENSG00000167646.9",170,152,364,402,357,276
"ENSG00000129990.10",128,118,339,509,455,320
"ENSG00000080031.5",838,715,1386,1701,2512,1876
"ENSG00000267649.1",19,17,56,58,104,98
"ENSG00000180089.4",61,48,57,91,70,55
"ENSG00000105063.14",3162,2780,4245,5414,5174,4123
"ENSG00000133265.6",789,670,1045,1401,1267,694
"ENSG00000160469.12",106,113,307,392,504,496
"ENSG00000180061.5",36,31,87,134,77,60
"ENSG00000133247.9",1309,1168,1224,1395,1238,1109
"ENSG00000160471.8",110,97,37,74,47,59
"ENSG00000180043.7",6,6,6,18,10,4
"ENSG00000095752.2",13,10,13,25,15,16
"ENSG00000160472.4",10,2,10,5,3,20
"ENSG00000233493.3",75,89,96,125,94,63
"ENSG00000108107.8",13108,12803,12118,19071,14970,5194
"ENSG00000267093.1",32,27,20,7,26,29
"ENSG00000108106.9",5153,4761,5500,7395,5966,3745
"ENSG00000187902.7",19,27,51,105,112,122
"ENSG00000063241.3",1436,1244,1478,1750,1687,894
"ENSG00000197483.8",277,242,268,380,299,304
"ENSG00000090971.4",703,640,921,1212,979,549
"ENSG00000179954.10",57,50,159,249,281,327
"ENSG00000187550.4",8,9,4,16,17,14
"ENSG00000231274.4",33,28,53,87,162,123
"ENSG00000218891.2",573,471,641,865,655,675
"ENSG00000179943.6",326,306,458,645,590,416
"ENSG00000171443.6",356,322,269,392,351,213
"ENSG00000261221.1",888,829,973,1360,1200,1151
"ENSG00000179922.5",108,92,143,181,164,112
"ENSG00000213015.4",289,228,391,468,414,407
"ENSG00000171425.5",876,807,855,1080,846,396
"ENSG00000173581.3",406,346,646,889,823,486
"ENSG00000063244.8",4851,4176,4638,5715,5500,3896
"ENSG00000267523.1",35,34,57,68,43,40
"ENSG00000267096.1",15,8,17,10,18,24
"ENSG00000063245.10",2952,2502,2967,4206,3562,2520
"ENSG00000267117.1",4,7,12,12,7,11
"ENSG00000267183.1",14,20,17,25,33,27
"ENSG00000267018.1",23,9,20,28,18,36
"ENSG00000268593.1",2,10,2,1,10,5
"ENSG00000185792.5",11,10,10,28,15,16
"ENSG00000179873.10",11,9,24,26,26,17
"ENSG00000160505.11",19,10,26,33,46,7
"ENSG00000173572.7",16,17,7,30,27,16
"ENSG00000179709.4",15,10,10,33,43,7
"ENSG00000171487.10",18,17,21,32,39,9
"ENSG00000142409.4",982,934,1311,1748,1541,1067
"ENSG00000223060.1",7,6,4,9,10,20
"ENSG00000167685.10",686,595,937,1177,974,800
"ENSG00000204533.2",13,6,5,18,6,12
"ENSG00000197213.5",15,7,10,20,23,8
"ENSG00000131848.5",142,109,184,218,268,169
"ENSG00000267908.1",4,4,8,10,12,13
"ENSG00000267710.1",119,110,139,137,188,192
"ENSG00000267298.1",5,4,19,15,19,16
"ENSG00000267549.1",8,8,16,19,12,9
"ENSG00000266907.1",3,12,17,17,29,19
"ENSG00000267606.1",11,5,19,29,19,13
"ENSG00000240225.6",184,170,314,432,334,191
"ENSG00000018869.12",34,28,47,80,81,41
"ENSG00000267454.1",11,9,26,25,46,24
"ENSG00000198440.5",37,24,70,59,86,68
"ENSG00000198046.7",6,5,56,57,134,125
"ENSG00000166770.6",4,2,101,183,146,114
"ENSG00000196263.3",11,13,32,53,57,44
"ENSG00000196867.3",17,19,56,102,95,60
"ENSG00000197016.7",17,12,38,71,88,43
"ENSG00000197951.4",23,20,103,146,56,52
"ENSG00000127903.12",10,18,11,50,41,9
"ENSG00000269699.1",11,8,2,15,29,8
"ENSG00000198300.8",34,23,28,62,81,60
"ENSG00000131864.6",21,5,4,16,26,14
"ENSG00000083844.6",104,81,506,597,482,423
"ENSG00000105146.8",43,31,437,570,526,315
"ENSG00000204524.5",274,245,503,536,478,373
"ENSG00000268713.1",43,43,55,75,46,42
"ENSG00000267871.1",40,28,31,55,40,40
"ENSG00000197714.4",1728,1542,2645,3022,2507,1881
"ENSG00000268205.1",521,395,714,912,822,695
"ENSG00000178229.7",192,161,339,431,379,227
"ENSG00000268678.1",8,13,16,10,25,16
"ENSG00000131845.10",157,158,216,278,222,150
"ENSG00000152433.10",12,10,9,20,20,15
"ENSG00000256060.2",32,23,29,34,31,19
"ENSG00000188785.7",111,113,252,299,262,243
"ENSG00000186272.8",138,124,264,224,198,221
"ENSG00000186230.6",214,230,360,438,346,278
"ENSG00000178201.3",11,6,8,6,24,12
"ENSG00000197128.7",52,40,364,493,444,251
"ENSG00000105136.15",39,35,175,175,148,185
"ENSG00000152439.8",23,16,64,72,69,48
"ENSG00000121406.4",38,18,223,271,310,181
"ENSG00000251369.4",151,150,479,567,509,348
"ENSG00000083817.8",54,30,138,164,128,103
"ENSG00000171649.7",11,12,200,210,293,170
"ENSG00000183647.6",113,134,197,266,252,180
"ENSG00000213762.6",225,178,425,536,536,351
"ENSG00000121417.9",179,157,355,424,410,297
"ENSG00000269097.1",0,0,42,45,29,36
"ENSG00000180532.6",7,9,31,30,23,18
"ENSG00000204519.6",226,209,716,751,873,644
"ENSG00000268948.1",6,6,17,19,31,28
"ENSG00000179909.11",85,42,248,195,307,363
"ENSG00000083814.8",134,84,301,312,343,316
"ENSG00000152443.8",217,202,425,440,426,350
"ENSG00000083828.11",343,330,562,611,654,542
"ENSG00000178935.5",205,181,359,337,299,395
"ENSG00000269343.2",530,413,682,760,641,763
"ENSG00000269304.1",34,25,52,42,33,37
"ENSG00000204514.5",398,371,797,820,755,826
"ENSG00000198466.8",621,561,1022,997,1101,1158
"ENSG00000269867.1",17,17,51,33,42,78
"ENSG00000270804.1",16,27,59,51,72,84
"ENSG00000269476.1",6,1,14,11,10,6
"ENSG00000173480.6",144,142,439,503,503,460
"ENSG00000196724.8",36,24,251,317,319,284
"ENSG00000152454.3",13,10,157,223,227,179
"ENSG00000177025.3",3,3,7,13,12,10
"ENSG00000166704.7",17,30,228,235,229,181
"ENSG00000176593.3",9,7,136,168,148,166
"ENSG00000235974.1",0,1,60,63,64,76
"ENSG00000152467.5",9,10,339,310,452,583
"ENSG00000268660.1",10,4,244,217,295,412
"ENSG00000270837.1",2,0,67,63,80,124
"ENSG00000176293.15",16,18,227,269,323,367
"ENSG00000121413.8",28,32,643,693,812,501
"ENSG00000181894.10",35,27,210,281,243,167
"ENSG00000171606.13",1004,919,1851,2269,2200,1760
"ENSG00000198131.9",715,615,1110,1203,1087,1220
"ENSG00000269545.1",14,11,14,14,20,14
"ENSG00000268516.1",235,183,268,394,286,356
"ENSG00000268201.1",51,34,89,89,93,94
"ENSG00000267216.1",121,104,81,143,129,90
"ENSG00000142396.6",328,243,291,366,356,286
"ENSG00000269794.1",7,6,11,17,8,9
"ENSG00000182318.5",291,292,407,438,440,307
"ENSG00000121410.7",31,22,22,20,27,27
"ENSG00000268230.1",34,29,38,38,31,35
"ENSG00000268895.1",61,27,65,57,61,57
"ENSG00000174586.6",116,81,89,124,115,126
"ENSG00000268049.1",29,22,22,32,26,28
"ENSG00000269054.1",14,9,15,18,21,18
"ENSG00000152475.6",90,84,95,93,161,78
"ENSG00000083845.4",16326,16889,16361,22958,18059,3380
"ENSG00000269855.1",10,17,22,32,32,13
"ENSG00000268307.1",1,9,17,16,4,5
"ENSG00000171574.13",620,507,805,1015,941,715
"ENSG00000232098.2",522,448,505,541,680,618
"ENSG00000268543.1",32,35,77,75,67,50
"ENSG00000268912.1",39,27,82,78,72,85
"ENSG00000131849.10",68,51,141,192,182,180
"ENSG00000269473.1",67,55,162,219,150,123
"ENSG00000249471.3",252,195,358,379,310,228
"ENSG00000083812.7",369,338,523,612,659,577
"ENSG00000083838.11",325,291,505,505,527,484
"ENSG00000083807.5",452,407,424,621,513,285
"ENSG00000252334.1",10,1,12,6,7,7
"ENSG00000265272.1",1,4,9,10,6,13
"ENSG00000119574.8",317,290,393,469,460,299
"ENSG00000130726.7",12731,11513,16666,21989,18224,8707
"ENSG00000130724.4",975,918,1050,1247,1097,576
"ENSG00000130725.3",1013,1043,1804,2103,1922,828
"ENSG00000267858.1",181,130,174,224,183,214
"ENSG00000099326.4",1092,984,1324,1464,1340,1683
"ENSG00000213753.6",379,365,458,722,729,344
"ENSG00000269600.1",217,173,108,123,297,139
"ENSG00000196476.7",477,426,405,414,298,354
"ENSG00000177764.6",185,172,155,200,159,142
"ENSG00000225377.1",94,96,70,77,69,57
"ENSG00000177732.6",1152,995,920,1346,1051,837
"ENSG00000125841.8",400,342,354,499,541,309
"ENSG00000101255.6",1136,1038,1755,2299,2277,917
"ENSG00000125826.15",781,724,782,919,877,780
"ENSG00000125875.9",1260,1112,1064,1348,1066,726
"ENSG00000101266.12",2696,2406,2575,3311,2322,1145
"ENSG00000125878.4",80,70,101,130,97,63
"ENSG00000271303.1",161,155,114,144,152,79
"ENSG00000215397.3",293,263,50,63,177,217
"ENSG00000101276.10",21,23,46,78,25,17
"ENSG00000125898.8",500,445,271,345,250,162
"ENSG00000101278.6",9,14,12,11,10,6
"ENSG00000101280.6",6,13,6,14,12,4
"ENSG00000125818.13",1163,1016,940,1353,1067,473
"ENSG00000215388.3",17,13,17,36,16,36
"ENSG00000125895.5",738,695,433,525,417,394
"ENSG00000215595.1",16,18,13,10,5,5
"ENSG00000244588.1",36,17,80,93,82,44
"ENSG00000101298.9",113,109,898,1202,1509,1220
"ENSG00000125775.10",37,34,28,50,64,36
"ENSG00000234684.2",122,99,95,97,99,80
"ENSG00000203630.3",39,28,25,29,36,32
"ENSG00000229728.1",13,15,11,17,8,18
"ENSG00000088832.10",1709,1471,1474,2201,1745,699
"ENSG00000088833.13",1227,1123,961,1285,1132,739
"ENSG00000196209.8",16,11,11,27,40,12
"ENSG00000101307.11",12,8,7,12,19,5
"ENSG00000089012.10",4,4,6,15,12,12
"ENSG00000198053.7",13,7,13,39,23,10
"ENSG00000101327.4",2,2,2,12,11,6
"ENSG00000125834.8",1034,851,913,1115,940,727
"ENSG00000125780.11",16,16,13,26,19,20
"ENSG00000166948.5",18,16,16,27,23,10
"ENSG00000125835.13",2773,2415,2028,2721,2181,834
"ENSG00000088876.7",184,142,162,211,185,149
"ENSG00000149488.11",29,14,22,28,43,19
"ENSG00000101361.10",2134,1930,2029,2520,2078,1427
"ENSG00000101365.16",1410,1297,1038,1427,1064,438
"ENSG00000088881.16",30,23,11,18,21,16
"ENSG00000088882.7",137,111,27,56,71,41
"ENSG00000132635.12",675,621,463,643,603,470
"ENSG00000215305.5",707,645,361,445,489,250
"ENSG00000132670.16",1799,1572,1313,1726,1631,1127
"ENSG00000125787.7",12,10,6,16,14,16
"ENSG00000125901.5",490,423,325,386,326,255
"ENSG00000235958.1",21,14,23,24,32,26
"ENSG00000185019.12",204,183,272,361,291,164
"ENSG00000215251.3",360,326,424,437,425,216
"ENSG00000088899.10",269,266,232,310,315,247
"ENSG00000198171.8",952,744,556,693,545,488
"ENSG00000125877.8",452,349,341,456,394,194
"ENSG00000088836.8",31,23,29,38,44,23
"ENSG00000088854.11",487,378,317,360,436,388
"ENSG00000226632.1",11,14,13,9,14,28
"ENSG00000088812.13",1087,1005,674,1056,922,524
"ENSG00000230568.1",24,9,12,10,34,17
"ENSG00000149451.13",8,19,8,22,28,9
"ENSG00000088827.8",31,32,32,48,57,27
"ENSG00000132622.6",36,29,41,40,55,39
"ENSG00000101220.13",540,498,494,732,527,207
"ENSG00000101222.8",14,7,14,3,9,15
"ENSG00000125817.7",681,656,756,1054,915,632
"ENSG00000101224.13",1064,909,866,1121,947,615
"ENSG00000125843.6",92,100,110,141,144,66
"ENSG00000088888.13",1702,1462,1567,1963,1919,1527
"ENSG00000229539.1",15,3,2,14,10,9
"ENSG00000125779.17",1082,982,727,960,832,679
"ENSG00000101236.12",3244,2693,3107,4004,3391,2222
"ENSG00000226608.2",61,62,78,119,98,28
"ENSG00000088826.13",121,130,86,125,162,101
"ENSG00000171873.6",11,11,18,35,36,20
"ENSG00000171867.12",159,145,217,301,195,98
"ENSG00000101265.11",6,7,8,10,12,8
"ENSG00000089057.10",534,459,404,529,492,373
"ENSG00000089063.10",932,847,616,831,748,383
"ENSG00000132646.6",1862,1850,1682,2127,1770,503
"ENSG00000101290.9",972,941,724,1031,839,537
"ENSG00000225022.1",3,5,9,18,14,5
"ENSG00000230563.2",2,1,10,26,34,20
"ENSG00000205181.5",7,15,115,115,224,173
"ENSG00000125772.8",1642,1400,870,982,994,921
"ENSG00000233578.1",22,30,8,7,17,22
"ENSG00000171984.10",175,158,108,127,110,39
"ENSG00000089199.5",14,8,5,23,19,19
"ENSG00000089195.10",108,117,119,159,133,99
"ENSG00000125885.9",1036,824,808,931,780,640
"ENSG00000088766.7",776,711,791,987,845,401
"ENSG00000125872.7",31,23,25,55,41,38
"ENSG00000101311.11",26,13,44,59,81,92
"ENSG00000229876.1",17,18,36,41,70,37
"ENSG00000228482.1",10,7,21,24,26,46
"ENSG00000125845.6",18,13,55,52,80,81
"ENSG00000101323.4",6,6,11,5,10,0
"ENSG00000125827.4",482,414,397,603,522,372
"ENSG00000182621.12",173,134,439,559,464,301
"ENSG00000225479.1",11,6,11,14,9,10
"ENSG00000101333.12",38,31,49,74,59,37
"ENSG00000101349.12",27,10,5,9,15,8
"ENSG00000132623.11",65,49,9,17,23,8
"ENSG00000125863.13",343,329,435,414,442,117
"ENSG00000149346.10",130,102,117,135,129,68
"ENSG00000235036.3",24,12,13,25,10,16
"ENSG00000101384.7",48,46,76,135,157,80
"ENSG00000132640.10",336,315,181,217,210,107
"ENSG00000236526.1",17,24,15,9,12,9
"ENSG00000172296.8",9,10,8,34,37,12
"ENSG00000101230.5",6,3,7,19,18,12
"ENSG00000089123.11",224,194,227,270,277,195
"ENSG00000236811.1",12,6,5,11,13,4
"ENSG00000089048.10",385,340,469,479,431,314
"ENSG00000101247.13",171,146,148,180,142,77
"ENSG00000101251.7",7,8,9,21,18,9
"ENSG00000172264.12",17,9,6,18,15,0
"ENSG00000125848.9",6,11,6,25,14,5
"ENSG00000089177.13",541,493,620,718,526,472
"ENSG00000228809.1",15,13,3,3,13,5
"ENSG00000125870.6",458,421,464,508,446,243
"ENSG00000125851.5",12,6,4,25,45,14
"ENSG00000125864.7",12,16,32,51,109,75
"ENSG00000125868.11",466,438,815,952,937,374
"ENSG00000125844.11",2450,2092,1818,2444,1961,1910
"ENSG00000089006.12",2345,1946,2251,2799,1956,1215
"ENSG00000125850.6",2,3,8,15,20,10
"ENSG00000212232.1",228,335,274,237,306,338
"ENSG00000125871.9",544,515,572,604,571,385
"ENSG00000232838.3",28,26,21,26,25,13
"ENSG00000149474.9",144,111,146,158,108,79
"ENSG00000125846.11",260,261,282,290,234,211
"ENSG00000089091.12",22,10,17,26,29,18
"ENSG00000132664.7",144,148,104,139,96,44
"ENSG00000089050.10",51,34,43,45,14,14
"ENSG00000101310.10",955,876,922,1267,1060,368
"ENSG00000232388.2",296,300,259,299,248,63
"ENSG00000125821.7",355,285,292,382,397,151
"ENSG00000233993.1",10,7,6,4,19,10
"ENSG00000273148.1",9,12,14,9,2,14
"ENSG00000185052.7",13,20,5,41,20,6
"ENSG00000132669.8",13,9,5,44,30,14
"ENSG00000173418.7",452,359,401,467,466,252
"ENSG00000101343.10",454,406,405,480,381,217
"ENSG00000089101.13",16,17,11,49,28,14
"ENSG00000188559.9",349,321,370,526,273,197
"ENSG00000088970.11",523,466,737,781,683,525
"ENSG00000232712.2",36,22,41,52,38,64
"ENSG00000214535.3",20,15,18,28,33,8
"ENSG00000088930.6",1517,1334,1311,1719,1374,748
"ENSG00000125813.9",11,3,1,21,13,6
"ENSG00000227063.4",292,294,279,301,222,27
"ENSG00000259974.2",32,41,3,10,3,2
"ENSG00000125798.10",99,82,25,24,107,93
"ENSG00000178726.6",49,30,41,63,73,51
"ENSG00000125810.9",8,11,17,28,34,27
"ENSG00000233746.1",46,54,14,22,31,28
"ENSG00000234832.1",20,9,13,4,3,8
"ENSG00000132661.3",235,196,215,221,245,108
"ENSG00000232645.1",11,15,4,8,7,5
"ENSG00000125812.11",388,300,323,420,346,225
"ENSG00000125814.13",411,351,247,270,250,209
"ENSG00000101439.4",903,867,552,867,713,376
"ENSG00000149435.8",11,7,9,18,8,7
"ENSG00000101463.5",3,4,2,16,10,1
"ENSG00000101474.7",361,294,252,330,280,112
"ENSG00000154930.10",496,551,26,44,82,51
"ENSG00000100987.10",13,10,6,26,17,8
"ENSG00000197586.8",871,736,704,942,798,545
"ENSG00000100994.7",394,359,503,648,679,462
"ENSG00000100997.14",472,432,228,360,262,179
"ENSG00000227379.2",18,11,7,5,6,11
"ENSG00000101003.8",562,523,503,563,445,270
"ENSG00000101004.10",29,24,22,72,37,19
"ENSG00000170191.4",180,176,206,259,179,114
"ENSG00000213742.2",108,67,49,54,52,56
"ENSG00000130684.9",66,42,59,53,49,38
"ENSG00000230772.1",0,1,13,12,11,10
"ENSG00000175170.10",6,9,9,26,24,20
"ENSG00000240108.1",2,8,59,63,67,33
"ENSG00000227195.4",4,12,7,11,10,8
"ENSG00000205611.3",10,2,8,9,11,10
"ENSG00000225490.1",13,8,9,5,11,10
"ENSG00000149531.10",838,751,875,937,884,622
"ENSG00000238151.1",23,25,18,35,17,28
"ENSG00000180383.3",3,4,0,10,12,2
"ENSG00000101294.12",1204,1010,1117,1349,1526,1027
"ENSG00000101898.5",41,32,36,50,37,31
"ENSG00000235313.1",29,24,38,29,32,55
"ENSG00000230613.1",23,19,12,18,27,34
"ENSG00000125968.7",1739,1526,438,533,714,555
"ENSG00000171552.8",3776,3250,3581,4590,4153,2901
"ENSG00000236559.1",79,50,67,60,63,63
"ENSG00000268457.1",72,68,44,51,40,43
"ENSG00000088325.11",6406,5449,4811,5995,4790,2857
"ENSG00000101306.6",13,17,12,19,27,24
"ENSG00000149599.11",20,15,9,40,29,10
"ENSG00000131044.12",15,12,15,27,20,14
"ENSG00000088356.4",259,255,345,486,337,234
"ENSG00000260903.2",11,14,11,27,13,7
"ENSG00000101331.11",4,2,9,13,14,5
"ENSG00000101336.8",17,7,10,31,22,13
"ENSG00000101337.11",2169,1932,1598,2364,2087,1398
"ENSG00000235217.5",22,34,25,23,36,39
"ENSG00000126003.6",861,696,748,961,857,731
"ENSG00000101346.7",1100,994,960,1433,1222,647
"ENSG00000101350.6",538,483,477,578,581,371
"ENSG00000171456.12",3817,3465,3104,3585,3051,2446
"ENSG00000197183.8",1325,1173,1200,1352,1116,1164
"ENSG00000236772.1",26,37,35,21,15,14
"ENSG00000233293.1",56,38,73,70,32,54
"ENSG00000228156.1",30,27,62,57,52,96
"ENSG00000204393.3",14,20,103,66,79,88
"ENSG00000198547.4",104,102,406,449,319,298
"ENSG00000175730.7",24,19,36,22,40,36
"ENSG00000149600.7",622,644,650,845,782,287
"ENSG00000088305.14",4371,3632,4516,5648,4268,3761
"ENSG00000101367.8",2887,2628,2379,2950,2587,1211
"ENSG00000260536.1",25,32,15,33,34,12
"ENSG00000260257.1",122,125,118,102,89,51
"ENSG00000215529.8",19,15,15,36,23,10
"ENSG00000167098.7",8,8,5,20,5,10
"ENSG00000078898.6",16,4,2,13,11,5
"ENSG00000167104.7",10,8,5,25,13,8
"ENSG00000186190.7",4,12,8,13,16,5
"ENSG00000125999.6",16,12,9,16,20,11
"ENSG00000101391.16",859,774,726,964,729,425
"ENSG00000101400.5",920,812,868,1126,680,424
"ENSG00000078699.17",884,745,921,1081,808,732
"ENSG00000125967.12",1194,999,1024,1310,1193,1074
"ENSG00000149609.5",122,126,104,147,126,135
"ENSG00000182584.4",186,141,121,158,169,212
"ENSG00000271803.1",15,12,1,9,13,4
"ENSG00000101412.9",750,732,579,790,795,590
"ENSG00000101417.7",257,256,205,235,235,101
"ENSG00000131061.9",195,172,212,283,164,134
"ENSG00000101421.3",566,514,594,653,589,689
"ENSG00000228265.1",37,34,29,27,38,26
"ENSG00000125970.7",3111,2951,2415,3098,3060,1788
"ENSG00000228386.2",23,17,14,11,12,18
"ENSG00000229472.1",25,9,13,15,21,9
"ENSG00000125977.6",3438,3007,3661,4146,3628,2035
"ENSG00000101440.5",16,22,14,34,28,24
"ENSG00000250917.1",2,1,9,14,11,8
"ENSG00000101444.8",6186,5459,4407,5817,4756,1684
"ENSG00000272945.1",9,12,8,13,6,13
"ENSG00000078747.8",1736,1590,1531,1655,1489,986
"ENSG00000236388.1",9,7,5,15,10,12
"ENSG00000231795.1",12,10,9,17,8,11
"ENSG00000181741.7",28,32,26,4,22,18
"ENSG00000125971.12",1055,847,648,852,940,457
"ENSG00000101460.8",16,14,8,17,17,11
"ENSG00000101464.6",431,360,264,387,307,139
"ENSG00000198646.9",1352,1154,1125,1532,1307,1272
"ENSG00000078804.8",205,173,245,299,430,355
"ENSG00000131067.12",1325,1206,1038,1314,1036,956
"ENSG00000131069.15",6614,5723,4337,5740,3904,2411
"ENSG00000100983.5",1806,1544,1270,1588,1202,673
"ENSG00000078814.11",293,188,225,323,282,354
"ENSG00000100991.7",3585,3214,3127,4403,3070,1980
"ENSG00000088298.8",297,271,295,430,248,157
"ENSG00000101000.4",78,78,137,183,94,47
"ENSG00000126005.11",308,293,186,290,293,172
"ENSG00000125966.8",105,67,84,82,111,97
"ENSG00000261582.1",9,6,8,13,3,11
"ENSG00000242372.2",1061,993,1101,1343,1065,353
"ENSG00000125998.7",17,11,13,31,38,12
"ENSG00000101019.17",907,731,892,1148,1025,810
"ENSG00000125965.4",6,11,5,17,8,7
"ENSG00000126001.11",3077,2812,2284,2929,2098,2213
"ENSG00000230155.2",21,14,10,8,8,9
"ENSG00000125991.14",2223,2377,1607,2402,1932,601
"ENSG00000088340.11",6,14,5,15,10,7
"ENSG00000061656.5",342,330,278,386,302,227
"ENSG00000214078.7",1245,1036,753,1110,952,644
"ENSG00000222460.1",12,18,13,11,24,23
"ENSG00000252549.1",6,9,8,11,4,17
"ENSG00000244462.3",2805,2526,2281,2999,2310,1143
"ENSG00000244005.8",658,607,467,652,537,277
"ENSG00000125995.11",688,737,541,602,589,192
"ENSG00000131051.16",7130,6121,5321,5929,4913,4119
"ENSG00000238549.1",11,5,2,13,2,9
"ENSG00000025293.11",1456,1270,1210,1517,1118,755
"ENSG00000219608.3",8,14,6,6,7,15
"ENSG00000171222.6",802,760,575,750,563,353
"ENSG00000149646.8",10,11,10,16,27,5
"ENSG00000260032.1",8848,8178,6585,8257,6633,4807
"ENSG00000088367.16",166,112,71,107,93,75
"ENSG00000232406.2",14,13,11,9,5,4
"ENSG00000131043.7",506,410,447,568,458,299
"ENSG00000080845.13",764,577,822,892,944,741
"ENSG00000232907.3",38,32,55,92,37,42
"ENSG00000101335.5",70,64,89,120,123,82
"ENSG00000118707.5",526,461,731,976,745,520
"ENSG00000101084.12",417,345,318,389,310,210
"ENSG00000101082.9",20,17,11,21,19,17
"ENSG00000101079.16",624,555,553,770,540,341
"ENSG00000149636.11",687,606,695,746,663,399
"ENSG00000149639.10",3134,2744,2701,3339,2724,2359
"ENSG00000101342.5",11,11,22,26,18,11
"ENSG00000101347.7",235,207,320,404,291,127
"ENSG00000080839.7",774,774,667,679,681,524
"ENSG00000231241.1",19,22,6,13,15,15
"ENSG00000101353.10",132,120,94,114,93,51
"ENSG00000118705.12",5171,4766,2979,4703,3624,1396
"ENSG00000101363.8",224,173,235,256,269,131
"ENSG00000197122.7",894,775,971,1167,988,658
"ENSG00000166619.8",487,446,393,590,536,314
"ENSG00000053438.7",29,28,21,45,28,25
"ENSG00000132792.14",678,636,535,735,618,300
"ENSG00000132821.7",8,5,10,11,11,9
"ENSG00000101407.8",1530,1324,1281,1529,1321,804
"ENSG00000101413.7",1666,1348,1118,1433,1274,750
"ENSG00000198959.7",5504,4904,5291,6825,4811,2284
"ENSG00000149633.7",30,9,18,27,35,19
"ENSG00000101425.8",7,8,5,24,11,5
"ENSG00000129988.5",9,10,6,17,26,20
"ENSG00000224635.1",8,15,20,7,14,13
"ENSG00000196756.7",1813,1652,1718,2113,1978,1284
"ENSG00000235408.2",25,38,54,48,45,26
"ENSG00000225091.3",182,163,205,188,229,236
"ENSG00000201512.1",330,256,313,319,332,191
"ENSG00000200354.1",85,69,86,60,85,77
"ENSG00000174365.15",167,170,136,205,151,60
"ENSG00000170471.10",1477,1386,1436,1877,1510,1029
"ENSG00000231307.1",22,13,18,10,15,3
"ENSG00000124143.6",13,9,15,39,34,19
"ENSG00000101438.3",9,11,10,36,10,6
"ENSG00000101442.8",501,402,393,469,405,280
"ENSG00000199691.1",20,27,27,8,17,15
"ENSG00000101445.5",410,330,997,1248,1097,735
"ENSG00000240474.2",5,3,8,5,12,11
"ENSG00000101447.9",1454,1330,1680,2098,1542,836
"ENSG00000101452.10",536,507,479,624,440,231
"ENSG00000223864.1",14,11,7,13,14,12
"ENSG00000198900.5",3453,2886,4505,5227,4855,3363
"ENSG00000226648.1",17,21,20,29,24,22
"ENSG00000124181.10",2185,1988,2215,2602,1992,1476
"ENSG00000174306.17",554,417,528,678,463,417
"ENSG00000132793.7",618,540,616,750,680,630
"ENSG00000183798.4",23,15,12,30,32,24
"ENSG00000124177.10",3009,2611,2913,3505,2732,2427
"ENSG00000235088.1",20,26,11,18,13,15
"ENSG00000232493.2",18,8,13,17,2,10
"ENSG00000196090.8",25,26,26,34,27,9
"ENSG00000124193.10",2151,1868,1946,2421,2216,1614
"ENSG00000185513.10",486,439,407,479,389,395
"ENSG00000101049.10",32,20,23,27,27,27
"ENSG00000101052.8",302,237,215,315,252,91
"ENSG00000101057.11",5460,4696,3200,3730,3618,2733
"ENSG00000124191.13",19,17,18,26,37,23
"ENSG00000149596.6",14,17,13,13,18,12
"ENSG00000132823.6",434,388,426,455,407,239
"ENSG00000223891.1",62,59,42,79,71,35
"ENSG00000124194.11",12,6,11,16,15,13
"ENSG00000197296.5",92,50,99,98,128,78
"ENSG00000101076.12",11,8,16,17,36,13
"ENSG00000226243.1",5,8,3,10,11,1
"ENSG00000124120.6",193,175,268,336,405,279
"ENSG00000132824.9",1917,1705,1501,2122,1804,826
"ENSG00000168734.9",49,46,208,227,267,144
"ENSG00000196839.8",582,503,403,481,444,224
"ENSG00000244558.1",1,4,30,13,14,20
"ENSG00000064205.6",7,6,30,30,58,39
"ENSG00000124249.5",4,6,12,18,37,44
"ENSG00000101098.8",10,5,11,6,21,9
"ENSG00000166913.8",2483,2255,2302,3275,2699,1223
"ENSG00000101104.8",880,756,833,974,1196,1376
"ENSG00000025772.7",864,794,585,721,663,355
"ENSG00000101109.7",1370,1152,1500,1649,1548,1083
"ENSG00000124134.4",15,6,7,24,23,20
"ENSG00000124159.11",10,9,14,8,19,11
"ENSG00000124232.6",15,15,7,12,18,5
"ENSG00000124145.5",151,144,98,150,122,65
"ENSG00000204070.5",282,273,295,357,299,155
"ENSG00000124251.6",12,6,18,35,23,15
"ENSG00000244274.3",129,130,112,101,93,72
"ENSG00000124155.12",1025,921,605,947,724,406
"ENSG00000269549.1",2,6,4,12,4,11
"ENSG00000235508.2",16,8,7,10,13,5
"ENSG00000124116.14",7,4,5,12,12,4
"ENSG00000101457.8",292,269,283,327,274,136
"ENSG00000175063.12",10,12,17,31,30,33
"ENSG00000124104.14",100,90,97,110,73,97
"ENSG00000101473.12",449,415,433,601,420,202
"ENSG00000132801.5",139,92,129,206,144,82
"ENSG00000168612.4",380,330,410,610,451,248
"ENSG00000149634.4",27,24,35,17,13,17
"ENSG00000064601.12",794,716,635,917,682,471
"ENSG00000100979.10",489,389,543,832,702,368
"ENSG00000100982.7",1386,1289,1025,1430,1022,588
"ENSG00000198026.6",944,806,813,999,774,724
"ENSG00000100985.7",8,11,13,19,26,12
"ENSG00000204044.5",6,7,18,19,11,12
"ENSG00000124140.8",33,39,32,59,56,23
"ENSG00000124160.7",288,251,294,432,454,286
"ENSG00000101017.9",53,29,66,88,113,86
"ENSG00000149654.5",10,13,8,19,25,7
"ENSG00000080189.10",866,850,739,970,917,672
"ENSG00000062598.13",423,416,298,383,361,242
"ENSG00000198185.7",17,13,111,155,146,130
"ENSG00000158296.9",273,225,311,385,457,262
"ENSG00000172315.5",215,221,296,357,333,177
"ENSG00000197496.4",13,11,41,62,90,67
"ENSG00000064655.14",8,7,11,22,17,9
"ENSG00000101040.15",7756,6290,6922,8458,7139,6880
"ENSG00000265532.1",11,11,9,15,15,29
"ENSG00000263770.1",4,7,10,13,15,2
"ENSG00000267882.1",157,134,156,157,151,121
"ENSG00000273451.1",106,88,76,111,87,85
"ENSG00000231119.2",246,211,196,208,195,204
"ENSG00000124151.14",1820,1643,1481,1879,1452,1117
"ENSG00000229853.1",16,15,17,7,16,14
"ENSG00000196562.10",48,43,29,45,56,30
"ENSG00000124126.9",384,352,1122,1510,1467,1064
"ENSG00000124198.8",1882,1602,1254,1719,1588,1221
"ENSG00000124207.12",3782,3653,3192,3817,2855,1039
"ENSG00000124214.15",3486,3163,3099,3937,3304,1895
"ENSG00000226284.1",21,23,20,13,14,15
"ENSG00000124228.10",1214,976,1081,1292,1177,725
"ENSG00000124201.10",743,618,947,1133,1303,1027
"ENSG00000177410.8",1925,1825,1668,1971,1562,464
"ENSG00000209042.1",38,55,34,63,41,14
"ENSG00000222365.1",54,38,36,61,52,21
"ENSG00000212304.1",62,37,24,62,27,5
"ENSG00000158445.7",6,17,4,26,20,10
"ENSG00000124212.5",15,14,4,13,16,6
"ENSG00000158470.5",812,842,797,1038,926,588
"ENSG00000197818.7",387,356,404,445,445,386
"ENSG00000237788.1",45,23,38,19,25,27
"ENSG00000158480.6",302,258,231,371,269,201
"ENSG00000124226.7",1498,1333,1355,1891,1492,751
"ENSG00000229222.1",12,15,25,11,26,32
"ENSG00000124216.3",377,325,209,284,190,113
"ENSG00000244687.7",490,418,339,333,257,175
"ENSG00000240849.6",463,389,240,410,329,196
"ENSG00000237595.2",20,11,4,8,6,9
"ENSG00000172216.4",1145,1194,1279,1472,1646,1277
"ENSG00000203999.4",6,4,17,15,20,10
"ENSG00000196396.5",1635,1575,1807,2266,1616,1023
"ENSG00000232043.1",132,68,70,95,67,56
"ENSG00000208018.1",11,3,14,15,15,4
"ENSG00000042062.7",3344,2968,3604,3752,3810,4016
"ENSG00000234693.1",77,43,63,33,55,67
"ENSG00000124171.4",374,343,373,442,401,274
"ENSG00000124243.13",8,25,19,24,15,18
"ENSG00000101126.11",2273,1929,2512,2806,2153,1810
"ENSG00000228663.1",92,61,65,61,60,71
"ENSG00000259456.2",35,24,11,34,9,32
"ENSG00000000419.8",661,667,673,722,623,244
"ENSG00000124217.3",170,166,154,226,227,102
"ENSG00000026559.9",7,7,18,14,19,19
"ENSG00000101096.15",709,624,664,858,783,736
"ENSG00000054793.9",14,10,23,33,67,40
"ENSG00000101115.8",12,25,7,30,28,13
"ENSG00000020256.15",405,416,387,586,390,276
"ENSG00000234948.1",148,87,200,223,195,182
"ENSG00000225785.1",13,8,11,11,16,5
"ENSG00000232294.1",10,3,14,16,9,18
"ENSG00000182463.11",32,22,90,98,98,85
"ENSG00000223492.1",13,18,5,4,6,2
"ENSG00000259723.1",5,2,22,22,6,9
"ENSG00000197670.5",69,77,67,57,44,50
"ENSG00000171940.9",2355,2102,2019,2565,1830,1273
"ENSG00000064787.8",26,16,44,86,84,63
"ENSG00000019186.5",11,9,2,19,6,2
"ENSG00000101132.5",324,271,300,282,308,152
"ENSG00000101134.7",7,12,2,12,15,7
"ENSG00000185834.9",76,36,17,66,49,13
"ENSG00000124098.9",2857,2512,1288,1743,1870,1046
"ENSG00000087586.13",2226,2169,1729,2078,1545,798
"ENSG00000101138.7",886,938,746,936,760,360
"ENSG00000087589.12",1056,818,691,897,827,594
"ENSG00000228601.1",23,22,16,20,31,16
"ENSG00000022277.8",1402,1261,1157,1512,1116,526
"ENSG00000124091.5",45,27,29,55,33,24
"ENSG00000087510.5",11,3,8,15,18,8
"ENSG00000101144.8",8,8,2,17,17,17
"ENSG00000054796.8",5,4,4,22,15,8
"ENSG00000101146.8",984,820,821,1057,971,406
"ENSG00000228995.1",7,8,13,3,4,17
"ENSG00000218018.2",50,47,31,49,40,32
"ENSG00000132819.12",1771,1517,2307,2853,2426,1725
"ENSG00000124097.7",5,1,15,20,4,9
"ENSG00000124092.8",5347,4722,4550,5674,4561,3363
"ENSG00000124253.9",231,198,198,217,70,59
"ENSG00000124256.10",12,11,7,25,20,10
"ENSG00000124225.11",11,5,55,83,28,10
"ENSG00000124224.12",355,289,245,275,275,230
"ENSG00000124209.3",603,555,430,545,546,329
"ENSG00000124164.11",963,930,848,1187,936,578
"ENSG00000198768.6",10,21,17,18,58,32
"ENSG00000231290.1",2,2,15,17,61,47
"ENSG00000124222.17",1314,1162,1202,1396,1220,1055
"ENSG00000254995.4",6,14,18,25,19,28
"ENSG00000215440.7",52,45,72,68,85,85
"ENSG00000268649.2",2,0,18,9,34,25
"ENSG00000216031.1",1,0,4,10,15,13
"ENSG00000235590.3",3,8,93,101,177,156
"ENSG00000268333.1",1,7,67,55,104,92
"ENSG00000087460.19",8219,7226,5982,8019,6992,4959
"ENSG00000225806.3",9,14,5,12,11,8
"ENSG00000101158.8",2851,2472,2091,2587,2007,1162
"ENSG00000101160.9",1432,1304,1094,1489,1443,815
"ENSG00000101162.3",505,462,146,212,229,157
"ENSG00000124172.5",1511,1706,1365,1678,1322,257
"ENSG00000101166.11",1071,1080,941,1165,913,392
"ENSG00000124203.5",35,26,21,86,58,26
"ENSG00000087495.12",9,16,18,36,31,29
"ENSG00000196074.8",38,23,314,308,465,504
"ENSG00000196227.6",218,178,223,323,268,158
"ENSG00000132825.5",127,124,113,113,120,88
"ENSG00000124215.12",26,20,18,30,29,19
"ENSG00000179242.11",44,46,406,470,639,657
"ENSG00000130699.12",661,607,557,703,635,684
"ENSG00000235018.1",13,13,18,6,13,20
"ENSG00000149657.15",1194,1155,889,1215,995,817
"ENSG00000101182.10",3158,2847,2551,3287,3121,1234
"ENSG00000184402.10",791,734,691,782,727,760
"ENSG00000101181.13",792,728,724,993,812,535
"ENSG00000101180.11",6,4,4,10,10,2
"ENSG00000130703.11",1047,925,899,1118,1023,762
"ENSG00000130706.8",1113,975,873,1144,1196,673
"ENSG00000226332.2",46,22,25,14,31,14
"ENSG00000130702.9",8565,7441,4659,5476,3647,4333
"ENSG00000228812.3",47,50,23,8,11,10
"ENSG00000171858.13",9193,9718,6438,9091,6976,546
"ENSG00000149679.7",368,304,255,338,290,279
"ENSG00000130701.3",10,14,16,18,26,11
"ENSG00000130700.6",145,104,119,88,77,67
"ENSG00000272050.1",15,34,13,17,24,10
"ENSG00000167046.4",22,15,5,6,6,16
"ENSG00000101187.11",528,458,308,420,384,269
"ENSG00000232803.1",17,18,11,9,15,25
"ENSG00000101188.4",73,80,102,88,135,192
"ENSG00000228705.1",66,47,81,98,124,109
"ENSG00000101189.5",831,746,689,909,708,501
"ENSG00000229873.1",37,38,33,28,17,14
"ENSG00000060491.12",1383,1113,1126,1369,1186,1005
"ENSG00000092758.11",89,98,90,64,72,35
"ENSG00000101190.8",530,509,510,613,517,437
"ENSG00000101191.12",2603,2087,2455,2979,2602,2643
"ENSG00000101193.6",914,815,732,1018,800,603
"ENSG00000101194.13",12,21,6,23,12,2
"ENSG00000149658.13",1164,914,1076,1326,1102,820
"ENSG00000101197.8",11,6,11,19,97,56
"ENSG00000101198.10",2,11,5,25,17,14
"ENSG00000101199.8",3848,3266,3293,4185,3743,3350
"ENSG00000266104.1",16,7,0,4,12,3
"ENSG00000101203.12",23,24,17,50,49,20
"ENSG00000101204.11",30,17,12,27,37,14
"ENSG00000075043.13",12,8,15,37,26,14
"ENSG00000101210.6",1143,989,1123,1551,2264,1192
"ENSG00000125534.5",939,823,597,735,734,613
"ENSG00000101213.5",16,20,11,47,32,19
"ENSG00000125508.3",6,13,43,47,29,27
"ENSG00000125531.5",33,29,14,49,41,21
"ENSG00000130589.12",1809,1599,2107,2563,2213,1817
"ENSG00000101216.6",947,783,628,748,619,521
"ENSG00000232442.1",135,150,139,165,133,111
"ENSG00000197457.5",1134,1016,482,595,616,502
"ENSG00000258366.3",146,97,125,120,132,95
"ENSG00000026036.16",266,215,185,187,215,268
"ENSG00000101246.15",1192,1023,928,1102,981,1043
"ENSG00000197114.7",225,201,153,174,131,162
"ENSG00000273154.1",14,15,19,15,11,11
"ENSG00000203896.5",110,102,73,90,73,89
"ENSG00000125520.9",1252,1198,900,1051,1056,857
"ENSG00000130584.6",416,312,243,355,316,246
"ENSG00000183260.5",179,151,188,164,213,221
"ENSG00000101150.13",2423,2163,1818,2233,2011,1338
"ENSG00000101152.6",2138,1889,1851,2567,2195,1554
"ENSG00000199805.1",11,2,13,2,18,9
"ENSG00000215946.2",18,11,8,2,11,28
"ENSG00000198276.9",980,820,920,1038,926,1106
"ENSG00000207554.1",13,10,13,16,22,34
"ENSG00000267848.1",32,19,16,19,17,17
"ENSG00000196700.3",1112,1037,1345,1625,1523,1477
"ENSG00000130590.9",132,113,122,163,153,130
"ENSG00000101161.6",3424,2994,3093,3773,3032,1931
"ENSG00000196421.3",53,65,41,69,47,62
"ENSG00000203883.5",114,109,103,133,94,76
"ENSG00000171703.12",428,322,375,414,360,270
"ENSG00000171700.9",338,307,449,584,450,269
"ENSG00000125510.11",64,29,29,64,53,24
"ENSG00000125522.3",10,6,7,10,11,4
"ENSG00000196132.7",33,39,22,67,51,33
"ENSG00000203880.7",835,812,913,1059,878,661
"ENSG00000264462.1",33534,45168,47287,61465,67385,180250
"ENSG00000264063.1",10173,10454,11210,11031,13083,68972
"ENSG00000188681.7",83,76,150,213,185,125
"ENSG00000270533.1",13,9,29,38,30,22
"ENSG00000166157.12",211,141,85,122,181,147
"ENSG00000227691.1",7,7,4,10,14,8
"ENSG00000187172.11",1291,1166,1023,1113,1125,1049
"ENSG00000271308.1",141,128,167,197,251,265
"ENSG00000234643.1",141,105,105,130,188,126
"ENSG00000175302.4",3,3,6,21,11,3
"ENSG00000166351.6",2,0,2,10,12,4
"ENSG00000228314.1",20,30,36,39,90,99
"ENSG00000230965.1",8,10,10,16,12,40
"ENSG00000215559.4",235,189,167,238,293,343
"ENSG00000203616.2",26,15,19,24,20,46
"ENSG00000224905.2",37,25,52,75,48,52
"ENSG00000249493.1",12,13,9,13,16,9
"ENSG00000188992.7",3,5,5,10,15,4
"ENSG00000185272.9",1,6,54,68,78,31
"ENSG00000155304.4",565,484,549,769,680,228
"ENSG00000155307.13",2360,2203,580,494,224,125
"ENSG00000232884.3",147,108,10,13,4,1
"ENSG00000228600.1",39,48,0,0,0,0
"ENSG00000226751.2",104,101,1,1,1,2
"ENSG00000235609.4",9,16,16,19,10,8
"ENSG00000180530.5",1038,976,1438,1699,1204,837
"ENSG00000231201.1",13,8,13,11,6,10
"ENSG00000155313.11",1421,1326,1360,1692,1317,1111
"ENSG00000234159.1",8,9,11,16,12,12
"ENSG00000154639.14",25,15,14,39,32,20
"ENSG00000154640.10",551,474,370,477,381,258
"ENSG00000154642.6",114,118,191,238,192,108
"ENSG00000154645.9",3,5,5,14,12,8
"ENSG00000154646.4",14,12,11,19,21,16
"ENSG00000224141.1",19,24,61,64,59,35
"ENSG00000230233.1",2,1,4,14,8,17
"ENSG00000198618.4",77,71,79,107,103,32
"ENSG00000231620.1",11,10,12,7,12,19
"ENSG00000233236.1",25,36,16,16,13,6
"ENSG00000154654.10",924,820,659,796,518,334
"ENSG00000226771.1",15,23,10,10,6,6
"ENSG00000233215.1",43,35,50,52,57,71
"ENSG00000184856.6",60,27,50,41,54,56
"ENSG00000234340.1",47,20,22,18,25,36
"ENSG00000231136.1",30,16,13,17,14,14
"ENSG00000226043.1",87,81,116,119,117,73
"ENSG00000223822.2",17,11,5,14,12,4
"ENSG00000213885.3",15,13,13,16,10,3
"ENSG00000154719.9",768,643,610,803,515,183
"ENSG00000154721.10",7,14,15,29,22,7
"ENSG00000154723.8",630,604,627,708,771,221
"ENSG00000154727.6",615,571,558,640,589,360
"ENSG00000142192.16",13,14,24,54,21,19
"ENSG00000154734.10",20,18,4,35,34,8
"ENSG00000154736.5",18,13,7,17,29,12
"ENSG00000232855.2",10,7,14,26,33,26
"ENSG00000156239.7",400,370,482,505,370,331
"ENSG00000198862.9",2147,1994,1876,2217,1823,1007
"ENSG00000176054.6",15,15,15,5,17,14
"ENSG00000156253.2",137,146,82,120,93,54
"ENSG00000273254.1",26,26,12,33,18,9
"ENSG00000156256.10",946,891,806,883,835,707
"ENSG00000156261.8",8691,7961,7196,8972,6674,2334
"ENSG00000231125.2",19,12,15,14,18,13
"ENSG00000156265.11",9,10,4,15,25,9
"ENSG00000156273.11",2929,2693,2401,2835,2690,1562
"ENSG00000248476.1",28,27,40,42,55,65
"ENSG00000232118.1",5,6,14,7,8,22
"ENSG00000228817.3",19,15,39,36,40,50
"ENSG00000234293.1",7,2,17,19,21,20
"ENSG00000171189.12",27,27,46,75,176,179
"ENSG00000156299.8",38,33,22,52,71,21
"ENSG00000230870.2",7,11,20,54,14,13
"ENSG00000234509.1",64,40,37,42,49,21
"ENSG00000142168.10",5020,4526,3756,5168,4251,1460
"ENSG00000273271.1",27,31,13,10,15,18
"ENSG00000156304.10",3577,3007,2781,3374,2864,2478
"ENSG00000229046.1",16,17,16,8,17,19
"ENSG00000273091.1",12,10,8,6,16,4
"ENSG00000142149.4",11,8,8,11,18,6
"ENSG00000159055.3",1060,905,870,1142,751,344
"ENSG00000227256.1",22,28,19,23,16,16
"ENSG00000232623.1",11,6,18,15,15,10
"ENSG00000142207.5",3835,3295,3772,4843,4533,2819
"ENSG00000200792.1",20,17,13,8,11,20
"ENSG00000256073.2",96,91,105,173,126,63
"ENSG00000166979.8",41,25,47,70,215,205
"ENSG00000229007.1",1,4,2,9,20,11
"ENSG00000242220.2",12,8,15,7,12,13
"ENSG00000159079.14",685,616,663,760,726,359
"ENSG00000159082.13",707,613,470,531,628,448
"ENSG00000238197.1",64,62,43,47,54,66
"ENSG00000159086.10",2696,2455,2282,2351,2075,2283
"ENSG00000205930.4",28,21,29,37,30,13
"ENSG00000205929.5",17,19,11,21,13,7
"ENSG00000184221.8",3,4,1,22,10,1
"ENSG00000159110.15",410,343,395,509,406,284
"ENSG00000223799.1",11,19,2,7,12,12
"ENSG00000243646.4",367,262,305,448,405,180
"ENSG00000142166.8",780,700,1004,1214,1140,726
"ENSG00000226501.2",10,7,10,11,5,3
"ENSG00000159128.10",976,754,648,779,629,332
"ENSG00000142188.12",933,835,765,859,672,461
"ENSG00000266892.1",8,6,13,8,3,17
"ENSG00000177692.7",20,20,15,25,32,24
"ENSG00000159131.12",6148,5496,6164,7321,5835,2687
"ENSG00000233956.1",8,5,5,10,19,12
"ENSG00000159140.13",11190,9427,9792,11975,10324,7435
"ENSG00000159147.13",1422,1287,928,1113,959,673
"ENSG00000205758.7",624,533,665,790,584,547
"ENSG00000205726.9",301,261,627,685,714,607
"ENSG00000241837.2",2347,2181,2151,2889,2443,350
"ENSG00000237945.3",474,437,579,653,870,634
"ENSG00000243927.1",652,510,551,645,571,356
"ENSG00000224598.1",18,18,16,16,19,5
"ENSG00000227456.3",12,15,14,13,3,11
"ENSG00000205670.6",346,303,392,443,379,203
"ENSG00000222018.1",5,10,3,12,15,7
"ENSG00000180509.7",9,4,23,33,36,24
"ENSG00000159200.13",146,111,320,462,499,303
"ENSG00000159212.8",18,6,2,18,19,7
"ENSG00000159216.14",1366,1139,1723,2167,2423,2107
"ENSG00000268098.1",12,11,10,16,7,10
"ENSG00000185917.9",515,415,408,467,445,314
"ENSG00000189089.4",24,24,22,32,24,29
"ENSG00000159228.8",117,101,130,159,161,42
"ENSG00000236830.2",13,9,12,20,12,6
"ENSG00000142197.8",175,156,378,469,448,327
"ENSG00000228149.1",6,14,6,2,10,3
"ENSG00000273199.1",35,42,24,36,25,34
"ENSG00000159256.8",2173,1879,1922,2098,1665,1236
"ENSG00000228107.1",78,94,58,43,44,40
"ENSG00000159259.7",1017,801,618,863,778,481
"ENSG00000224421.1",7,13,8,1,11,3
"ENSG00000230479.1",1,0,0,1,14,12
"ENSG00000159261.6",2,4,7,16,15,22
"ENSG00000159263.11",20,20,27,27,39,17
"ENSG00000159267.10",642,657,639,970,921,687
"ENSG00000237646.1",19,15,19,13,16,26
"ENSG00000224790.1",12,4,13,11,6,21
"ENSG00000185808.9",269,219,239,278,285,121
"ENSG00000182670.9",5536,4573,5764,6695,5682,4331
"ENSG00000270116.1",46,56,40,48,37,26
"ENSG00000228677.1",17,13,22,20,10,8
"ENSG00000230366.5",7,17,17,13,18,10
"ENSG00000242553.1",15,24,25,17,39,30
"ENSG00000157538.9",1637,1377,1380,1712,1401,819
"ENSG00000272948.1",27,23,28,32,27,15
"ENSG00000157540.15",3881,3343,2975,3953,3348,2602
"ENSG00000157542.8",16,21,15,28,48,32
"ENSG00000184029.5",389,288,357,379,358,334
"ENSG00000223608.1",20,13,22,29,34,14
"ENSG00000198054.7",529,495,382,412,325,93
"ENSG00000157551.13",15,8,19,13,19,13
"ENSG00000270835.1",18,14,21,20,16,11
"ENSG00000233316.3",24,20,28,32,30,38
"ENSG00000157554.14",32,23,13,35,41,24
"ENSG00000157557.7",423,337,279,384,297,192
"ENSG00000235701.1",14,15,15,17,31,29
"ENSG00000183527.7",949,809,790,1063,915,427
"ENSG00000185658.9",4868,4259,4067,4359,3630,3153
"ENSG00000232608.1",28,29,15,19,22,9
"ENSG00000237373.1",12,11,11,15,9,3
"ENSG00000229623.1",60,42,28,19,24,22
"ENSG00000255568.2",48,39,47,58,30,33
"ENSG00000238141.2",1,5,4,11,12,7
"ENSG00000205581.6",7306,6684,5776,7321,6105,3602
"ENSG00000182093.10",693,586,496,710,460,193
"ENSG00000157578.9",58,65,47,54,76,48
"ENSG00000185437.9",52,44,120,178,90,50
"ENSG00000183778.13",12,14,4,12,17,9
"ENSG00000183067.5",9,5,3,10,14,6
"ENSG00000171587.10",26,28,20,58,58,24
"ENSG00000182240.11",14,11,9,15,36,8
"ENSG00000183844.12",17,7,9,8,17,14
"ENSG00000183486.8",12,6,25,64,107,87
"ENSG00000157601.9",16,16,13,31,18,21
"ENSG00000184012.7",4,7,11,24,23,4
"ENSG00000183421.7",17,13,4,25,23,16
"ENSG00000141956.9",697,555,700,880,750,643
"ENSG00000227698.1",17,21,13,15,14,3
"ENSG00000157617.12",1098,947,704,889,766,603
"ENSG00000173276.9",586,515,528,692,613,435
"ENSG00000237232.3",54,38,19,28,29,22
"ENSG00000177398.14",20,26,19,56,54,19
"ENSG00000160179.14",26,11,5,17,23,15
"ENSG00000160183.9",9,21,10,13,11,10
"ENSG00000160185.9",176,147,87,80,224,156
"ENSG00000160188.5",4,4,12,17,28,16
"ENSG00000160190.9",55,44,96,164,219,125
"ENSG00000160191.13",19,11,8,17,21,12
"ENSG00000225218.1",26,14,23,23,21,32
"ENSG00000160193.7",1050,889,1078,1259,1016,859
"ENSG00000160194.13",1352,1243,1384,1688,1584,1270
"ENSG00000233056.1",52,44,33,29,36,34
"ENSG00000160199.10",351,311,419,396,367,305
"ENSG00000160200.13",6712,5632,7577,9791,7915,5898
"ENSG00000160201.7",2666,2401,2155,2385,2032,1691
"ENSG00000232777.1",10,6,12,21,12,11
"ENSG00000142178.7",143,115,131,171,161,127
"ENSG00000160207.4",20,25,28,30,43,28
"ENSG00000234289.4",12,15,11,8,19,5
"ENSG00000160208.11",2177,1771,1568,2098,1552,1101
"ENSG00000160209.14",5408,4872,4704,6146,5262,3583
"ENSG00000160213.5",2109,1795,1140,1634,1334,548
"ENSG00000160214.8",1837,1579,1504,1920,1611,1310
"ENSG00000215458.4",391,323,189,274,278,289
"ENSG00000160216.14",3565,3103,2572,3499,2894,1985
"ENSG00000199598.1",7,7,15,8,8,17
"ENSG00000160218.8",1837,1565,1339,1656,1526,1195
"ENSG00000213440.2",39,28,20,21,29,28
"ENSG00000241945.3",1818,1501,1629,2039,1595,1109
"ENSG00000160221.12",2527,2250,2773,3537,3003,1698
"ENSG00000225331.1",29,29,32,40,38,47
"ENSG00000267913.1",15,8,15,16,12,11
"ENSG00000160223.12",144,120,52,119,103,46
"ENSG00000142182.4",11,6,8,15,18,10
"ENSG00000160224.12",8,10,5,15,15,10
"ENSG00000141959.12",8411,7659,5988,7847,6840,4441
"ENSG00000160226.11",281,244,137,177,208,180
"ENSG00000184441.4",78,69,42,66,57,35
"ENSG00000142185.12",56,33,484,673,439,286
"ENSG00000230061.1",0,1,116,141,97,125
"ENSG00000160233.6",3,5,13,25,17,12
"ENSG00000228709.1",2,3,218,210,166,139
"ENSG00000175894.10",10,16,85,133,104,141
"ENSG00000235890.1",3,3,32,42,60,80
"ENSG00000182912.6",15,24,281,362,423,248
"ENSG00000215455.4",11,9,8,34,17,7
"ENSG00000205445.3",9,6,8,20,15,13
"ENSG00000212935.1",9,9,14,15,16,2
"ENSG00000215454.4",9,12,5,11,18,10
"ENSG00000241123.1",14,6,4,25,21,3
"ENSG00000188155.8",23,17,14,37,32,15
"ENSG00000187766.1",13,2,4,13,8,9
"ENSG00000221837.4",12,8,8,29,22,9
"ENSG00000243489.2",10,11,6,22,17,17
"ENSG00000189169.6",7,13,4,22,26,4
"ENSG00000184787.14",2641,2371,2436,2598,2531,1991
"ENSG00000236519.1",21,19,19,13,20,8
"ENSG00000184900.11",2599,2574,1865,2394,2121,847
"ENSG00000183255.7",3571,3368,2576,3666,3180,1808
"ENSG00000160255.12",24,35,68,67,107,63
"ENSG00000227039.2",3,5,3,14,20,18
"ENSG00000183250.7",28,26,22,41,51,52
"ENSG00000160256.8",603,521,448,567,556,478
"ENSG00000235374.1",68,52,34,30,39,27
"ENSG00000268856.1",11,11,11,4,7,8
"ENSG00000197381.11",573,531,478,543,502,495
"ENSG00000268805.1",42,22,31,30,19,8
"ENSG00000267857.1",45,35,37,36,26,47
"ENSG00000186866.12",1737,1389,1360,1858,1573,1060
"ENSG00000215447.3",161,113,190,230,231,180
"ENSG00000223768.1",79,58,93,116,116,98
"ENSG00000184274.3",11,5,3,4,7,10
"ENSG00000182871.10",11911,10249,3470,4681,3955,3757
"ENSG00000224574.1",164,98,32,25,16,44
"ENSG00000183535.5",276,204,69,52,75,111
"ENSG00000173638.14",1766,1495,958,1228,1064,957
"ENSG00000233922.1",83,74,222,242,283,177
"ENSG00000183570.12",19,16,16,46,38,18
"ENSG00000142156.10",28,29,58,104,203,159
"ENSG00000228235.1",0,0,18,21,49,50
"ENSG00000142173.10",55,42,89,118,164,167
"ENSG00000160282.9",122,75,97,113,134,198
"ENSG00000237338.1",15,7,7,5,6,13
"ENSG00000160284.10",1526,1343,1674,2061,1134,963
"ENSG00000160285.10",6833,5671,4188,4710,3683,3498
"ENSG00000235878.4",94,85,83,56,37,62
"ENSG00000223901.1",133,91,64,49,45,45
"ENSG00000215424.5",707,546,615,710,581,587
"ENSG00000160294.6",5390,4556,4300,5076,4690,4143
"ENSG00000228137.1",59,40,39,52,40,50
"ENSG00000239415.1",154,139,191,207,150,150
"ENSG00000182362.9",138,113,116,145,104,101
"ENSG00000160298.13",1620,1343,1019,1156,1364,1509
"ENSG00000160299.12",6092,5256,4896,5398,5590,6258
"ENSG00000225043.1",20,36,27,17,23,27
"ENSG00000160305.13",3977,3462,3661,4296,3704,3684
"ENSG00000223692.1",40,21,17,24,24,31
"ENSG00000272283.1",38,29,26,26,35,17
"ENSG00000160310.12",1194,1034,1099,1460,1425,939
"ENSG00000230982.1",19,19,35,21,13,35
"ENSG00000215270.3",23,10,21,42,26,38
"ENSG00000206195.6",64,42,124,161,201,153
"ENSG00000272872.1",20,22,24,16,26,22
"ENSG00000232775.2",2,7,13,16,9,15
"ENSG00000198062.10",21,20,22,58,51,20
"ENSG00000227367.1",5,10,2,14,9,6
"ENSG00000198445.3",11,11,7,14,15,3
"ENSG00000100181.17",6701,5675,6505,7945,7559,7360
"ENSG00000267338.1",116,53,93,132,120,121
"ENSG00000249288.1",99,95,161,154,168,172
"ENSG00000249263.2",13,23,23,23,28,20
"ENSG00000189295.9",14,11,37,34,31,56
"ENSG00000172967.7",107,122,132,157,145,126
"ENSG00000215568.3",9,8,10,38,61,34
"ENSG00000237438.2",494,350,431,531,640,604
"ENSG00000273203.1",72,53,86,118,105,139
"ENSG00000273442.1",8,9,25,20,9,29
"ENSG00000177663.9",501,429,371,560,471,333
"ENSG00000183307.3",5,6,8,14,25,12
"ENSG00000069998.8",554,444,389,539,477,190
"ENSG00000093072.11",7,18,4,25,24,9
"ENSG00000099954.14",547,534,20,46,84,22
"ENSG00000229492.1",21,16,0,1,0,0
"ENSG00000182902.9",34,33,17,40,36,27
"ENSG00000131100.8",1921,1798,1511,1916,1648,673
"ENSG00000099968.13",3118,2598,2321,3044,2889,1759
"ENSG00000251737.1",23,8,11,9,11,1
"ENSG00000015475.14",990,890,828,1050,951,545
"ENSG00000269220.1",28,19,50,66,48,40
"ENSG00000243156.3",2507,2232,2403,2937,2048,1903
"ENSG00000093100.13",9,10,5,13,11,5
"ENSG00000235445.1",13,14,13,16,11,21
"ENSG00000225335.2",30,20,32,27,42,23
"ENSG00000215193.8",1199,1083,1068,1277,1284,1102
"ENSG00000236890.2",4,15,5,10,6,14
"ENSG00000183785.10",4,0,5,11,12,18
"ENSG00000184979.9",17,7,35,40,69,39
"ENSG00000197421.5",16,16,17,34,29,11
"ENSG00000183628.8",190,169,98,153,197,133
"ENSG00000100033.12",15,16,8,16,20,9
"ENSG00000237517.4",10,14,3,14,16,15
"ENSG00000241527.1",13,6,8,8,9,17
"ENSG00000070413.14",3979,3575,4294,6297,6179,3349
"ENSG00000206739.1",11,10,32,22,24,15
"ENSG00000273311.1",193,176,175,189,188,159
"ENSG00000237347.2",17,20,14,30,30,25
"ENSG00000223461.1",302,233,192,228,190,155
"ENSG00000100056.7",1140,1001,971,1173,1191,810
"ENSG00000260924.2",359,301,325,371,435,259
"ENSG00000100075.5",9025,8326,8234,11099,8996,4093
"ENSG00000070371.11",1388,1304,1010,1255,1577,1171
"ENSG00000233471.2",13,21,13,4,17,15
"ENSG00000100084.10",603,600,665,841,794,455
"ENSG00000242259.4",2368,2162,2234,2756,2073,1116
"ENSG00000244296.2",18,15,23,25,34,16
"ENSG00000185608.4",1433,1223,1338,1502,1353,724
"ENSG00000185065.6",74,67,68,62,60,79
"ENSG00000070010.14",3605,3451,3368,3966,3994,2700
"ENSG00000273212.1",15,16,10,17,15,9
"ENSG00000093009.5",3868,3396,3944,4856,4865,2456
"ENSG00000184113.8",63,65,47,70,67,65
"ENSG00000184702.13",2969,2671,2905,3917,5483,3471
"ENSG00000184058.8",1110,943,134,233,95,112
"ENSG00000185838.9",720,600,884,1200,860,570
"ENSG00000235776.2",31,22,23,17,30,14
"ENSG00000215012.4",3597,3168,3589,4273,3343,2335
"ENSG00000184470.15",2093,1838,1956,2406,2090,1649
"ENSG00000232926.1",103,79,98,91,87,97
"ENSG00000093010.7",3737,3219,4379,6109,5123,3276
"ENSG00000265087.1",9,12,10,23,22,11
"ENSG00000099889.9",3998,3470,2415,2794,2533,2235
"ENSG00000183597.11",1630,1432,1425,1690,1859,1331
"ENSG00000236540.3",173,170,218,277,256,264
"ENSG00000128191.9",3976,3368,3601,3960,4233,4835
"ENSG00000099899.10",3041,2722,3408,4061,3800,3112
"ENSG00000099901.12",8001,6902,8108,9913,9737,5284
"ENSG00000099904.11",2060,1784,2292,2813,2465,2518
"ENSG00000234409.4",15,20,28,26,37,48
"ENSG00000236499.2",52,56,100,144,115,115
"ENSG00000040608.9",108,100,106,178,148,91
"ENSG00000161132.6",15,16,10,24,18,17
"ENSG00000128185.5",1486,1262,1232,1604,1514,761
"ENSG00000273343.1",58,60,45,43,30,12
"ENSG00000273139.1",54,61,66,53,78,63
"ENSG00000206176.5",42,43,11,40,15,15
"ENSG00000215513.7",1999,1697,1171,1433,1254,1172
"ENSG00000196622.6",134,117,66,138,145,68
"ENSG00000188280.7",37,38,19,88,68,27
"ENSG00000161133.12",9,13,4,18,25,14
"ENSG00000185252.13",2165,1886,2021,2372,1975,1435
"ENSG00000244486.3",33,29,78,89,117,104
"ENSG00000099910.12",848,774,1021,1091,1558,1414
"ENSG00000215493.3",59,45,60,64,105,113
"ENSG00000255156.1",6,10,12,4,18,6
"ENSG00000201916.1",8,12,21,13,21,21
"ENSG00000242876.2",42,34,34,44,54,32
"ENSG00000236670.1",79,66,91,110,134,193
"ENSG00000099917.13",7919,7014,7935,9739,9264,7945
"ENSG00000236003.1",54,48,87,73,95,78
"ENSG00000250261.1",30,21,26,44,80,102
"ENSG00000223553.1",76,68,1181,1271,2678,3277
"ENSG00000238125.1",32,29,608,650,1441,1653
"ENSG00000229107.2",15,3,34,55,167,137
"ENSG00000226287.3",62,54,46,84,68,35
"ENSG00000241973.6",8641,7386,9866,12228,11775,9379
"ENSG00000234252.1",120,69,114,124,140,175
"ENSG00000099937.6",94,84,118,123,93,152
"ENSG00000099940.7",1509,1483,1716,2004,2082,1221
"ENSG00000099942.8",23057,20850,24523,31605,26676,15483
"ENSG00000183773.11",35,30,28,36,47,37
"ENSG00000099949.14",3513,3079,4170,5238,4428,3800
"ENSG00000272829.1",32,27,16,42,34,16
"ENSG00000184436.7",1511,1332,1528,2140,2076,1430
"ENSG00000230513.1",91,76,79,92,149,112
"ENSG00000161149.7",201,182,221,222,288,335
"ENSG00000269103.1",12,13,13,20,15,16
"ENSG00000099957.12",160,122,124,114,169,142
"ENSG00000099960.8",22,27,15,25,41,26
"ENSG00000187905.6",13,17,3,3,4,17
"ENSG00000196934.3",20,19,10,19,26,12
"ENSG00000169635.5",10671,9555,9138,11596,10669,7716
"ENSG00000206140.5",134,96,73,79,99,62
"ENSG00000183506.12",5150,4385,3477,3909,3394,3862
"ENSG00000185651.10",6107,5340,5761,7312,6621,3428
"ENSG00000161179.9",6798,5788,6855,8810,7052,4513
"ENSG00000161180.6",232,226,301,389,202,169
"ENSG00000273342.1",9,18,17,27,14,8
"ENSG00000128228.4",2493,2256,1717,2596,1707,673
"ENSG00000100023.13",5525,4583,4961,6153,5895,4846
"ENSG00000212102.1",7,9,11,8,10,1
"ENSG00000272954.1",19,15,20,33,24,20
"ENSG00000100027.10",131,121,106,125,93,115
"ENSG00000100030.10",9382,9670,10356,11912,12697,6596
"ENSG00000200985.1",36,34,40,30,50,35
"ENSG00000100034.9",5369,4719,6286,7931,7154,5512
"ENSG00000224086.3",228,165,187,241,225,226
"ENSG00000100038.15",4842,4134,5002,6102,5497,5074
"ENSG00000182502.2",1,10,9,7,11,3
"ENSG00000272216.1",42,44,61,81,40,74
"ENSG00000234630.1",115,99,113,208,124,95
"ENSG00000236850.4",31,18,16,34,21,19
"ENSG00000272779.1",82,76,75,136,72,26
"ENSG00000198477.3",1370,1222,1394,1717,1565,1194
"ENSG00000169548.3",307,346,417,441,464,283
"ENSG00000185686.13",28093,25284,34527,44270,39329,22887
"ENSG00000220891.1",10,10,14,13,24,28
"ENSG00000100121.8",11,18,0,6,12,3
"ENSG00000100218.7",9,7,5,19,17,14
"ENSG00000128266.7",12,18,22,43,51,44
"ENSG00000100228.8",30,40,56,83,82,117
"ENSG00000186716.15",10863,9782,12107,14961,11969,10489
"ENSG00000236794.4",26,16,29,33,33,53
"ENSG00000240160.2",58,47,46,44,37,57
"ENSG00000230701.1",314,216,201,247,244,263
"ENSG00000133519.8",378,358,308,346,342,383
"ENSG00000248409.1",35,30,11,28,40,45
"ENSG00000234928.1",37,31,19,24,19,18
"ENSG00000227755.1",24,17,2,2,1,1
"ENSG00000178248.10",12,14,1,7,4,1
"ENSG00000189269.8",8,5,6,12,13,5
"ENSG00000228315.7",11,2,8,12,2,2
"ENSG00000244723.3",11,10,26,20,11,20
"ENSG00000272578.1",60,57,61,65,55,69
"ENSG00000159496.10",90,53,73,91,75,73
"ENSG00000270041.1",10,9,16,23,13,19
"ENSG00000187792.3",267,178,292,315,406,436
"ENSG00000169314.10",53,50,48,55,69,34
"ENSG00000250479.4",542,537,381,569,484,279
"ENSG00000099953.5",47,41,37,43,47,26
"ENSG00000099956.13",1088,1016,925,1227,1056,480
"ENSG00000099958.10",341,248,242,325,235,201
"ENSG00000133460.15",111,98,51,82,76,50
"ENSG00000240972.1",17,24,17,21,37,26
"ENSG00000218537.1",64,47,61,63,73,66
"ENSG00000273295.1",113,106,131,171,158,173
"ENSG00000225282.1",38,41,53,46,48,73
"ENSG00000099974.7",38,35,35,27,33,32
"ENSG00000272787.1",18,27,23,35,39,37
"ENSG00000099977.9",404,347,327,352,276,161
"ENSG00000235231.3",54,58,65,84,66,99
"ENSG00000272955.1",12,12,16,5,16,35
"ENSG00000184674.8",351,321,304,380,320,204
"ENSG00000099991.12",5783,4845,3933,5021,3596,2905
"ENSG00000232545.1",192,138,70,105,51,43
"ENSG00000099994.10",15,21,10,34,38,9
"ENSG00000099998.13",20,11,15,28,17,9
"ENSG00000230712.2",8,4,2,11,14,8
"ENSG00000100014.15",367,264,262,372,278,183
"ENSG00000128271.15",8,5,10,8,5,15
"ENSG00000178803.6",11,5,7,4,10,10
"ENSG00000100024.10",12,16,7,15,15,9
"ENSG00000138867.12",1132,938,757,1046,929,564
"ENSG00000100028.7",1426,1264,1129,1447,1196,545
"ENSG00000100031.14",401,343,121,187,185,109
"ENSG00000178026.8",87,91,50,50,37,36
"ENSG00000215481.4",88,72,38,49,28,23
"ENSG00000224124.2",44,57,22,23,16,5
"ENSG00000240906.2",28,10,8,17,3,8
"ENSG00000184571.9",9,9,10,15,11,10
"ENSG00000167037.14",33,24,17,56,40,16
"ENSG00000197077.8",6,9,2,20,15,10
"ENSG00000231466.2",20,10,21,15,24,28
"ENSG00000100068.7",323,276,285,334,267,333
"ENSG00000272942.1",11,2,11,4,4,7
"ENSG00000271138.1",10,4,9,12,10,13
"ENSG00000100058.8",312,273,365,428,326,380
"ENSG00000272977.1",139,117,108,107,126,112
"ENSG00000100077.10",255,185,494,536,440,288
"ENSG00000224003.1",11,7,22,12,19,28
"ENSG00000133454.11",1523,1242,2026,2317,2304,2863
"ENSG00000231933.3",39,25,44,49,58,31
"ENSG00000232464.1",7,1,9,14,18,6
"ENSG00000100095.14",17,20,11,23,26,6
"ENSG00000128203.6",25,33,12,39,29,14
"ENSG00000100099.16",1454,1274,1429,1818,1069,803
"ENSG00000100104.8",193,183,304,365,290,187
"ENSG00000100109.12",530,467,456,628,504,325
"ENSG00000261188.1",45,37,44,83,51,28
"ENSG00000260065.1",183,180,175,282,224,157
"ENSG00000128294.11",2794,2344,2043,2984,2467,1187
"ENSG00000221760.1",12,9,11,12,13,15
"ENSG00000213707.2",53,40,54,37,41,37
"ENSG00000100122.5",7,5,8,24,11,4
"ENSG00000196431.3",18,34,48,70,88,43
"ENSG00000226912.1",14,8,13,12,5,10
"ENSG00000225783.2",82,50,74,96,104,128
"ENSG00000244625.1",94,70,85,85,89,95
"ENSG00000223704.1",0,2,16,13,22,13
"ENSG00000231369.1",6,5,12,10,5,1
"ENSG00000227838.1",0,1,7,9,18,18
"ENSG00000169184.5",19,14,16,61,55,15
"ENSG00000180957.13",335,296,398,399,341,308
"ENSG00000235954.2",302,257,359,398,320,185
"ENSG00000100154.10",1245,1019,924,1130,828,780
"ENSG00000183765.16",686,693,750,918,511,316
"ENSG00000100209.5",57,59,57,72,69,31
"ENSG00000159873.5",597,572,494,704,471,265
"ENSG00000100219.12",1882,1568,1500,1986,1616,883
"ENSG00000226471.2",88,63,67,91,73,71
"ENSG00000272858.1",14,18,14,18,11,17
"ENSG00000183579.11",225,192,242,297,270,152
"ENSG00000177993.3",8,9,9,19,17,14
"ENSG00000183762.8",777,694,631,809,629,438
"ENSG00000186998.11",308,273,593,752,542,491
"ENSG00000100263.9",561,567,533,634,517,382
"ENSG00000237015.1",14,6,20,16,19,16
"ENSG00000182944.13",4970,4241,4258,5483,4411,3212
"ENSG00000185340.11",503,454,726,921,572,372
"ENSG00000100276.9",15,13,19,34,20,24
"ENSG00000100280.12",2311,1991,2652,3328,2456,1324
"ENSG00000239127.1",6,13,14,6,6,4
"ENSG00000225465.6",24,21,24,27,26,16
"ENSG00000100285.9",264,285,206,256,215,194
"ENSG00000100296.9",1181,1024,1228,1457,1290,769
"ENSG00000184117.7",1260,1046,1198,1589,1014,477
"ENSG00000186575.13",1363,1079,1431,1745,1333,899
"ENSG00000233010.1",10,8,12,4,7,10
"ENSG00000100319.11",103,111,98,99,90,56
"ENSG00000184076.10",656,631,580,641,637,178
"ENSG00000100325.10",709,654,756,834,759,710
"ENSG00000100330.11",1345,1262,1282,1399,1212,892
"ENSG00000099985.3",31,21,2,6,4,8
"ENSG00000239282.3",22,19,7,11,5,6
"ENSG00000099992.11",186,179,149,222,193,103
"ENSG00000099995.14",1982,1666,1651,2135,1786,1357
"ENSG00000187860.6",46,46,48,56,47,50
"ENSG00000241528.1",12,4,11,14,19,20
"ENSG00000099999.10",315,241,185,210,222,246
"ENSG00000100003.13",282,262,216,216,293,244
"ENSG00000268538.1",20,14,17,14,26,28
"ENSG00000273350.1",16,28,14,10,36,44
"ENSG00000242114.1",142,140,106,135,140,37
"ENSG00000100012.7",17,10,11,33,25,18
"ENSG00000133488.10",10,6,11,14,22,13
"ENSG00000214491.4",30,20,4,9,15,14
"ENSG00000128242.8",11,8,11,28,24,6
"ENSG00000100029.13",1327,1164,1092,1551,1288,793
"ENSG00000185339.4",120,106,30,52,54,25
"ENSG00000100036.11",97,62,42,43,75,43
"ENSG00000167065.9",32,26,33,52,51,36
"ENSG00000250318.1",5,9,2,15,6,11
"ENSG00000184792.11",1434,1219,704,926,611,436
"ENSG00000237977.1",20,23,16,10,17,17
"ENSG00000235989.3",11,3,14,21,7,6
"ENSG00000133422.8",974,771,1281,1644,1269,1032
"ENSG00000253352.4",1788,1547,1508,1912,1504,1243
"ENSG00000183963.14",710,595,561,726,542,588
"ENSG00000273387.1",29,26,14,19,21,15
"ENSG00000198832.6",172,121,169,200,222,88
"ENSG00000185133.9",90,70,90,168,109,56
"ENSG00000100078.3",58,85,52,59,36,42
"ENSG00000138942.11",324,335,320,426,308,193
"ENSG00000182541.13",487,399,401,514,438,319
"ENSG00000100100.8",161,144,127,169,85,64
"ENSG00000100105.13",281,194,176,305,228,116
"ENSG00000213888.2",19,15,12,15,21,12
"ENSG00000185721.7",931,808,905,1043,992,390
"ENSG00000184708.13",430,443,486,542,495,409
"ENSG00000198089.10",1092,895,984,1086,1016,958
"ENSG00000214093.3",25,17,11,11,11,18
"ENSG00000241878.5",2299,1935,1369,1794,1050,649
"ENSG00000183530.9",1749,1537,2054,2395,2040,1755
"ENSG00000100150.12",415,374,421,522,527,457
"ENSG00000128254.9",43,17,19,31,14,18
"ENSG00000128245.10",3123,2943,2041,2648,2273,1049
"ENSG00000232346.1",16,9,13,11,7,9
"ENSG00000100170.5",13,14,11,27,15,8
"ENSG00000205856.3",13,5,2,11,9,2
"ENSG00000128253.9",9,14,7,34,20,9
"ENSG00000100191.4",7,7,8,16,13,12
"ENSG00000128276.6",3,2,3,7,15,13
"ENSG00000205853.6",8,8,14,15,8,5
"ENSG00000230736.2",10,5,10,8,12,2
"ENSG00000100220.7",1210,1201,1018,1404,1082,406
"ENSG00000184459.4",4,8,2,16,25,7
"ENSG00000100225.13",2112,1880,1889,2513,2164,1059
"ENSG00000185666.10",14,7,19,36,16,6
"ENSG00000100234.11",62,62,169,307,410,234
"ENSG00000133424.16",23,10,13,30,44,23
"ENSG00000227895.4",29,31,65,44,81,87
"ENSG00000175329.8",58,52,46,67,41,47
"ENSG00000233080.2",107,114,153,153,151,114
"ENSG00000238153.1",22,15,21,27,17,32
"ENSG00000100281.9",741,639,714,771,620,560
"ENSG00000100284.16",675,617,547,662,567,392
"ENSG00000100292.12",15,13,6,25,16,3
"ENSG00000100297.11",6628,5762,3242,3988,3391,1889
"ENSG00000100302.6",5,1,2,14,11,5
"ENSG00000221963.5",35,23,126,135,95,62
"ENSG00000128313.2",14,10,6,8,13,4
"ENSG00000100320.18",1000,922,799,994,871,619
"ENSG00000237406.1",26,28,16,23,18,25
"ENSG00000128284.15",25,21,26,49,33,21
"ENSG00000100336.13",355,314,90,146,18,10
"ENSG00000128335.9",228,202,188,234,232,196
"ENSG00000100342.16",388,342,69,112,45,25
"ENSG00000100345.16",6728,6145,9385,11583,9722,7903
"ENSG00000100348.5",1426,1311,1454,1874,1842,604
"ENSG00000100350.10",655,491,678,834,764,511
"ENSG00000100353.13",4006,3543,3372,4465,3503,1500
"ENSG00000166862.6",10,1,0,12,8,2
"ENSG00000100360.10",18,9,14,11,35,23
"ENSG00000100365.10",12,7,62,51,60,52
"ENSG00000100368.9",31,18,77,141,194,173
"ENSG00000185264.7",7,7,2,11,10,2
"ENSG00000128311.9",255,240,151,241,231,101
"ENSG00000128309.12",1307,1257,1015,1266,1014,411
"ENSG00000100379.13",7,4,14,20,58,34
"ENSG00000187045.12",17,12,7,39,24,14
"ENSG00000100385.9",21,15,23,31,45,24
"ENSG00000133466.9",102,85,66,73,88,58
"ENSG00000183473.5",16,13,9,23,41,9
"ENSG00000128340.10",1925,1632,1446,1878,1479,958
"ENSG00000100055.16",48,42,46,99,134,102
"ENSG00000166897.10",13,15,8,45,17,7
"ENSG00000100060.13",7,1,10,14,19,5
"ENSG00000100065.10",299,246,148,243,201,141
"ENSG00000128283.6",1080,968,587,719,876,704
"ENSG00000100079.5",25,11,13,23,15,11
"ENSG00000100083.14",1902,1575,1563,1852,1655,1496
"ENSG00000100092.16",366,376,380,511,479,315
"ENSG00000233360.4",8,13,13,19,16,12
"ENSG00000241360.1",232,236,246,269,239,173
"ENSG00000100097.7",2190,2020,2797,3932,3709,1294
"ENSG00000100101.13",265,220,190,228,235,173
"ENSG00000100106.15",138,171,136,174,174,146
"ENSG00000100116.12",952,869,823,982,729,415
"ENSG00000128310.2",19,24,14,21,42,17
"ENSG00000100124.8",464,460,377,509,488,349
"ENSG00000100129.13",4198,4048,3738,5134,3713,1692
"ENSG00000100139.9",443,481,574,796,866,651
"ENSG00000128346.6",44,41,62,79,79,63
"ENSG00000100142.10",490,454,385,526,509,196
"ENSG00000100146.12",23,16,15,22,22,15
"ENSG00000100151.11",361,279,297,339,302,249
"ENSG00000100156.6",12,18,15,18,18,20
"ENSG00000128298.12",17,16,24,37,59,82
"ENSG00000184381.14",690,541,1377,1712,3229,3375
"ENSG00000185022.7",382,336,334,453,559,368
"ENSG00000198792.8",477,425,435,621,445,347
"ENSG00000213923.6",1886,1886,1842,2058,1723,1497
"ENSG00000244627.1",256,202,195,217,152,190
"ENSG00000229955.1",24,19,11,11,29,12
"ENSG00000168135.4",23,16,3,27,16,8
"ENSG00000100196.6",374,318,334,446,487,222
"ENSG00000100201.14",13118,11801,9533,11674,9799,7241
"ENSG00000100206.5",104,90,112,160,104,100
"ENSG00000184949.11",81,66,75,86,60,69
"ENSG00000100211.6",137,119,129,161,139,92
"ENSG00000230912.1",16,9,8,13,11,7
"ENSG00000228274.3",84,56,69,74,64,57
"ENSG00000100216.4",589,528,472,577,550,145
"ENSG00000100221.6",637,555,721,866,857,557
"ENSG00000100226.11",2363,2064,1773,2343,2225,1424
"ENSG00000229598.1",57,54,34,43,45,27
"ENSG00000100242.11",1785,1560,1572,2123,1773,1326
"ENSG00000230149.2",13,10,2,6,13,11
"ENSG00000273096.1",15,6,9,3,12,4
"ENSG00000272669.1",27,16,24,12,26,35
"ENSG00000273076.1",8,2,3,10,4,12
"ENSG00000100246.8",115,99,104,165,89,49
"ENSG00000221890.2",245,253,135,218,75,45
"ENSG00000183741.7",725,646,720,931,796,533
"ENSG00000179750.11",236,204,473,633,735,328
"ENSG00000244509.3",2320,2212,2241,2905,2235,1179
"ENSG00000243811.3",273,233,329,364,351,252
"ENSG00000128394.12",125,93,182,220,165,106
"ENSG00000239713.3",115,111,293,397,212,139
"ENSG00000100307.8",324,330,249,303,296,261
"ENSG00000100311.12",161,123,212,293,294,221
"ENSG00000224794.1",10,1,3,1,10,5
"ENSG00000100316.11",56715,50883,42385,51779,40114,17244
"ENSG00000209482.1",20,24,21,28,17,7
"ENSG00000100321.10",630,530,648,858,529,363
"ENSG00000100324.9",893,839,868,1056,869,588
"ENSG00000128268.11",2993,2842,2875,3748,2503,1629
"ENSG00000227188.1",45,38,46,63,44,41
"ENSG00000100335.8",1204,1185,1417,1886,1741,947
"ENSG00000128272.10",6065,5699,5452,7438,5591,3586
"ENSG00000187051.4",940,829,903,1094,874,605
"ENSG00000100346.13",865,659,465,561,439,477
"ENSG00000176177.9",24,26,10,27,32,18
"ENSG00000226085.2",50,50,41,59,49,23
"ENSG00000100351.12",1303,1090,1471,1865,1740,1363
"ENSG00000225528.1",153,120,195,250,246,300
"ENSG00000133477.12",17,13,11,25,62,32
"ENSG00000100354.16",2771,2621,2985,3548,3029,2700
"ENSG00000228599.1",10,9,6,9,5,10
"ENSG00000239900.7",1150,1090,1046,1303,1119,392
"ENSG00000100359.16",2048,1707,1504,1856,1557,1164
"ENSG00000229999.2",24,15,13,12,16,8
"ENSG00000196588.10",816,620,801,954,669,546
"ENSG00000232564.1",58,45,71,35,38,34
"ENSG00000230071.2",53,38,20,20,31,29
"ENSG00000128285.4",16,10,8,16,19,7
"ENSG00000100372.10",778,706,675,716,684,396
"ENSG00000230769.1",32,37,34,20,34,23
"ENSG00000233603.1",12,16,16,5,5,9
"ENSG00000100380.8",5595,4730,3781,5059,4056,2189
"ENSG00000196236.8",649,612,614,709,567,409
"ENSG00000100387.8",245,239,204,260,235,71
"ENSG00000237214.2",9,15,4,21,10,4
"ENSG00000100393.9",2701,2511,2453,3195,2811,2566
"ENSG00000231993.1",11,10,0,10,9,2
"ENSG00000100395.10",378,347,330,363,334,223
"ENSG00000235513.1",16,15,24,17,30,36
"ENSG00000100399.11",22,14,17,29,20,11
"ENSG00000100401.15",3099,2689,2474,3154,2362,1490
"ENSG00000100403.10",3841,3440,2677,3279,2653,2172
"ENSG00000167074.10",63,76,46,51,59,34
"ENSG00000183864.4",737,606,748,1002,852,548
"ENSG00000100410.3",380,350,356,385,336,157
"ENSG00000100412.11",2206,1938,1779,2408,2272,1189
"ENSG00000100413.12",521,440,460,544,534,399
"ENSG00000172346.10",18,10,47,64,35,21
"ENSG00000100417.7",415,368,410,512,336,176
"ENSG00000100418.7",923,900,981,1266,1001,721
"ENSG00000196419.8",5115,4900,4879,5955,4708,1975
"ENSG00000100138.9",1789,1604,1474,1813,1501,651
"ENSG00000184208.10",133,157,203,247,255,255
"ENSG00000167077.8",32,27,23,39,42,32
"ENSG00000100147.9",285,242,234,334,209,170
"ENSG00000184068.2",430,319,223,187,231,298
"ENSG00000198911.7",10101,8903,7576,9836,8310,5797
"ENSG00000234965.1",49,31,20,16,14,12
"ENSG00000260655.1",21,14,14,22,30,17
"ENSG00000263463.1",5,8,4,3,10,10
"ENSG00000159958.3",63,55,69,74,61,61
"ENSG00000100162.10",445,362,331,356,364,207
"ENSG00000205704.5",7,15,9,20,15,6
"ENSG00000100167.15",25,6,10,21,36,14
"ENSG00000183066.10",17,5,5,18,7,10
"ENSG00000198951.7",574,511,561,800,726,273
"ENSG00000177096.4",20,21,13,15,23,14
"ENSG00000183172.8",253,277,203,253,255,92
"ENSG00000184983.5",773,698,589,773,765,303
"ENSG00000270083.1",19,26,23,41,26,20
"ENSG00000237037.5",65,50,72,111,75,82
"ENSG00000213790.2",15,13,13,13,15,12
"ENSG00000100197.16",51,46,21,69,76,71
"ENSG00000232710.1",12,3,4,3,11,6
"ENSG00000205702.6",47,26,36,39,39,39
"ENSG00000226450.2",36,34,23,32,22,39
"ENSG00000100207.14",2248,1897,1868,2135,1715,1460
"ENSG00000182057.4",42,32,38,39,32,40
"ENSG00000233903.2",15,4,12,8,4,7
"ENSG00000235568.2",7,1,7,6,14,10
"ENSG00000172250.10",36,30,35,49,27,18
"ENSG00000189306.6",578,554,563,761,657,471
"ENSG00000183569.13",239,253,231,256,214,173
"ENSG00000182841.8",400,315,322,360,345,343
"ENSG00000202058.1",466,608,614,699,1148,310
"ENSG00000100227.13",2259,1946,1553,2121,1571,705
"ENSG00000270022.2",46,56,47,77,58,28
"ENSG00000100243.16",1244,1118,1185,1429,1246,943
"ENSG00000234009.1",23,23,9,14,12,8
"ENSG00000242247.6",628,576,557,814,690,296
"ENSG00000100266.13",1267,1037,1284,1736,1592,1055
"ENSG00000100271.12",33,25,18,35,35,17
"ENSG00000100290.2",11,7,16,22,11,14
"ENSG00000100294.8",233,229,253,330,262,117
"ENSG00000100300.13",1029,962,812,1115,776,297
"ENSG00000100304.12",3578,3254,2816,3864,3005,1662
"ENSG00000159307.14",12,13,12,37,47,26
"ENSG00000186732.9",7,12,8,28,23,5
"ENSG00000186976.10",29,20,14,61,57,21
"ENSG00000130540.9",44,35,18,55,72,57
"ENSG00000100341.7",15,1,5,9,13,1
"ENSG00000100344.6",20,19,32,36,40,33
"ENSG00000100347.10",771,723,599,835,592,334
"ENSG00000188677.10",1404,1326,927,1326,1237,616
"ENSG00000138964.12",9,13,5,15,21,9
"ENSG00000138944.7",4,1,5,11,9,10
"ENSG00000188636.3",174,161,349,523,472,256
"ENSG00000186654.16",592,523,351,435,466,383
"ENSG00000241484.5",18,12,7,10,10,2
"ENSG00000056487.11",15,15,7,16,17,9
"ENSG00000226328.2",17,21,37,39,40,31
"ENSG00000273243.1",3,5,8,4,13,10
"ENSG00000093000.14",1328,1140,1236,1422,1228,855
"ENSG00000100364.14",304,278,152,235,185,96
"ENSG00000100376.7",4083,3459,2306,2570,2477,2589
"ENSG00000077935.12",25,15,24,38,35,27
"ENSG00000077942.13",26,16,12,48,46,21
"ENSG00000130638.11",829,693,742,975,795,357
"ENSG00000188064.5",12,6,3,14,14,9
"ENSG00000273145.1",38,12,26,26,33,15
"ENSG00000197182.8",88,78,59,53,75,75
"ENSG00000186951.12",463,467,510,691,593,435
"ENSG00000205643.6",191,197,189,211,159,111
"ENSG00000130943.5",91,73,44,102,94,66
"ENSG00000075234.12",836,679,736,900,708,418
"ENSG00000075218.14",860,735,607,835,618,396
"ENSG00000100416.8",704,673,604,681,680,588
"ENSG00000075275.12",46,47,25,95,85,45
"ENSG00000075240.12",1899,1744,1533,1987,1356,1131
"ENSG00000100422.9",538,460,462,671,590,458
"ENSG00000260708.1",191,174,156,170,133,86
"ENSG00000054611.9",727,637,597,682,666,508
"ENSG00000224271.1",334,330,340,385,399,359
"ENSG00000232897.2",24,25,9,5,18,23
"ENSG00000230345.1",41,18,25,25,40,35
"ENSG00000219438.4",5,5,1,10,15,2
"ENSG00000188511.8",1276,1014,1151,1049,1231,1683
"ENSG00000212939.2",427,318,386,294,350,591
"ENSG00000213279.2",200,139,163,114,149,377
"ENSG00000235111.1",390,340,306,229,347,472
"ENSG00000100425.14",1166,937,837,1103,945,867
"ENSG00000236867.1",34,22,19,15,18,10
"ENSG00000100426.6",1276,1101,1097,1393,1135,699
"ENSG00000182858.9",250,176,171,248,190,166
"ENSG00000184164.10",301,269,223,314,236,188
"ENSG00000198355.4",2056,1992,1228,1615,1322,971
"ENSG00000188263.6",34,37,31,50,46,48
"ENSG00000138892.7",19,11,16,43,28,9
"ENSG00000100427.11",15,18,33,45,158,88
"ENSG00000073146.11",59,43,80,105,153,126
"ENSG00000073150.9",377,331,419,497,517,539
"ENSG00000170638.5",1366,1219,1152,1478,1166,1011
"ENSG00000273188.1",50,25,22,22,30,32
"ENSG00000273253.1",43,25,23,24,14,17
"ENSG00000073169.9",849,710,652,747,742,651
"ENSG00000272836.1",31,19,25,24,23,34
"ENSG00000273137.1",55,38,26,38,29,41
"ENSG00000128159.7",1617,1452,1349,1730,1638,1511
"ENSG00000100429.13",76,102,81,86,71,60
"ENSG00000188130.9",1618,1384,1176,1385,1151,1110
"ENSG00000185386.10",324,249,126,187,216,160
"ENSG00000196576.10",4653,3880,2718,3750,3813,2858
"ENSG00000205593.7",222,211,246,264,166,163
"ENSG00000100239.11",2194,1839,2135,2328,2183,2181
"ENSG00000238604.1",11,9,11,3,7,9
"ENSG00000100241.16",3724,3217,2918,3558,2906,2617
"ENSG00000128165.7",93,85,239,323,287,261
"ENSG00000100253.8",5,5,7,17,15,8
"ENSG00000100258.13",1112,925,599,812,790,571
"ENSG00000025770.14",1606,1319,1119,1375,1267,935
"ENSG00000130489.8",109,86,87,108,94,45
"ENSG00000272821.1",24,21,19,12,24,14
"ENSG00000025708.8",125,107,90,111,77,70
"ENSG00000177989.9",39,34,39,47,32,43
"ENSG00000130487.4",13,4,15,17,27,11
"ENSG00000205560.8",39,47,19,22,19,24
"ENSG00000100288.15",34,28,25,24,17,17
"ENSG00000205559.3",18,15,14,19,26,10
"ENSG00000008735.10",18,30,25,46,38,18
"ENSG00000100299.13",148,123,133,183,203,131
"ENSG00000251322.3",40,34,29,56,66,31
"ENSG00000100312.6",6,7,4,14,14,4
"ENSG00000184319.11",49,43,75,69,75,44
"ENSG00000079974.13",101,100,90,97,88,73
"ENSG00000124343.8",2,4,1,11,14,2
"ENSG00000056998.14",635,562,32,30,8,7
"ENSG00000006756.11",51,34,13,28,29,11
"ENSG00000157399.10",13,6,10,13,23,7
"ENSG00000205667.2",7,9,4,15,16,0
"ENSG00000062096.10",11,6,7,16,15,5
"ENSG00000101825.7",23,14,23,44,30,19
"ENSG00000183943.5",882,838,649,914,759,566
"ENSG00000205664.6",462,359,352,417,386,399
"ENSG00000234449.2",765,653,612,792,554,624
"ENSG00000205663.5",70,75,63,103,72,82
"ENSG00000205662.2",25,24,19,16,13,28
"ENSG00000146938.10",11,8,12,33,37,15
"ENSG00000169059.8",71,55,482,663,508,396
"ENSG00000231217.1",0,0,18,29,13,10
"ENSG00000130021.9",401,390,366,526,397,188
"ENSG00000101846.6",33,22,42,76,58,48
"ENSG00000182583.8",40,39,236,469,315,187
"ENSG00000006757.7",329,250,193,291,193,82
"ENSG00000177504.9",5,1,20,15,63,29
"ENSG00000205642.5",53,49,517,744,592,409
"ENSG00000225574.1",4,0,10,6,3,10
"ENSG00000183304.6",4,5,35,16,26,25
"ENSG00000177138.11",4,13,349,370,313,154
"ENSG00000101849.11",1982,1607,1417,1972,2017,1577
"ENSG00000101850.8",6,10,5,13,22,8
"ENSG00000146950.8",35,20,6,60,34,18
"ENSG00000047644.13",44,43,70,91,372,248
"ENSG00000073464.7",33,22,9,27,167,79
"ENSG00000101871.10",28,17,90,119,84,35
"ENSG00000234129.3",104,70,79,78,90,102
"ENSG00000004961.10",182,168,223,253,275,225
"ENSG00000047648.17",1755,1485,2300,2951,3043,2196
"ENSG00000125363.10",20,20,37,34,41,62
"ENSG00000232392.1",58,40,94,80,138,117
"ENSG00000005302.13",436,443,489,550,577,373
"ENSG00000169933.8",21,12,11,30,26,11
"ENSG00000101911.8",898,841,919,1212,858,431
"ENSG00000196664.4",17,8,32,44,28,21
"ENSG00000233338.1",15,13,100,164,52,45
"ENSG00000101916.11",13,14,115,109,70,45
"ENSG00000205542.6",3303,3022,6508,7794,5942,2096
"ENSG00000235385.1",89,85,95,105,125,133
"ENSG00000231216.1",1440,1023,1258,1508,1588,1489
"ENSG00000123594.3",214,184,199,205,230,288
"ENSG00000235592.1",645,596,673,817,754,700
"ENSG00000226985.1",311,275,372,371,337,488
"ENSG00000226434.1",134,98,113,129,115,144
"ENSG00000197582.5",55,51,62,62,47,99
"ENSG00000198759.7",18,5,12,29,36,14
"ENSG00000176896.7",63,75,78,90,68,44
"ENSG00000123595.5",213,157,239,282,224,144
"ENSG00000196459.9",255,203,257,363,333,225
"ENSG00000046651.10",965,842,1022,1052,956,877
"ENSG00000046653.10",29,38,35,57,42,48
"ENSG00000046647.9",268,249,257,359,272,162
"ENSG00000101958.9",12,7,15,5,19,12
"ENSG00000231066.3",19,9,24,17,25,28
"ENSG00000181544.9",385,363,440,469,391,297
"ENSG00000130150.7",472,387,399,458,367,176
"ENSG00000102048.11",2,6,8,20,13,7
"ENSG00000165195.9",363,316,335,397,363,143
"ENSG00000087842.6",250,252,514,631,441,252
"ENSG00000102010.10",39,22,210,270,164,72
"ENSG00000130234.6",12,16,48,45,26,33
"ENSG00000186312.6",285,258,265,383,321,251
"ENSG00000169239.8",50,43,57,87,66,38
"ENSG00000169249.8",194,158,193,229,209,216
"ENSG00000182287.9",195,175,561,635,516,331
"ENSG00000126010.5",35,40,434,456,455,383
"ENSG00000238178.2",89,73,750,768,760,849
"ENSG00000182798.6",144,129,1324,1273,1312,1537
"ENSG00000047230.10",907,751,723,935,594,349
"ENSG00000169895.5",1467,1278,1691,1991,1532,1089
"ENSG00000086712.8",652,589,626,869,661,471
"ENSG00000102054.13",3003,2801,2221,3003,2215,949
"ENSG00000169891.13",8,8,12,19,22,17
"ENSG00000188158.10",26,22,19,38,42,18
"ENSG00000177324.9",6,4,1,19,10,4
"ENSG00000102098.13",1256,1050,415,539,532,258
"ENSG00000008086.6",14,9,13,27,30,15
"ENSG00000044446.7",2061,1866,1568,1938,1455,1241
"ENSG00000173698.13",29,18,15,40,21,25
"ENSG00000131828.9",2440,2094,2207,2758,2537,1273
"ENSG00000180815.10",52,42,110,184,67,54
"ENSG00000147010.13",34,27,20,46,62,44
"ENSG00000173681.12",67,81,100,97,102,130
"ENSG00000184368.11",16,11,12,30,14,10
"ENSG00000173674.6",1127,1026,959,1213,1194,641
"ENSG00000201882.1",14,13,16,17,27,20
"ENSG00000201592.1",36,26,23,20,32,43
"ENSG00000225037.1",19,24,17,19,15,9
"ENSG00000177189.8",1693,1567,1831,2285,1941,1222
"ENSG00000149970.10",24,12,9,31,13,8
"ENSG00000185915.4",2,7,3,21,13,7
"ENSG00000012174.7",385,341,252,355,285,146
"ENSG00000230797.2",33,23,14,24,31,13
"ENSG00000102172.11",2357,2099,2099,2611,1833,887
"ENSG00000102174.7",5,13,4,20,15,9
"ENSG00000184735.5",14,17,91,133,169,122
"ENSG00000174028.6",10,7,14,22,20,9
"ENSG00000123131.8",914,864,891,1254,1098,231
"ENSG00000123130.12",535,457,612,775,688,361
"ENSG00000233785.1",5,6,19,19,10,9
"ENSG00000130066.12",1614,1456,2270,2815,1889,1058
"ENSG00000184831.9",305,260,348,348,308,137
"ENSG00000165182.6",21,14,10,16,8,3
"ENSG00000174010.9",820,799,825,1113,842,611
"ENSG00000130741.6",8296,7231,7801,9589,8414,4880
"ENSG00000234230.1",12,15,6,13,15,9
"ENSG00000005889.11",715,669,713,805,763,509
"ENSG00000067992.8",330,304,58,83,77,45
"ENSG00000260822.1",84,66,20,14,15,8
"ENSG00000102230.9",33,34,16,31,39,5
"ENSG00000101868.6",1706,1543,1516,1641,1787,1396
"ENSG00000232472.1",74,55,63,54,62,30
"ENSG00000004848.6",5,3,8,11,10,4
"ENSG00000228519.3",23,10,26,32,36,27
"ENSG00000176746.6",7,3,3,16,12,4
"ENSG00000259849.1",22,15,0,0,1,0
"ENSG00000228933.3",19,8,22,26,13,16
"ENSG00000177689.9",6,8,34,34,86,53
"ENSG00000226372.1",13,12,10,34,131,55
"ENSG00000169306.5",10,16,9,14,11,9
"ENSG00000099399.5",366,332,1162,1594,1147,361
"ENSG00000214107.3",93,65,546,704,695,239
"ENSG00000169297.6",11,12,9,17,7,3
"ENSG00000232368.1",10,10,6,13,18,2
"ENSG00000198814.8",196,186,195,336,302,142
"ENSG00000241886.1",2,10,8,2,9,21
"ENSG00000157625.11",744,621,753,1064,1086,907
"ENSG00000198947.10",933,763,1385,1638,1382,1083
"ENSG00000185448.9",12,4,5,30,18,11
"ENSG00000189132.5",10,7,6,11,29,4
"ENSG00000230227.3",4,3,24,25,1,3
"ENSG00000189023.6",34,38,354,464,409,147
"ENSG00000165164.8",22,18,110,93,140,119
"ENSG00000176034.8",8,9,44,59,35,62
"ENSG00000205081.4",10,6,33,45,45,39
"ENSG00000198173.3",16,21,7,27,18,21
"ENSG00000130962.13",137,104,155,209,199,142
"ENSG00000147036.7",400,398,169,217,397,198
"ENSG00000047597.5",1000,841,808,1009,2039,950
"ENSG00000165168.6",35,22,30,30,56,31
"ENSG00000165169.6",79,94,136,138,112,66
"ENSG00000147041.7",40,30,115,173,70,37
"ENSG00000101955.10",9,16,5,22,36,16
"ENSG00000156313.8",140,82,106,143,143,102
"ENSG00000235806.1",6,8,9,13,8,10
"ENSG00000165175.11",916,797,953,1181,1250,763
"ENSG00000238123.1",27,27,15,37,28,19
"ENSG00000228232.1",33,42,29,64,66,27
"ENSG00000261435.1",0,5,2,6,14,15
"ENSG00000183337.12",4059,3475,5340,7039,6500,4763
"ENSG00000236393.1",2,4,22,13,63,48
"ENSG00000182220.9",483,459,420,585,679,204
"ENSG00000185753.8",210,195,310,383,282,193
"ENSG00000180182.6",1126,858,1080,1383,1444,887
"ENSG00000216866.4",29,26,15,27,16,2
"ENSG00000124486.8",6825,5991,6020,7297,8089,5232
"ENSG00000215301.5",4593,4187,5023,5959,5475,2997
"ENSG00000264573.1",20,11,7,11,20,2
"ENSG00000147044.16",149,123,204,226,207,142
"ENSG00000171659.9",9,3,7,12,11,9
"ENSG00000171657.5",9,5,14,8,12,13
"ENSG00000224294.1",0,1,4,9,24,21
"ENSG00000237206.1",3,6,105,90,136,72
"ENSG00000231750.3",3,8,38,42,34,55
"ENSG00000189221.5",24,19,224,261,309,147
"ENSG00000069535.12",8,4,3,18,10,4
"ENSG00000183690.12",82,67,120,130,194,91
"ENSG00000214018.3",43,34,26,48,54,48
"ENSG00000069509.5",194,175,213,227,263,106
"ENSG00000189037.6",32,31,24,48,108,34
"ENSG00000147050.10",2479,2168,2059,2589,2208,1692
"ENSG00000252113.1",21,4,10,8,10,12
"ENSG00000147113.12",12,6,3,24,25,5
"ENSG00000235587.2",19,17,11,29,32,10
"ENSG00000147121.11",128,129,126,165,151,111
"ENSG00000224072.1",8,15,21,10,9,6
"ENSG00000251192.3",70,68,88,134,90,105
"ENSG00000230844.2",95,118,80,164,140,88
"ENSG00000147119.3",16,11,11,25,16,19
"ENSG00000065923.5",9,9,11,32,77,49
"ENSG00000102218.5",239,174,181,253,195,106
"ENSG00000102221.9",370,297,359,494,404,232
"ENSG00000147123.10",1646,1542,1352,1742,1640,560
"ENSG00000182872.11",1907,1721,1654,2203,1819,1425
"ENSG00000237351.1",54,40,43,26,55,51
"ENSG00000130985.12",4140,3982,4603,6002,5644,2616
"ENSG00000224975.1",56,39,39,31,32,24
"ENSG00000102225.11",2064,1829,1773,2336,2306,1628
"ENSG00000102226.5",928,866,774,1121,1111,454
"ENSG00000147124.8",195,153,248,271,248,201
"ENSG00000196741.3",48,21,36,35,47,30
"ENSG00000235636.1",22,12,12,18,21,4
"ENSG00000078061.8",948,950,780,1077,978,541
"ENSG00000008056.8",37,27,33,33,56,42
"ENSG00000102265.7",2281,1959,2163,3446,5220,2790
"ENSG00000126759.8",15,6,10,21,24,12
"ENSG00000126767.13",1295,1142,1105,1512,1404,790
"ENSG00000126756.7",719,686,646,784,720,224
"ENSG00000267064.1",13,7,23,23,14,16
"ENSG00000187893.6",14,6,4,10,8,5
"ENSG00000197779.9",117,118,150,226,166,139
"ENSG00000224401.2",13,12,3,15,11,15
"ENSG00000147118.6",122,117,149,209,132,118
"ENSG00000221994.6",8,7,14,45,42,31
"ENSG00000171483.9",5,4,50,82,125,158
"ENSG00000165583.9",12,6,18,26,40,15
"ENSG00000126752.7",57,47,672,988,1166,738
"ENSG00000165584.11",11,19,50,61,161,173
"ENSG00000017483.10",947,855,1003,1465,1403,595
"ENSG00000068438.10",560,552,629,864,822,371
"ENSG00000102312.16",71,59,92,134,93,63
"ENSG00000147155.6",1804,1686,945,1476,1391,541
"ENSG00000068354.11",245,224,294,383,342,249
"ENSG00000204620.2",37,34,21,33,34,23
"ENSG00000102317.13",1752,1521,1548,1905,1622,939
"ENSG00000228343.1",22,35,27,25,28,21
"ENSG00000101940.13",841,817,1322,1615,1281,888
"ENSG00000015285.6",65,71,410,561,463,345
"ENSG00000101945.12",442,413,506,701,542,321
"ENSG00000232828.1",5,2,16,21,6,5
"ENSG00000171433.7",31,34,52,60,54,56
"ENSG00000233585.1",41,22,51,57,58,76
"ENSG00000102145.9",4121,3529,4521,5503,4746,2565
"ENSG00000094631.14",3180,2823,2976,3701,2888,2271
"ENSG00000102109.7",10,4,38,48,39,29
"ENSG00000126768.8",1230,1099,1140,1548,1251,380
"ENSG00000102103.11",1107,916,1111,1430,1067,689
"ENSG00000102100.10",495,431,461,664,622,264
"ENSG00000102096.9",2874,2619,1470,1893,1402,630
"ENSG00000068308.9",2433,2262,2330,3186,2475,1662
"ENSG00000184596.4",44,38,37,49,53,54
"ENSG00000102057.5",91,88,84,91,134,109
"ENSG00000068400.9",1149,981,1345,1298,1381,1795
"ENSG00000068323.12",1311,1251,1215,1671,1365,989
"ENSG00000147144.8",207,158,170,205,160,180
"ENSG00000243279.2",59,48,38,65,49,60
"ENSG00000196998.11",525,504,562,657,657,450
"ENSG00000068394.9",912,700,819,905,745,565
"ENSG00000265033.1",13,13,8,15,19,11
"ENSG00000017621.11",130,128,417,454,483,316
"ENSG00000102007.6",1118,1018,639,1019,831,355
"ENSG00000012211.8",680,598,670,878,702,561
"ENSG00000102003.6",158,126,194,294,326,220
"ENSG00000102001.8",170,146,132,225,174,167
"ENSG00000101997.8",1412,1233,1594,1993,1566,1079
"ENSG00000049768.10",63,34,71,56,67,64
"ENSG00000049769.8",110,78,65,108,90,78
"ENSG00000270012.1",60,37,73,36,57,62
"ENSG00000205777.13",96,104,127,197,159,76
"ENSG00000068985.4",23,40,406,483,546,246
"ENSG00000101951.12",7,8,49,78,56,37
"ENSG00000234390.4",23,20,22,27,16,11
"ENSG00000242013.4",65,51,72,125,126,60
"ENSG00000171365.11",400,384,637,835,782,480
"ENSG00000147081.10",4,14,10,13,26,12
"ENSG00000147082.13",15,15,7,25,47,14
"ENSG00000204466.5",33,20,9,41,31,11
"ENSG00000158352.11",23,19,17,37,27,6
"ENSG00000189369.7",29,26,11,17,51,25
"ENSG00000179222.13",221,178,107,158,179,95
"ENSG00000204376.7",2,7,14,17,17,13
"ENSG00000157965.10",3,8,8,12,26,21
"ENSG00000157950.10",0,1,38,44,36,54
"ENSG00000179304.12",42,29,22,18,29,31
"ENSG00000182646.12",31,34,25,28,26,14
"ENSG00000184194.5",3,10,3,12,8,4
"ENSG00000184205.10",359,335,307,339,391,308
"ENSG00000232593.2",56,48,66,64,60,55
"ENSG00000231340.1",24,23,27,20,12,20
"ENSG00000270189.1",41,29,25,39,16,23
"ENSG00000126012.7",7041,6033,5443,7008,6264,4072
"ENSG00000235262.1",13,14,13,9,8,8
"ENSG00000124313.8",353,327,261,379,553,455
"ENSG00000072501.13",6661,5745,5164,6435,5952,4158
"ENSG00000158423.12",29,22,18,28,14,19
"ENSG00000072506.8",875,863,751,1062,947,321
"ENSG00000086758.11",15882,14202,15055,19932,17164,9988
"ENSG00000172943.14",1527,1305,1301,1633,1363,1168
"ENSG00000184083.7",135,125,91,152,141,108
"ENSG00000196632.6",24,15,10,38,26,11
"ENSG00000158526.7",411,343,331,472,410,299
"ENSG00000102302.7",90,95,61,115,84,67
"ENSG00000130119.11",979,839,1365,1625,1518,843
"ENSG00000102313.8",18,8,5,34,25,12
"ENSG00000102316.12",999,903,1019,1191,1181,645
"ENSG00000067445.16",29,19,22,65,47,36
"ENSG00000158571.6",17,14,13,17,17,17
"ENSG00000169188.4",697,613,489,702,660,303
"ENSG00000158578.14",5995,5675,1559,1915,3330,1602
"ENSG00000238269.4",11,10,5,5,21,15
"ENSG00000182518.9",61,65,49,66,81,35
"ENSG00000158639.7",184,178,608,635,645,232
"ENSG00000187601.3",121,95,142,203,183,86
"ENSG00000247746.4",85,49,35,67,47,30
"ENSG00000189299.5",2,2,7,6,13,14
"ENSG00000083750.8",163,145,127,138,125,121
"ENSG00000102349.10",15,5,22,26,21,10
"ENSG00000188021.7",735,615,699,865,684,386
"ENSG00000204272.6",7,5,46,67,80,15
"ENSG00000204271.6",90,91,102,139,73,70
"ENSG00000186787.7",250,195,128,131,153,89
"ENSG00000226310.1",14,5,13,9,10,6
"ENSG00000147059.7",36,39,24,37,39,38
"ENSG00000165591.6",15,17,18,43,42,20
"ENSG00000231831.1",5,14,16,12,16,9
"ENSG00000198455.3",171,198,99,164,129,78
"ENSG00000198205.5",58,61,17,44,33,17
"ENSG00000235437.3",287,230,281,322,395,425
"ENSG00000186767.5",722,623,446,540,484,252
"ENSG00000131089.9",11,12,4,20,13,8
"ENSG00000184675.5",261,217,278,342,305,204
"ENSG00000102043.11",163,134,135,196,312,134
"ENSG00000213754.2",8,5,7,21,41,28
"ENSG00000126970.11",69,60,120,159,158,92
"ENSG00000237971.1",7,6,21,12,20,19
"ENSG00000225569.1",10,9,15,8,17,16
"ENSG00000228158.1",7,7,9,14,11,37
"ENSG00000102053.11",67,64,108,108,98,94
"ENSG00000001497.12",2198,2095,1765,2290,1650,1048
"ENSG00000147065.12",13987,12279,13171,17590,14369,7875
"ENSG00000237311.1",130,128,441,403,405,336
"ENSG00000207939.1",61,41,61,110,69,74
"ENSG00000155659.10",51,57,88,125,73,75
"ENSG00000089472.12",6412,5541,3696,5225,4987,2376
"ENSG00000131080.10",4,4,6,19,23,13
"ENSG00000169083.11",12,19,16,40,33,12
"ENSG00000079482.11",196,170,168,223,259,170
"ENSG00000228328.2",18,7,7,12,11,8
"ENSG00000181704.7",932,920,687,879,728,470
"ENSG00000130052.9",1697,1471,1707,2146,1946,1167
"ENSG00000213740.2",17,7,6,21,16,11
"ENSG00000090776.5",22,30,23,44,34,39
"ENSG00000181191.11",84,73,80,140,116,55
"ENSG00000130054.4",5,9,8,12,14,5
"ENSG00000228160.1",0,2,9,8,19,16
"ENSG00000158813.13",8,10,8,13,16,7
"ENSG00000089289.11",1313,1188,879,1162,885,491
"ENSG00000186912.5",6,5,7,17,11,4
"ENSG00000120500.13",9,20,16,30,17,13
"ENSG00000120509.6",219,194,157,268,184,84
"ENSG00000090889.10",1736,1629,1840,2268,1900,1265
"ENSG00000231053.1",15,10,4,8,8,4
"ENSG00000130055.9",8,8,2,26,13,4
"ENSG00000082458.7",301,283,309,372,334,179
"ENSG00000120498.9",26,31,73,115,85,34
"ENSG00000165349.7",4,6,5,14,11,10
"ENSG00000230629.2",54,57,28,51,33,1
"ENSG00000227536.1",8,6,15,5,5,17
"ENSG00000147164.7",455,415,536,667,640,312
"ENSG00000184481.12",521,452,640,858,883,544
"ENSG00000204165.5",7,12,14,13,14,17
"ENSG00000147168.8",158,173,73,116,161,100
"ENSG00000184634.11",2293,1849,2413,3153,2793,2085
"ENSG00000196338.8",48,46,50,89,77,82
"ENSG00000147130.10",2695,2550,3035,3900,3273,1926
"ENSG00000147140.11",8583,7203,9315,11997,10671,6617
"ENSG00000147166.6",38,32,58,67,63,53
"ENSG00000147133.11",2638,2107,3493,3901,3720,3657
"ENSG00000229601.1",22,23,36,21,32,13
"ENSG00000213018.2",77,56,61,87,50,54
"ENSG00000147162.9",8199,6985,8962,10302,9396,8226
"ENSG00000147174.7",38,28,37,54,89,78
"ENSG00000237265.1",0,1,26,44,52,33
"ENSG00000204131.6",17,11,14,41,42,20
"ENSG00000242732.3",4,3,8,11,32,11
"ENSG00000102309.8",246,217,250,291,259,144
"ENSG00000186871.5",372,326,388,456,376,234
"ENSG00000198034.6",16602,15110,11558,15751,11573,2918
"ENSG00000125931.6",81,57,32,34,29,5
"ENSG00000147099.15",436,421,405,477,400,221
"ENSG00000067177.10",720,649,859,1264,702,474
"ENSG00000204116.7",37,22,37,42,51,26
"ENSG00000270641.1",8,19,10,17,23,17
"ENSG00000229807.5",6789,5229,5653,6133,6063,6083
"ENSG00000225470.2",354,267,358,320,338,317
"ENSG00000228906.1",63,45,37,37,52,49
"ENSG00000271199.1",38,12,35,31,24,40
"ENSG00000230590.3",432,315,362,357,401,394
"ENSG00000270223.1",31,25,31,29,33,38
"ENSG00000223650.1",8,7,10,18,11,13
"ENSG00000232928.2",9,2,8,14,9,14
"ENSG00000224430.2",15,15,20,15,15,26
"ENSG00000204113.5",20,14,9,9,5,24
"ENSG00000271430.1",85,46,56,83,74,86
"ENSG00000228492.2",23,16,23,18,15,23
"ENSG00000271533.1",96,54,60,82,82,92
"ENSG00000265727.1",29,18,30,23,21,32
"ENSG00000147100.5",12,8,2,12,15,0
"ENSG00000230673.3",30,21,21,20,17,20
"ENSG00000131263.8",2079,1840,1903,2356,1571,1075
"ENSG00000050030.9",11,13,12,36,25,9
"ENSG00000131269.11",1226,1118,892,1288,982,388
"ENSG00000199601.1",0,1,8,3,11,10
"ENSG00000094841.9",194,171,217,232,191,135
"ENSG00000232186.1",14,10,10,25,10,22
"ENSG00000102383.9",17,10,32,57,79,46
"ENSG00000215105.3",5,11,20,49,29,19
"ENSG00000186675.5",10,6,4,11,10,3
"ENSG00000102390.6",152,141,149,125,156,94
"ENSG00000198934.3",22,6,9,17,25,8
"ENSG00000085224.16",1589,1295,1397,1517,1332,1146
"ENSG00000102158.15",967,874,654,861,779,376
"ENSG00000131174.4",1632,1587,1477,1537,1454,544
"ENSG00000165240.13",1641,1537,1495,1932,1343,747
"ENSG00000248503.2",143,146,69,69,68,44
"ENSG00000226784.1",32,16,18,36,17,16
"ENSG00000102144.9",25111,22709,15640,18434,16657,8084
"ENSG00000187325.4",475,421,358,387,351,315
"ENSG00000147138.1",8,5,5,12,11,8
"ENSG00000078596.6",487,452,315,400,248,113
"ENSG00000165288.10",1518,1423,1160,1409,1220,875
"ENSG00000225715.1",11,8,10,0,11,6
"ENSG00000198157.6",231,153,147,204,101,127
"ENSG00000131171.8",635,494,647,775,723,335
"ENSG00000183035.8",6,3,6,11,10,3
"ENSG00000072133.6",15,4,5,19,24,9
"ENSG00000155008.9",318,308,279,334,256,151
"ENSG00000184788.8",94,93,80,94,91,42
"ENSG00000147180.12",283,232,86,68,89,94
"ENSG00000124429.13",148,137,7,19,11,6
"ENSG00000188419.9",238,215,95,126,149,82
"ENSG00000126733.16",9,12,7,13,13,9
"ENSG00000215093.3",11,14,2,6,9,2
"ENSG00000102271.9",17,26,10,20,25,7
"ENSG00000237506.2",23,30,16,40,43,3
"ENSG00000102290.17",30,16,16,39,33,11
"ENSG00000229132.2",24,21,15,28,31,5
"ENSG00000186310.9",4,2,3,10,10,3
"ENSG00000147202.13",42,43,11,17,15,5
"ENSG00000204086.3",105,78,3,2,3,3
"ENSG00000165194.10",17,6,10,35,16,9
"ENSG00000000003.10",6,10,10,11,21,9
"ENSG00000102359.5",15,14,17,26,19,31
"ENSG00000102362.11",555,477,348,444,703,587
"ENSG00000101811.9",552,478,461,543,596,306
"ENSG00000007952.13",9,5,7,10,16,7
"ENSG00000182489.7",7,8,5,13,13,5
"ENSG00000174225.10",15,15,15,32,19,14
"ENSG00000188917.10",672,621,521,605,558,451
"ENSG00000102384.9",543,489,421,438,345,292
"ENSG00000102385.8",22,28,26,78,47,46
"ENSG00000102387.11",2,3,8,10,20,10
"ENSG00000126953.5",195,145,258,269,298,164
"ENSG00000010671.11",1364,1214,1246,1316,1410,856
"ENSG00000241343.5",156,175,137,170,165,128
"ENSG00000102393.5",516,399,341,452,426,194
"ENSG00000126945.8",622,528,480,598,440,327
"ENSG00000196440.7",29,17,25,55,44,17
"ENSG00000126947.7",1,1,1,13,20,11
"ENSG00000198960.6",82,108,92,127,120,55
"ENSG00000102401.15",528,472,496,714,590,264
"ENSG00000261101.1",10,19,10,16,6,15
"ENSG00000184867.9",12,4,5,14,10,5
"ENSG00000126952.12",2,11,10,26,18,10
"ENSG00000166432.10",9,6,5,13,19,5
"ENSG00000204071.5",12,3,3,11,2,3
"ENSG00000184515.6",3,4,13,15,14,4
"ENSG00000185945.9",5,9,99,160,49,18
"ENSG00000196970.4",3,2,2,10,16,22
"ENSG00000125962.10",156,182,152,196,151,83
"ENSG00000271147.3",33,27,42,31,35,30
"ENSG00000198932.8",45,37,50,56,75,56
"ENSG00000158301.14",76,85,75,91,83,37
"ENSG00000198908.7",61,52,26,43,36,28
"ENSG00000223546.2",247,190,177,240,184,161
"ENSG00000232282.1",20,9,8,8,4,13
"ENSG00000229954.1",11,10,5,4,6,16
"ENSG00000237300.2",12,6,9,4,7,10
"ENSG00000226056.1",14,7,12,12,10,8
"ENSG00000234886.1",13,21,10,11,14,16
"ENSG00000239407.1",65,42,63,81,70,63
"ENSG00000147206.12",14,18,11,19,19,17
"ENSG00000102409.9",881,725,1308,1687,1401,784
"ENSG00000180964.12",283,242,423,472,509,365
"ENSG00000133134.7",24,39,106,174,171,82
"ENSG00000185222.7",194,174,420,481,423,304
"ENSG00000172476.3",9,11,14,11,25,19
"ENSG00000133142.13",58,43,53,63,61,43
"ENSG00000196507.6",11,14,14,20,23,25
"ENSG00000172465.9",26,23,23,15,19,10
"ENSG00000123562.12",4013,3610,3974,4366,4213,2674
"ENSG00000231154.1",19,30,12,16,27,11
"ENSG00000188828.7",5,1,1,15,16,6
"ENSG00000176274.6",74,64,53,85,58,52
"ENSG00000123575.8",1065,1045,875,1110,900,632
"ENSG00000123576.5",7,4,8,13,10,1
"ENSG00000123572.12",20,17,14,30,23,18
"ENSG00000157502.8",9,9,0,11,10,5
"ENSG00000147231.9",14,11,7,9,12,10
"ENSG00000133135.9",11,3,3,6,20,6
"ENSG00000133138.15",25,20,33,45,60,51
"ENSG00000133131.10",13,22,8,29,40,15
"ENSG00000089682.12",1013,880,657,648,663,831
"ENSG00000198088.6",808,673,371,473,502,444
"ENSG00000213569.4",21,10,5,12,10,7
"ENSG00000147234.6",23,19,15,48,43,10
"ENSG00000147224.6",1680,1446,924,1341,1226,388
"ENSG00000157514.12",39,24,25,38,76,38
"ENSG00000080561.9",10,7,4,11,20,5
"ENSG00000101842.9",10,5,3,9,12,7
"ENSG00000101843.14",688,672,689,826,870,352
"ENSG00000101844.13",221,146,250,291,373,217
"ENSG00000197565.11",42,35,39,80,101,70
"ENSG00000188153.8",227,186,371,469,583,525
"ENSG00000133124.10",7,8,7,29,20,17
"ENSG00000101890.4",15,18,38,33,46,24
"ENSG00000101888.7",113,103,151,173,178,69
"ENSG00000068366.15",1236,1110,2695,3295,5834,2854
"ENSG00000157600.7",1789,1598,1425,1923,3149,1719
"ENSG00000101935.5",878,789,829,1104,2082,1428
"ENSG00000224142.1",1,9,7,1,17,14
"ENSG00000243978.4",17,12,13,33,90,39
"ENSG00000101938.10",9,4,2,13,12,8
"ENSG00000077264.10",5,21,6,25,12,6
"ENSG00000077279.12",11,4,4,10,14,3
"ENSG00000229939.1",50,34,30,45,30,37
"ENSG00000225031.1",35,30,33,74,39,21
"ENSG00000101901.6",883,793,816,883,817,786
"ENSG00000229487.1",52,46,41,45,40,18
"ENSG00000072315.3",15,4,21,17,21,3
"ENSG00000126016.9",11,8,8,17,14,9
"ENSG00000241743.2",26,23,21,16,12,5
"ENSG00000270524.1",72,71,30,33,31,30
"ENSG00000201674.1",21,18,11,6,12,24
"ENSG00000207220.1",33,16,19,2,17,27
"ENSG00000240327.2",22,19,4,20,22,12
"ENSG00000147246.5",4,4,5,12,29,10
"ENSG00000123496.3",11,5,2,13,13,10
"ENSG00000130224.10",290,287,217,261,213,132
"ENSG00000175718.8",10,11,21,37,43,15
"ENSG00000102024.13",6,8,6,30,24,6
"ENSG00000235244.3",0,5,5,5,18,17
"ENSG00000087916.7",6,7,7,26,16,7
"ENSG00000236077.2",2,1,0,2,16,22
"ENSG00000230159.1",1,0,0,0,64,43
"ENSG00000003096.9",18,15,23,37,27,20
"ENSG00000131725.9",723,603,1186,1459,1783,1054
"ENSG00000147251.11",2911,2570,3453,4020,3035,2081
"ENSG00000230399.1",16,14,16,10,10,10
"ENSG00000131724.6",181,170,336,473,296,191
"ENSG00000231270.1",0,2,4,7,21,12
"ENSG00000175556.12",330,326,587,784,967,755
"ENSG00000250423.2",15,15,15,25,34,19
"ENSG00000101856.8",1343,1227,1243,1775,1584,657
"ENSG00000230392.1",2,7,62,72,62,64
"ENSG00000077713.14",223,211,314,392,330,191
"ENSG00000224281.4",104,74,53,88,93,73
"ENSG00000005022.5",7384,6929,6190,8582,7295,1977
"ENSG00000018610.9",469,409,383,568,382,218
"ENSG00000077721.11",663,637,532,663,571,272
"ENSG00000186416.8",681,696,695,852,705,429
"ENSG00000125354.18",2703,2298,2161,2546,1865,1493
"ENSG00000187808.3",5,9,14,13,25,6
"ENSG00000198918.7",3415,3587,2981,3160,2538,785
"ENSG00000125351.6",535,499,623,694,578,549
"ENSG00000125352.4",352,291,338,439,363,201
"ENSG00000125356.6",1188,1076,1060,1275,1128,403
"ENSG00000227285.1",7,4,8,11,12,11
"ENSG00000101882.5",700,577,690,735,584,417
"ENSG00000258545.1",5,4,13,20,9,14
"ENSG00000203989.2",14,11,121,159,88,51
"ENSG00000233382.5",206,242,194,294,176,173
"ENSG00000131721.4",887,827,1137,1305,1064,669
"ENSG00000227541.1",15,5,16,13,24,27
"ENSG00000237757.1",21,28,32,35,27,50
"ENSG00000177485.6",599,548,782,923,754,355
"ENSG00000125355.11",10,5,9,13,22,5
"ENSG00000005893.11",1711,1503,1112,1750,1290,453
"ENSG00000158290.12",1933,1727,2012,2318,2178,1245
"ENSG00000232119.3",562,469,551,633,628,195
"ENSG00000171155.7",90,78,73,103,105,22
"ENSG00000236446.2",21,7,24,37,30,15
"ENSG00000182890.3",130,127,423,438,403,261
"ENSG00000234176.1",165,134,347,263,274,218
"ENSG00000212032.2",5,14,27,20,17,6
"ENSG00000213498.3",40,32,59,94,77,82
"ENSG00000221217.2",3,10,8,6,19,14
"ENSG00000260585.1",50,59,118,139,155,133
"ENSG00000125675.13",62,47,110,93,100,108
"ENSG00000179101.5",17,8,14,36,13,14
"ENSG00000125676.15",4775,4100,4790,5278,4519,3268
"ENSG00000232149.1",21,7,15,9,20,14
"ENSG00000101966.8",1189,1065,1048,1220,948,801
"ENSG00000237331.1",46,31,36,21,32,40
"ENSG00000237025.1",26,14,18,9,9,15
"ENSG00000101972.14",5477,4986,4659,5354,4385,2654
"ENSG00000183918.10",1,9,7,14,13,9
"ENSG00000009694.9",1083,1001,2317,2453,2684,3091
"ENSG00000237208.1",2,1,31,22,68,36
"ENSG00000198354.4",8,10,49,54,91,132
"ENSG00000198889.3",14,5,5,27,10,8
"ENSG00000102038.11",468,391,664,859,289,188
"ENSG00000122126.11",1020,982,1027,1188,792,606
"ENSG00000122121.6",10,15,9,26,16,5
"ENSG00000122122.9",12,14,20,31,6,9
"ENSG00000188706.8",696,575,566,844,538,341
"ENSG00000235189.1",13,3,10,10,2,2
"ENSG00000156697.8",520,434,589,578,545,429
"ENSG00000085185.11",1384,1202,1151,1402,1262,1129
"ENSG00000102034.12",1999,1817,1763,2437,1827,1075
"ENSG00000156709.9",1508,1236,1509,1941,1462,581
"ENSG00000056277.11",238,202,265,352,195,138
"ENSG00000102078.11",94,111,93,121,93,65
"ENSG00000134597.9",605,553,562,633,485,323
"ENSG00000229702.1",10,16,24,21,7,6
"ENSG00000165675.12",366,370,490,597,385,218
"ENSG00000147256.6",2,7,7,10,28,8
"ENSG00000147255.13",296,227,571,740,826,479
"ENSG00000185903.9",8,6,22,18,16,41
"ENSG00000229082.1",9,5,19,20,26,38
"ENSG00000242610.1",32,11,19,24,20,51
"ENSG00000234288.1",10,2,12,9,16,9
"ENSG00000228450.2",11,7,13,13,11,28
"ENSG00000171054.6",55,40,47,47,44,71
"ENSG00000237225.1",40,32,39,51,23,41
"ENSG00000213468.3",376,388,810,915,731,533
"ENSG00000241418.1",19,15,57,71,43,39
"ENSG00000228089.1",3,6,15,27,8,13
"ENSG00000134602.11",915,802,1706,2015,1546,853
"ENSG00000165694.5",15,6,19,20,19,13
"ENSG00000123728.5",826,675,768,926,850,530
"ENSG00000232160.2",9,18,20,38,22,20
"ENSG00000076770.10",8,25,250,337,149,88
"ENSG00000171004.13",7,8,8,6,17,12
"ENSG00000134588.8",6,4,12,21,31,20
"ENSG00000183434.9",5,1,41,37,31,19
"ENSG00000076716.7",16,4,5,18,10,9
"ENSG00000147257.9",6,4,6,17,10,6
"ENSG00000227008.2",12,9,10,7,11,5
"ENSG00000156531.12",2781,2401,4273,4662,2874,1643
"ENSG00000251962.1",7,3,10,12,14,6
"ENSG00000165704.10",990,922,690,823,664,264
"ENSG00000223749.3",70,60,50,79,110,96
"ENSG00000156504.12",812,759,776,880,834,795
"ENSG00000156500.10",377,373,622,802,826,440
"ENSG00000101928.8",64,45,102,137,106,35
"ENSG00000184785.4",158,139,99,158,124,81
"ENSG00000212747.3",4,6,6,13,21,2
"ENSG00000134590.9",756,718,742,993,876,454
"ENSG00000203950.6",276,262,338,505,500,236
"ENSG00000196972.6",12,14,13,18,16,9
"ENSG00000169551.8",108,107,462,546,490,152
"ENSG00000186376.10",320,287,316,380,368,251
"ENSG00000173275.8",223,194,151,187,129,110
"ENSG00000178947.8",1,8,11,14,22,15
"ENSG00000165359.10",1099,899,1022,1192,1108,944
"ENSG00000232478.4",10,9,6,20,19,7
"ENSG00000232417.5",1,10,3,5,11,3
"ENSG00000242284.3",183,140,183,276,290,96
"ENSG00000181433.5",503,430,397,485,446,348
"ENSG00000169446.4",437,352,239,353,281,144
"ENSG00000198689.5",355,345,283,357,353,172
"ENSG00000231513.3",14,7,34,37,61,47
"ENSG00000022267.12",13,14,7,25,47,14
"ENSG00000129680.11",416,340,468,563,575,398
"ENSG00000156920.6",34,20,18,56,38,25
"ENSG00000102241.7",1168,1004,1156,1403,1078,820
"ENSG00000129675.11",1010,931,3726,4717,2179,1611
"ENSG00000225125.2",20,32,28,26,27,14
"ENSG00000232611.1",111,105,118,125,108,130
"ENSG00000225400.1",18,17,24,23,16,8
"ENSG00000147274.10",7309,6145,7371,9271,6642,4252
"ENSG00000234062.3",356,260,637,708,1203,1285
"ENSG00000232379.1",19,11,61,45,127,79
"ENSG00000241150.1",39,34,154,127,324,435
"ENSG00000237307.2",125,72,494,514,1121,1334
"ENSG00000263845.1",1,1,13,12,47,60
"ENSG00000165370.1",3,3,1,11,15,5
"ENSG00000156925.7",4,8,5,20,26,6
"ENSG00000129682.9",428,366,349,394,347,190
"ENSG00000235975.1",17,9,7,10,13,12
"ENSG00000101981.6",14,0,6,14,13,6
"ENSG00000101977.15",12,12,83,75,56,46
"ENSG00000101974.10",1027,931,1164,1412,1210,641
"ENSG00000182195.6",15,15,1,8,5,3
"ENSG00000165509.9",11,17,2,23,18,9
"ENSG00000155495.8",218,197,448,617,913,629
"ENSG00000046774.9",225,200,373,501,558,225
"ENSG00000185985.7",9,11,4,22,13,8
"ENSG00000102081.9",456,398,366,400,362,383
"ENSG00000236337.1",10,10,9,12,6,14
"ENSG00000176988.4",8,8,57,70,37,20
"ENSG00000219507.4",14,11,6,10,4,2
"ENSG00000176970.8",0,0,3,9,10,11
"ENSG00000155966.9",20,16,131,216,153,126
"ENSG00000010404.13",363,335,600,846,604,309
"ENSG00000241489.3",15,10,12,18,12,32
"ENSG00000241769.3",21,19,29,28,24,45
"ENSG00000197620.6",175,162,143,219,181,99
"ENSG00000155984.10",57,29,63,91,69,54
"ENSG00000185247.10",14,7,3,7,13,7
"ENSG00000166008.5",2,1,30,20,22,11
"ENSG00000156009.5",23,17,41,54,73,29
"ENSG00000197021.4",513,461,536,706,556,383
"ENSG00000235703.1",288,205,236,268,279,304
"ENSG00000234825.2",9,14,7,18,13,4
"ENSG00000013619.9",21,22,10,24,22,15
"ENSG00000171100.10",245,179,247,301,180,114
"ENSG00000063601.12",649,583,630,799,779,502
"ENSG00000102181.15",971,843,531,786,557,290
"ENSG00000228728.1",18,12,7,7,4,9
"ENSG00000029993.10",776,651,491,635,572,254
"ENSG00000102195.7",15,4,3,5,13,5
"ENSG00000160131.9",1092,936,845,1113,975,514
"ENSG00000166049.10",68,44,1384,1715,2134,1087
"ENSG00000147381.7",7,7,23,39,35,12
"ENSG00000102287.12",6084,5376,7549,8388,8891,9229
"ENSG00000242520.4",8,10,30,44,40,48
"ENSG00000124260.7",5,9,5,14,11,14
"ENSG00000011677.8",60,50,69,114,119,80
"ENSG00000223940.1",7,8,12,10,12,16
"ENSG00000147402.7",211,162,427,551,686,445
"ENSG00000197172.6",701,665,657,847,769,226
"ENSG00000183305.9",19,19,13,15,22,5
"ENSG00000242599.3",23,12,33,37,24,14
"ENSG00000213401.4",723,720,720,794,828,382
"ENSG00000198930.8",478,413,398,490,372,295
"ENSG00000184750.11",33,26,14,16,20,13
"ENSG00000221867.4",816,832,795,1114,855,317
"ENSG00000147400.8",302,278,212,287,176,103
"ENSG00000147383.6",1047,842,688,1008,869,358
"ENSG00000147394.14",22,22,12,35,37,16
"ENSG00000198883.7",8,5,167,195,165,111
"ENSG00000183837.8",31,21,21,18,58,38
"ENSG00000235961.3",11,11,4,8,2,6
"ENSG00000198681.5",16,8,203,288,413,165
"ENSG00000063587.12",937,767,573,773,661,491
"ENSG00000189420.7",73,78,75,82,104,84
"ENSG00000259886.1",58,53,68,72,86,56
"ENSG00000183479.8",19,15,9,15,24,16
"ENSG00000213397.6",61,38,44,37,29,23
"ENSG00000067842.13",18,17,28,31,49,23
"ENSG00000147382.14",227,219,110,155,208,81
"ENSG00000260081.1",7,6,13,15,9,6
"ENSG00000130829.13",346,276,313,382,401,210
"ENSG00000130822.11",1418,1350,2176,2627,2100,2036
"ENSG00000130821.11",24770,21688,23845,29931,25623,20122
"ENSG00000185825.11",1990,1811,1473,2329,2140,1110
"ENSG00000101986.8",466,392,681,865,715,546
"ENSG00000232725.1",104,89,104,105,151,124
"ENSG00000198753.7",123,133,107,123,170,197
"ENSG00000184343.6",170,133,118,138,199,214
"ENSG00000067829.14",870,700,837,1079,844,523
"ENSG00000180879.9",1636,1489,1289,1796,1502,601
"ENSG00000067840.8",7,12,11,32,32,23
"ENSG00000198910.8",46,30,28,39,63,42
"ENSG00000126895.9",15,29,65,62,50,69
"ENSG00000089820.11",1508,1396,3217,3701,2612,2633
"ENSG00000102030.11",945,761,717,905,866,628
"ENSG00000102032.8",511,429,693,899,793,613
"ENSG00000172534.9",7917,6921,6798,9426,7887,6302
"ENSG00000235802.1",42,36,17,28,16,16
"ENSG00000177854.7",206,192,156,197,177,82
"ENSG00000184216.7",5389,5080,6704,8895,8146,5325
"ENSG00000169057.15",2050,1825,1873,2301,2243,1825
"ENSG00000007350.12",21,8,34,82,175,112
"ENSG00000196924.10",42173,37388,41233,54950,56556,32965
"ENSG00000102119.6",1409,1450,1131,1573,1229,735
"ENSG00000147403.12",37033,35391,28984,35263,26123,6238
"ENSG00000013563.9",161,160,162,257,260,125
"ENSG00000102125.11",901,804,774,1039,748,645
"ENSG00000197180.1",11,7,6,9,13,3
"ENSG00000071553.12",1424,1296,1224,1530,1531,873
"ENSG00000203879.7",1975,1908,1864,2430,2045,1424
"ENSG00000071859.10",1760,1567,1397,1705,1688,1327
"ENSG00000130827.5",3083,2762,2953,3503,3488,3986
"ENSG00000196976.5",848,826,771,1135,937,213
"ENSG00000102178.8",2479,2169,2359,3226,2439,1036
"ENSG00000126903.11",725,612,557,748,669,443
"ENSG00000071889.12",1618,1326,1270,1557,1430,806
"ENSG00000160211.11",3833,3290,3885,5046,3863,2077
"ENSG00000073009.8",359,289,247,373,347,220
"ENSG00000126890.13",265,217,90,103,64,36
"ENSG00000160219.7",1739,1543,1537,1939,1834,1513
"ENSG00000130826.11",4325,3803,3966,4875,3871,2234
"ENSG00000130830.10",13573,12503,8151,10884,9344,4811
"ENSG00000185010.9",905,774,2411,3491,2300,1340
"ENSG00000237859.1",4,1,11,13,9,9
"ENSG00000233688.1",9,4,10,17,2,20
"ENSG00000165775.13",1407,1319,1158,1464,1025,445
"ENSG00000214827.5",39,46,20,25,25,20
"ENSG00000185515.10",395,337,396,465,442,263
"ENSG00000235991.4",22,19,13,5,3,20
"ENSG00000155959.6",2003,1841,1695,1935,1415,484
"ENSG00000155962.8",1382,1310,1360,1574,1175,554
"ENSG00000225008.1",43,33,30,21,17,39
"ENSG00000228986.1",36,26,22,42,11,14
"ENSG00000230491.1",16,12,8,14,7,9
"ENSG00000224216.1",8,15,17,21,12,12
"ENSG00000224533.3",11,5,15,10,6,8
"ENSG00000185973.6",430,356,497,554,475,234
"ENSG00000099715.10",6,2,0,10,11,5
"ENSG00000114374.8",8,15,7,19,17,5
"ENSG00000185275.6",857,644,200,238,43,13
"ENSG00000210049.1",70,65,23,33,40,40
"ENSG00000211459.2",990,1316,906,927,1480,2233
"ENSG00000210082.2",1529,2274,1255,1231,1842,3761
"ENSG00000209082.1",10,13,10,4,10,29
"ENSG00000198888.2",4995,4268,3500,4075,3987,8682
"ENSG00000210100.1",20,20,14,4,18,36
"ENSG00000210107.1",22,22,9,10,16,40
"ENSG00000210112.1",16,13,15,16,9,34
"ENSG00000198763.3",9335,7382,6755,9240,8233,13619
"ENSG00000210117.1",34,47,22,10,14,24
"ENSG00000210135.1",82,73,78,63,114,73
"ENSG00000210140.1",632,615,593,639,488,915
"ENSG00000210144.1",475,433,242,367,298,450
"ENSG00000198804.2",76732,61286,57065,88064,75302,65141
"ENSG00000210151.2",32,19,20,18,18,28
"ENSG00000210154.1",35,28,20,27,21,33
"ENSG00000198712.1",9787,7786,7837,11204,9915,13116
"ENSG00000210156.1",34,33,24,33,29,32
"ENSG00000228253.1",1326,1173,838,1068,997,1431
"ENSG00000198899.2",10368,7743,6417,8989,7807,13908
"ENSG00000198938.2",26385,22581,16019,22489,19863,18759
"ENSG00000210164.1",114,84,96,141,79,118
"ENSG00000198840.2",1909,1453,1195,1824,1536,1802
"ENSG00000210174.1",54,57,28,89,44,41
"ENSG00000212907.2",4890,3941,3376,4123,3583,4758
"ENSG00000198886.2",49084,38933,30550,45500,41558,53887
"ENSG00000210176.1",54,61,67,89,60,90
"ENSG00000210184.1",69,44,58,57,39,66
"ENSG00000210191.1",104,98,57,102,54,65
"ENSG00000198786.2",20196,16534,16558,21251,16935,28405
"ENSG00000198695.2",2229,1778,1565,2399,1989,3841
"ENSG00000210194.1",18,13,10,5,21,25
"ENSG00000198727.2",11584,9561,7609,11480,10861,11992
"ENSG00000210195.2",30,37,24,15,22,46
"ENSG00000210196.2",662,607,466,602,549,580
